Aluminum 3004-O,"['Aluminum, Al', '95.5 - 98.2 %', '95.5 - 98.2 %', 'As remainder']","['Tensile Strength, Ultimate', '179 MPa', '26000 psi', 'AA; Typical']","['Tensile Strength, Yield', '68.9 MPa', '10000 psi', 'AA; Typical']","['Elongation at Break', '25 %@Temperature 25.0 °C', '25 %@Temperature 77.0 °F', '']"
Aluminum 3004-O,"['Copper, Cu', '<= 0.25 %', '<= 0.25 %', '']","['Tensile Strength, Ultimate', '179 MPa', '26000 psi', 'AA; Typical']","['Tensile Strength, Yield', '68.9 MPa', '10000 psi', 'AA; Typical']","['Elongation at Break', '25 %@Temperature 25.0 °C', '25 %@Temperature 77.0 °F', '']"
Aluminum 3004-O,"['Iron, Fe', '<= 0.70 %', '<= 0.70 %', '']","['Tensile Strength, Ultimate', '179 MPa', '26000 psi', 'AA; Typical']","['Tensile Strength, Yield', '68.9 MPa', '10000 psi', 'AA; Typical']","['Elongation at Break', '25 %@Temperature 25.0 °C', '25 %@Temperature 77.0 °F', '']"
Aluminum 3004-O,"['Magnesium, Mg', '0.80 - 1.3 %', '0.80 - 1.3 %', '']","['Tensile Strength, Ultimate', '179 MPa', '26000 psi', 'AA; Typical']","['Tensile Strength, Yield', '68.9 MPa', '10000 psi', 'AA; Typical']","['Elongation at Break', '25 %@Temperature 25.0 °C', '25 %@Temperature 77.0 °F', '']"
Aluminum 3004-O,"['Manganese, Mn', '1.0 - 1.5 %', '1.0 - 1.5 %', '']","['Tensile Strength, Ultimate', '179 MPa', '26000 psi', 'AA; Typical']","['Tensile Strength, Yield', '68.9 MPa', '10000 psi', 'AA; Typical']","['Elongation at Break', '25 %@Temperature 25.0 °C', '25 %@Temperature 77.0 °F', '']"
Aluminum 3004-O,"['Other, each', '<= 0.05 %', '<= 0.05 %', '']","['Tensile Strength, Ultimate', '179 MPa', '26000 psi', 'AA; Typical']","['Tensile Strength, Yield', '68.9 MPa', '10000 psi', 'AA; Typical']","['Elongation at Break', '25 %@Temperature 25.0 °C', '25 %@Temperature 77.0 °F', '']"
Aluminum 3004-O,"['Other, total', '<= 0.15 %', '<= 0.15 %', '']","['Tensile Strength, Ultimate', '179 MPa', '26000 psi', 'AA; Typical']","['Tensile Strength, Yield', '68.9 MPa', '10000 psi', 'AA; Typical']","['Elongation at Break', '25 %@Temperature 25.0 °C', '25 %@Temperature 77.0 °F', '']"
Aluminum 3004-O,"['Silicon, Si', '<= 0.30 %', '<= 0.30 %', '']","['Tensile Strength, Ultimate', '179 MPa', '26000 psi', 'AA; Typical']","['Tensile Strength, Yield', '68.9 MPa', '10000 psi', 'AA; Typical']","['Elongation at Break', '25 %@Temperature 25.0 °C', '25 %@Temperature 77.0 °F', '']"
Aluminum 3004-O,"['Zinc, Zn', '<= 0.25 %', '<= 0.25 %', '']","['Tensile Strength, Ultimate', '179 MPa', '26000 psi', 'AA; Typical']","['Tensile Strength, Yield', '68.9 MPa', '10000 psi', 'AA; Typical']","['Elongation at Break', '25 %@Temperature 25.0 °C', '25 %@Temperature 77.0 °F', '']"
Aluminum 3005-H14,"['Aluminum, Al', '95.7 - 98.8 %', '95.7 - 98.8 %', 'As remainder']","['Tensile Strength, Ultimate', '180 MPa', '26100 psi', '']","['Tensile Strength, Yield', '165 MPa', '23900 psi', '']","['Elongation at Break', '7.0 %', '7.0 %', 'In 5 cm; Sample 1.6 mm thick']"
Aluminum 3005-H14,"['Chromium, Cr', '<= 0.10 %', '<= 0.10 %', '']","['Tensile Strength, Ultimate', '180 MPa', '26100 psi', '']","['Tensile Strength, Yield', '165 MPa', '23900 psi', '']","['Elongation at Break', '7.0 %', '7.0 %', 'In 5 cm; Sample 1.6 mm thick']"
Aluminum 3005-H14,"['Copper, Cu', '<= 0.30 %', '<= 0.30 %', '']","['Tensile Strength, Ultimate', '180 MPa', '26100 psi', '']","['Tensile Strength, Yield', '165 MPa', '23900 psi', '']","['Elongation at Break', '7.0 %', '7.0 %', 'In 5 cm; Sample 1.6 mm thick']"
Aluminum 3005-H14,"['Iron, Fe', '<= 0.70 %', '<= 0.70 %', '']","['Tensile Strength, Ultimate', '180 MPa', '26100 psi', '']","['Tensile Strength, Yield', '165 MPa', '23900 psi', '']","['Elongation at Break', '7.0 %', '7.0 %', 'In 5 cm; Sample 1.6 mm thick']"
Aluminum 3005-H14,"['Magnesium, Mg', '0.20 - 0.60 %', '0.20 - 0.60 %', '']","['Tensile Strength, Ultimate', '180 MPa', '26100 psi', '']","['Tensile Strength, Yield', '165 MPa', '23900 psi', '']","['Elongation at Break', '7.0 %', '7.0 %', 'In 5 cm; Sample 1.6 mm thick']"
Aluminum 3005-H14,"['Manganese, Mn', '1.0 - 1.5 %', '1.0 - 1.5 %', '']","['Tensile Strength, Ultimate', '180 MPa', '26100 psi', '']","['Tensile Strength, Yield', '165 MPa', '23900 psi', '']","['Elongation at Break', '7.0 %', '7.0 %', 'In 5 cm; Sample 1.6 mm thick']"
Aluminum 3005-H14,"['Other, each', '<= 0.05 %', '<= 0.05 %', '']","['Tensile Strength, Ultimate', '180 MPa', '26100 psi', '']","['Tensile Strength, Yield', '165 MPa', '23900 psi', '']","['Elongation at Break', '7.0 %', '7.0 %', 'In 5 cm; Sample 1.6 mm thick']"
Aluminum 3005-H14,"['Other, total', '<= 0.15 %', '<= 0.15 %', '']","['Tensile Strength, Ultimate', '180 MPa', '26100 psi', '']","['Tensile Strength, Yield', '165 MPa', '23900 psi', '']","['Elongation at Break', '7.0 %', '7.0 %', 'In 5 cm; Sample 1.6 mm thick']"
Aluminum 3005-H14,"['Silicon, Si', '<= 0.60 %', '<= 0.60 %', '']","['Tensile Strength, Ultimate', '180 MPa', '26100 psi', '']","['Tensile Strength, Yield', '165 MPa', '23900 psi', '']","['Elongation at Break', '7.0 %', '7.0 %', 'In 5 cm; Sample 1.6 mm thick']"
Aluminum 3005-H14,"['Titanium, Ti', '<= 0.10 %', '<= 0.10 %', '']","['Tensile Strength, Ultimate', '180 MPa', '26100 psi', '']","['Tensile Strength, Yield', '165 MPa', '23900 psi', '']","['Elongation at Break', '7.0 %', '7.0 %', 'In 5 cm; Sample 1.6 mm thick']"
Aluminum 3005-H14,"['Zinc, Zn', '<= 0.25 %', '<= 0.25 %', '']","['Tensile Strength, Ultimate', '180 MPa', '26100 psi', '']","['Tensile Strength, Yield', '165 MPa', '23900 psi', '']","['Elongation at Break', '7.0 %', '7.0 %', 'In 5 cm; Sample 1.6 mm thick']"
Aluminum 3005-H18,"['Aluminum, Al', '95.7 - 98.8 %', '95.7 - 98.8 %', 'As remainder']","['Tensile Strength, Ultimate', '240 MPa', '34800 psi', '']","['Tensile Strength, Yield', '225 MPa', '32600 psi', '']","['Elongation at Break', '4.0 %@Thickness 1.60 mm', '4.0 %@Thickness 0.0630 in', 'In 5 cm']"
Aluminum 3005-H18,"['Chromium, Cr', '<= 0.10 %', '<= 0.10 %', '']","['Tensile Strength, Ultimate', '240 MPa', '34800 psi', '']","['Tensile Strength, Yield', '225 MPa', '32600 psi', '']","['Elongation at Break', '4.0 %@Thickness 1.60 mm', '4.0 %@Thickness 0.0630 in', 'In 5 cm']"
Aluminum 3005-H18,"['Copper, Cu', '<= 0.30 %', '<= 0.30 %', '']","['Tensile Strength, Ultimate', '240 MPa', '34800 psi', '']","['Tensile Strength, Yield', '225 MPa', '32600 psi', '']","['Elongation at Break', '4.0 %@Thickness 1.60 mm', '4.0 %@Thickness 0.0630 in', 'In 5 cm']"
Aluminum 3005-H18,"['Iron, Fe', '<= 0.70 %', '<= 0.70 %', '']","['Tensile Strength, Ultimate', '240 MPa', '34800 psi', '']","['Tensile Strength, Yield', '225 MPa', '32600 psi', '']","['Elongation at Break', '4.0 %@Thickness 1.60 mm', '4.0 %@Thickness 0.0630 in', 'In 5 cm']"
Aluminum 3005-H18,"['Magnesium, Mg', '0.20 - 0.60 %', '0.20 - 0.60 %', '']","['Tensile Strength, Ultimate', '240 MPa', '34800 psi', '']","['Tensile Strength, Yield', '225 MPa', '32600 psi', '']","['Elongation at Break', '4.0 %@Thickness 1.60 mm', '4.0 %@Thickness 0.0630 in', 'In 5 cm']"
Aluminum 3005-H18,"['Manganese, Mn', '1.0 - 1.5 %', '1.0 - 1.5 %', '']","['Tensile Strength, Ultimate', '240 MPa', '34800 psi', '']","['Tensile Strength, Yield', '225 MPa', '32600 psi', '']","['Elongation at Break', '4.0 %@Thickness 1.60 mm', '4.0 %@Thickness 0.0630 in', 'In 5 cm']"
Aluminum 3005-H18,"['Other, each', '<= 0.05 %', '<= 0.05 %', '']","['Tensile Strength, Ultimate', '240 MPa', '34800 psi', '']","['Tensile Strength, Yield', '225 MPa', '32600 psi', '']","['Elongation at Break', '4.0 %@Thickness 1.60 mm', '4.0 %@Thickness 0.0630 in', 'In 5 cm']"
Aluminum 3005-H18,"['Other, total', '<= 0.15 %', '<= 0.15 %', '']","['Tensile Strength, Ultimate', '240 MPa', '34800 psi', '']","['Tensile Strength, Yield', '225 MPa', '32600 psi', '']","['Elongation at Break', '4.0 %@Thickness 1.60 mm', '4.0 %@Thickness 0.0630 in', 'In 5 cm']"
Aluminum 3005-H18,"['Silicon, Si', '<= 0.60 %', '<= 0.60 %', '']","['Tensile Strength, Ultimate', '240 MPa', '34800 psi', '']","['Tensile Strength, Yield', '225 MPa', '32600 psi', '']","['Elongation at Break', '4.0 %@Thickness 1.60 mm', '4.0 %@Thickness 0.0630 in', 'In 5 cm']"
Aluminum 3005-H18,"['Titanium, Ti', '<= 0.10 %', '<= 0.10 %', '']","['Tensile Strength, Ultimate', '240 MPa', '34800 psi', '']","['Tensile Strength, Yield', '225 MPa', '32600 psi', '']","['Elongation at Break', '4.0 %@Thickness 1.60 mm', '4.0 %@Thickness 0.0630 in', 'In 5 cm']"
Aluminum 3005-H18,"['Zinc, Zn', '<= 0.25 %', '<= 0.25 %', '']","['Tensile Strength, Ultimate', '240 MPa', '34800 psi', '']","['Tensile Strength, Yield', '225 MPa', '32600 psi', '']","['Elongation at Break', '4.0 %@Thickness 1.60 mm', '4.0 %@Thickness 0.0630 in', 'In 5 cm']"
Aluminum 3005-O,"['Aluminum, Al', '95.7 - 98.8 %', '95.7 - 98.8 %', 'As remainder']","['Tensile Strength, Ultimate', '130 MPa', '18900 psi', '']","['Tensile Strength, Yield', '55.0 MPa', '7980 psi', '']","['Elongation at Break', '25 %@Thickness 1.60 mm', '25 %@Thickness 0.0630 in', 'In 5 cm']"
Aluminum 3005-O,"['Chromium, Cr', '<= 0.10 %', '<= 0.10 %', '']","['Tensile Strength, Ultimate', '130 MPa', '18900 psi', '']","['Tensile Strength, Yield', '55.0 MPa', '7980 psi', '']","['Elongation at Break', '25 %@Thickness 1.60 mm', '25 %@Thickness 0.0630 in', 'In 5 cm']"
Aluminum 3005-O,"['Copper, Cu', '<= 0.30 %', '<= 0.30 %', '']","['Tensile Strength, Ultimate', '130 MPa', '18900 psi', '']","['Tensile Strength, Yield', '55.0 MPa', '7980 psi', '']","['Elongation at Break', '25 %@Thickness 1.60 mm', '25 %@Thickness 0.0630 in', 'In 5 cm']"
Aluminum 3005-O,"['Iron, Fe', '<= 0.70 %', '<= 0.70 %', '']","['Tensile Strength, Ultimate', '130 MPa', '18900 psi', '']","['Tensile Strength, Yield', '55.0 MPa', '7980 psi', '']","['Elongation at Break', '25 %@Thickness 1.60 mm', '25 %@Thickness 0.0630 in', 'In 5 cm']"
Aluminum 3005-O,"['Magnesium, Mg', '0.20 - 0.60 %', '0.20 - 0.60 %', '']","['Tensile Strength, Ultimate', '130 MPa', '18900 psi', '']","['Tensile Strength, Yield', '55.0 MPa', '7980 psi', '']","['Elongation at Break', '25 %@Thickness 1.60 mm', '25 %@Thickness 0.0630 in', 'In 5 cm']"
Aluminum 3005-O,"['Manganese, Mn', '1.0 - 1.5 %', '1.0 - 1.5 %', '']","['Tensile Strength, Ultimate', '130 MPa', '18900 psi', '']","['Tensile Strength, Yield', '55.0 MPa', '7980 psi', '']","['Elongation at Break', '25 %@Thickness 1.60 mm', '25 %@Thickness 0.0630 in', 'In 5 cm']"
Aluminum 3005-O,"['Other, each', '<= 0.05 %', '<= 0.05 %', '']","['Tensile Strength, Ultimate', '130 MPa', '18900 psi', '']","['Tensile Strength, Yield', '55.0 MPa', '7980 psi', '']","['Elongation at Break', '25 %@Thickness 1.60 mm', '25 %@Thickness 0.0630 in', 'In 5 cm']"
Aluminum 3005-O,"['Other, total', '<= 0.15 %', '<= 0.15 %', '']","['Tensile Strength, Ultimate', '130 MPa', '18900 psi', '']","['Tensile Strength, Yield', '55.0 MPa', '7980 psi', '']","['Elongation at Break', '25 %@Thickness 1.60 mm', '25 %@Thickness 0.0630 in', 'In 5 cm']"
Aluminum 3005-O,"['Silicon, Si', '<= 0.60 %', '<= 0.60 %', '']","['Tensile Strength, Ultimate', '130 MPa', '18900 psi', '']","['Tensile Strength, Yield', '55.0 MPa', '7980 psi', '']","['Elongation at Break', '25 %@Thickness 1.60 mm', '25 %@Thickness 0.0630 in', 'In 5 cm']"
Aluminum 3005-O,"['Titanium, Ti', '<= 0.10 %', '<= 0.10 %', '']","['Tensile Strength, Ultimate', '130 MPa', '18900 psi', '']","['Tensile Strength, Yield', '55.0 MPa', '7980 psi', '']","['Elongation at Break', '25 %@Thickness 1.60 mm', '25 %@Thickness 0.0630 in', 'In 5 cm']"
Aluminum 3005-O,"['Zinc, Zn', '<= 0.25 %', '<= 0.25 %', '']","['Tensile Strength, Ultimate', '130 MPa', '18900 psi', '']","['Tensile Strength, Yield', '55.0 MPa', '7980 psi', '']","['Elongation at Break', '25 %@Thickness 1.60 mm', '25 %@Thickness 0.0630 in', 'In 5 cm']"
3013-O Aluminum,"['Aluminum, Al', '94.7 - 98.4 %', '94.7 - 98.4 %', 'As remainder']","['Tensile Strength, Ultimate', '105 MPa', '15200 psi', '']","['Tensile Strength, Yield', '45.0 MPa', '6530 psi', '0.2% offset']","['Elongation at Break', '29 %', '29 %', '']"
3013-O Aluminum,"['Copper, Cu', '<= 0.50 %', '<= 0.50 %', '']","['Tensile Strength, Ultimate', '105 MPa', '15200 psi', '']","['Tensile Strength, Yield', '45.0 MPa', '6530 psi', '0.2% offset']","['Elongation at Break', '29 %', '29 %', '']"
3013-O Aluminum,"['Iron, Fe', '<= 1.0 %', '<= 1.0 %', '']","['Tensile Strength, Ultimate', '105 MPa', '15200 psi', '']","['Tensile Strength, Yield', '45.0 MPa', '6530 psi', '0.2% offset']","['Elongation at Break', '29 %', '29 %', '']"
3013-O Aluminum,"['Magnesium, Mg', '0.20 - 0.60 %', '0.20 - 0.60 %', '']","['Tensile Strength, Ultimate', '105 MPa', '15200 psi', '']","['Tensile Strength, Yield', '45.0 MPa', '6530 psi', '0.2% offset']","['Elongation at Break', '29 %', '29 %', '']"
3013-O Aluminum,"['Manganese, Mn', '0.90 - 1.4 %', '0.90 - 1.4 %', '']","['Tensile Strength, Ultimate', '105 MPa', '15200 psi', '']","['Tensile Strength, Yield', '45.0 MPa', '6530 psi', '0.2% offset']","['Elongation at Break', '29 %', '29 %', '']"
3013-O Aluminum,"['Other, each', '<= 0.05 %', '<= 0.05 %', '']","['Tensile Strength, Ultimate', '105 MPa', '15200 psi', '']","['Tensile Strength, Yield', '45.0 MPa', '6530 psi', '0.2% offset']","['Elongation at Break', '29 %', '29 %', '']"
3013-O Aluminum,"['Other, total', '<= 0.15 %', '<= 0.15 %', '']","['Tensile Strength, Ultimate', '105 MPa', '15200 psi', '']","['Tensile Strength, Yield', '45.0 MPa', '6530 psi', '0.2% offset']","['Elongation at Break', '29 %', '29 %', '']"
3013-O Aluminum,"['Silicon, Si', '<= 0.60 %', '<= 0.60 %', '']","['Tensile Strength, Ultimate', '105 MPa', '15200 psi', '']","['Tensile Strength, Yield', '45.0 MPa', '6530 psi', '0.2% offset']","['Elongation at Break', '29 %', '29 %', '']"
3013-O Aluminum,"['Zinc, Zn', '0.50 - 1.0 %', '0.50 - 1.0 %', '']","['Tensile Strength, Ultimate', '105 MPa', '15200 psi', '']","['Tensile Strength, Yield', '45.0 MPa', '6530 psi', '0.2% offset']","['Elongation at Break', '29 %', '29 %', '']"
3013-H14 Aluminum,"['Aluminum, Al', '94.7 - 98.4 %', '94.7 - 98.4 %', 'As remainder']","['Tensile Strength, Ultimate', '155 MPa', '22500 psi', '']","['Tensile Strength, Yield', '140 MPa', '20300 psi', '0.2% offset']","['Elongation at Break', '9.0 %', '9.0 %', '']"
3013-H14 Aluminum,"['Copper, Cu', '<= 0.50 %', '<= 0.50 %', '']","['Tensile Strength, Ultimate', '155 MPa', '22500 psi', '']","['Tensile Strength, Yield', '140 MPa', '20300 psi', '0.2% offset']","['Elongation at Break', '9.0 %', '9.0 %', '']"
3013-H14 Aluminum,"['Iron, Fe', '<= 1.0 %', '<= 1.0 %', '']","['Tensile Strength, Ultimate', '155 MPa', '22500 psi', '']","['Tensile Strength, Yield', '140 MPa', '20300 psi', '0.2% offset']","['Elongation at Break', '9.0 %', '9.0 %', '']"
3013-H14 Aluminum,"['Magnesium, Mg', '0.20 - 0.60 %', '0.20 - 0.60 %', '']","['Tensile Strength, Ultimate', '155 MPa', '22500 psi', '']","['Tensile Strength, Yield', '140 MPa', '20300 psi', '0.2% offset']","['Elongation at Break', '9.0 %', '9.0 %', '']"
3013-H14 Aluminum,"['Manganese, Mn', '0.90 - 1.4 %', '0.90 - 1.4 %', '']","['Tensile Strength, Ultimate', '155 MPa', '22500 psi', '']","['Tensile Strength, Yield', '140 MPa', '20300 psi', '0.2% offset']","['Elongation at Break', '9.0 %', '9.0 %', '']"
3013-H14 Aluminum,"['Other, each', '<= 0.050 %', '<= 0.050 %', '']","['Tensile Strength, Ultimate', '155 MPa', '22500 psi', '']","['Tensile Strength, Yield', '140 MPa', '20300 psi', '0.2% offset']","['Elongation at Break', '9.0 %', '9.0 %', '']"
3013-H14 Aluminum,"['Other, total', '<= 0.15 %', '<= 0.15 %', '']","['Tensile Strength, Ultimate', '155 MPa', '22500 psi', '']","['Tensile Strength, Yield', '140 MPa', '20300 psi', '0.2% offset']","['Elongation at Break', '9.0 %', '9.0 %', '']"
3013-H14 Aluminum,"['Silicon, Si', '<= 0.60 %', '<= 0.60 %', '']","['Tensile Strength, Ultimate', '155 MPa', '22500 psi', '']","['Tensile Strength, Yield', '140 MPa', '20300 psi', '0.2% offset']","['Elongation at Break', '9.0 %', '9.0 %', '']"
3013-H14 Aluminum,"['Zinc, Zn', '0.50 - 1.0 %', '0.50 - 1.0 %', '']","['Tensile Strength, Ultimate', '155 MPa', '22500 psi', '']","['Tensile Strength, Yield', '140 MPa', '20300 psi', '0.2% offset']","['Elongation at Break', '9.0 %', '9.0 %', '']"
Aluminum 3102-H112,"['Aluminum, Al', '<= 97.8 %', '<= 97.8 %', 'As remainder']","['Tensile Strength, Ultimate', '100 MPa', '14500 psi', '']","['Tensile Strength, Yield', '35.0 MPa', '5080 psi', '']","['Elongation at Break', '29 %', '29 %', '']"
Aluminum 3102-H112,"['Copper, Cu', '<= 0.10 %', '<= 0.10 %', '']","['Tensile Strength, Ultimate', '100 MPa', '14500 psi', '']","['Tensile Strength, Yield', '35.0 MPa', '5080 psi', '']","['Elongation at Break', '29 %', '29 %', '']"
Aluminum 3102-H112,"['Iron, Fe', '<= 0.70 %', '<= 0.70 %', '']","['Tensile Strength, Ultimate', '100 MPa', '14500 psi', '']","['Tensile Strength, Yield', '35.0 MPa', '5080 psi', '']","['Elongation at Break', '29 %', '29 %', '']"
Aluminum 3102-H112,"['Manganese, Mn', '0.05 - 0.40 %', '0.05 - 0.40 %', '']","['Tensile Strength, Ultimate', '100 MPa', '14500 psi', '']","['Tensile Strength, Yield', '35.0 MPa', '5080 psi', '']","['Elongation at Break', '29 %', '29 %', '']"
Aluminum 3102-H112,"['Other, each', '<= 0.05 %', '<= 0.05 %', '']","['Tensile Strength, Ultimate', '100 MPa', '14500 psi', '']","['Tensile Strength, Yield', '35.0 MPa', '5080 psi', '']","['Elongation at Break', '29 %', '29 %', '']"
Aluminum 3102-H112,"['Other, total', '<= 0.15 %', '<= 0.15 %', '']","['Tensile Strength, Ultimate', '100 MPa', '14500 psi', '']","['Tensile Strength, Yield', '35.0 MPa', '5080 psi', '']","['Elongation at Break', '29 %', '29 %', '']"
Aluminum 3102-H112,"['Silicon, Si', '<= 0.40 %', '<= 0.40 %', '']","['Tensile Strength, Ultimate', '100 MPa', '14500 psi', '']","['Tensile Strength, Yield', '35.0 MPa', '5080 psi', '']","['Elongation at Break', '29 %', '29 %', '']"
Aluminum 3102-H112,"['Titanium, Ti', '<= 0.10 %', '<= 0.10 %', '']","['Tensile Strength, Ultimate', '100 MPa', '14500 psi', '']","['Tensile Strength, Yield', '35.0 MPa', '5080 psi', '']","['Elongation at Break', '29 %', '29 %', '']"
Aluminum 3102-H112,"['Zinc, Zn', '<= 0.30 %', '<= 0.30 %', '']","['Tensile Strength, Ultimate', '100 MPa', '14500 psi', '']","['Tensile Strength, Yield', '35.0 MPa', '5080 psi', '']","['Elongation at Break', '29 %', '29 %', '']"
Aluminum 3102-O,"['Aluminum, Al', '<= 97.8 %', '<= 97.8 %', 'As remainder']","['Tensile Strength, Ultimate', '92.0 MPa', '13300 psi', '']","['Tensile Strength, Yield', '29.0 MPa', '4210 psi', '']","['Elongation at Break', '23 %', '23 %', '']"
Aluminum 3102-O,"['Copper, Cu', '<= 0.10 %', '<= 0.10 %', '']","['Tensile Strength, Ultimate', '92.0 MPa', '13300 psi', '']","['Tensile Strength, Yield', '29.0 MPa', '4210 psi', '']","['Elongation at Break', '23 %', '23 %', '']"
Aluminum 3102-O,"['Iron, Fe', '<= 0.70 %', '<= 0.70 %', '']","['Tensile Strength, Ultimate', '92.0 MPa', '13300 psi', '']","['Tensile Strength, Yield', '29.0 MPa', '4210 psi', '']","['Elongation at Break', '23 %', '23 %', '']"
Aluminum 3102-O,"['Manganese, Mn', '0.05 - 0.40 %', '0.05 - 0.40 %', '']","['Tensile Strength, Ultimate', '92.0 MPa', '13300 psi', '']","['Tensile Strength, Yield', '29.0 MPa', '4210 psi', '']","['Elongation at Break', '23 %', '23 %', '']"
Aluminum 3102-O,"['Other, each', '<= 0.05 %', '<= 0.05 %', '']","['Tensile Strength, Ultimate', '92.0 MPa', '13300 psi', '']","['Tensile Strength, Yield', '29.0 MPa', '4210 psi', '']","['Elongation at Break', '23 %', '23 %', '']"
Aluminum 3102-O,"['Other, total', '<= 0.15 %', '<= 0.15 %', '']","['Tensile Strength, Ultimate', '92.0 MPa', '13300 psi', '']","['Tensile Strength, Yield', '29.0 MPa', '4210 psi', '']","['Elongation at Break', '23 %', '23 %', '']"
Aluminum 3102-O,"['Silicon, Si', '<= 0.40 %', '<= 0.40 %', '']","['Tensile Strength, Ultimate', '92.0 MPa', '13300 psi', '']","['Tensile Strength, Yield', '29.0 MPa', '4210 psi', '']","['Elongation at Break', '23 %', '23 %', '']"
Aluminum 3102-O,"['Titanium, Ti', '<= 0.10 %', '<= 0.10 %', '']","['Tensile Strength, Ultimate', '92.0 MPa', '13300 psi', '']","['Tensile Strength, Yield', '29.0 MPa', '4210 psi', '']","['Elongation at Break', '23 %', '23 %', '']"
Aluminum 3102-O,"['Zinc, Zn', '<= 0.30 %', '<= 0.30 %', '']","['Tensile Strength, Ultimate', '92.0 MPa', '13300 psi', '']","['Tensile Strength, Yield', '29.0 MPa', '4210 psi', '']","['Elongation at Break', '23 %', '23 %', '']"
Aluminum 3104-H19,"['Aluminum, Al', '95 - 98.4 %', '95 - 98.4 %', 'As remainder']","['Tensile Strength, Ultimate', '290 MPa', '42100 psi', '']","['Tensile Strength, Yield', '260 MPa', '37700 psi', '']","['Elongation at Break', '4.0 %@Thickness 1.60 mm', '4.0 %@Thickness 0.0630 in', 'In 5 cm']"
Aluminum 3104-H19,"['Copper, Cu', '0.05 - 0.25 %', '0.05 - 0.25 %', '']","['Tensile Strength, Ultimate', '290 MPa', '42100 psi', '']","['Tensile Strength, Yield', '260 MPa', '37700 psi', '']","['Elongation at Break', '4.0 %@Thickness 1.60 mm', '4.0 %@Thickness 0.0630 in', 'In 5 cm']"
Aluminum 3104-H19,"['Gallium, Ga', '<= 0.05 %', '<= 0.05 %', '']","['Tensile Strength, Ultimate', '290 MPa', '42100 psi', '']","['Tensile Strength, Yield', '260 MPa', '37700 psi', '']","['Elongation at Break', '4.0 %@Thickness 1.60 mm', '4.0 %@Thickness 0.0630 in', 'In 5 cm']"
Aluminum 3104-H19,"['Iron, Fe', '<= 0.80 %', '<= 0.80 %', '']","['Tensile Strength, Ultimate', '290 MPa', '42100 psi', '']","['Tensile Strength, Yield', '260 MPa', '37700 psi', '']","['Elongation at Break', '4.0 %@Thickness 1.60 mm', '4.0 %@Thickness 0.0630 in', 'In 5 cm']"
Aluminum 3104-H19,"['Magnesium, Mg', '0.80 - 1.3 %', '0.80 - 1.3 %', '']","['Tensile Strength, Ultimate', '290 MPa', '42100 psi', '']","['Tensile Strength, Yield', '260 MPa', '37700 psi', '']","['Elongation at Break', '4.0 %@Thickness 1.60 mm', '4.0 %@Thickness 0.0630 in', 'In 5 cm']"
Aluminum 3104-H19,"['Manganese, Mn', '0.80 - 1.4 %', '0.80 - 1.4 %', '']","['Tensile Strength, Ultimate', '290 MPa', '42100 psi', '']","['Tensile Strength, Yield', '260 MPa', '37700 psi', '']","['Elongation at Break', '4.0 %@Thickness 1.60 mm', '4.0 %@Thickness 0.0630 in', 'In 5 cm']"
Aluminum 3104-H19,"['Other, each', '<= 0.05 %', '<= 0.05 %', '']","['Tensile Strength, Ultimate', '290 MPa', '42100 psi', '']","['Tensile Strength, Yield', '260 MPa', '37700 psi', '']","['Elongation at Break', '4.0 %@Thickness 1.60 mm', '4.0 %@Thickness 0.0630 in', 'In 5 cm']"
Aluminum 3104-H19,"['Other, total', '<= 0.15 %', '<= 0.15 %', '']","['Tensile Strength, Ultimate', '290 MPa', '42100 psi', '']","['Tensile Strength, Yield', '260 MPa', '37700 psi', '']","['Elongation at Break', '4.0 %@Thickness 1.60 mm', '4.0 %@Thickness 0.0630 in', 'In 5 cm']"
Aluminum 3104-H19,"['Silicon, Si', '<= 0.60 %', '<= 0.60 %', '']","['Tensile Strength, Ultimate', '290 MPa', '42100 psi', '']","['Tensile Strength, Yield', '260 MPa', '37700 psi', '']","['Elongation at Break', '4.0 %@Thickness 1.60 mm', '4.0 %@Thickness 0.0630 in', 'In 5 cm']"
Aluminum 3104-H19,"['Titanium, Ti', '<= 0.10 %', '<= 0.10 %', '']","['Tensile Strength, Ultimate', '290 MPa', '42100 psi', '']","['Tensile Strength, Yield', '260 MPa', '37700 psi', '']","['Elongation at Break', '4.0 %@Thickness 1.60 mm', '4.0 %@Thickness 0.0630 in', 'In 5 cm']"
Aluminum 3104-H19,"['Vanadium, V', '<= 0.05 %', '<= 0.05 %', '']","['Tensile Strength, Ultimate', '290 MPa', '42100 psi', '']","['Tensile Strength, Yield', '260 MPa', '37700 psi', '']","['Elongation at Break', '4.0 %@Thickness 1.60 mm', '4.0 %@Thickness 0.0630 in', 'In 5 cm']"
Aluminum 3104-H19,"['Zinc, Zn', '<= 0.25 %', '<= 0.25 %', '']","['Tensile Strength, Ultimate', '290 MPa', '42100 psi', '']","['Tensile Strength, Yield', '260 MPa', '37700 psi', '']","['Elongation at Break', '4.0 %@Thickness 1.60 mm', '4.0 %@Thickness 0.0630 in', 'In 5 cm']"
Aluminum 3105-H12,"['Aluminum, Al', '<= 95.9 %', '<= 95.9 %', 'As remainder']","['Tensile Strength, Ultimate', '152 MPa', '22000 psi', 'AA; Typical']","['Tensile Strength, Yield', '131 MPa', '19000 psi', 'AA; Typical']","['Elongation at Break', '7.0 %@Thickness 1.59 mm', '7.0 %@Thickness 0.0625 in', 'AA; Typical']"
Aluminum 3105-H12,"['Chromium, Cr', '<= 0.20 %', '<= 0.20 %', '']","['Tensile Strength, Ultimate', '152 MPa', '22000 psi', 'AA; Typical']","['Tensile Strength, Yield', '131 MPa', '19000 psi', 'AA; Typical']","['Elongation at Break', '7.0 %@Thickness 1.59 mm', '7.0 %@Thickness 0.0625 in', 'AA; Typical']"
Aluminum 3105-H12,"['Copper, Cu', '<= 0.30 %', '<= 0.30 %', '']","['Tensile Strength, Ultimate', '152 MPa', '22000 psi', 'AA; Typical']","['Tensile Strength, Yield', '131 MPa', '19000 psi', 'AA; Typical']","['Elongation at Break', '7.0 %@Thickness 1.59 mm', '7.0 %@Thickness 0.0625 in', 'AA; Typical']"
Aluminum 3105-H12,"['Iron, Fe', '<= 0.70 %', '<= 0.70 %', '']","['Tensile Strength, Ultimate', '152 MPa', '22000 psi', 'AA; Typical']","['Tensile Strength, Yield', '131 MPa', '19000 psi', 'AA; Typical']","['Elongation at Break', '7.0 %@Thickness 1.59 mm', '7.0 %@Thickness 0.0625 in', 'AA; Typical']"
Aluminum 3105-H12,"['Magnesium, Mg', '0.20 - 0.80 %', '0.20 - 0.80 %', '']","['Tensile Strength, Ultimate', '152 MPa', '22000 psi', 'AA; Typical']","['Tensile Strength, Yield', '131 MPa', '19000 psi', 'AA; Typical']","['Elongation at Break', '7.0 %@Thickness 1.59 mm', '7.0 %@Thickness 0.0625 in', 'AA; Typical']"
Aluminum 3105-H12,"['Manganese, Mn', '0.30 - 0.80 %', '0.30 - 0.80 %', '']","['Tensile Strength, Ultimate', '152 MPa', '22000 psi', 'AA; Typical']","['Tensile Strength, Yield', '131 MPa', '19000 psi', 'AA; Typical']","['Elongation at Break', '7.0 %@Thickness 1.59 mm', '7.0 %@Thickness 0.0625 in', 'AA; Typical']"
Aluminum 3105-H12,"['Other, each', '<= 0.05 %', '<= 0.05 %', '']","['Tensile Strength, Ultimate', '152 MPa', '22000 psi', 'AA; Typical']","['Tensile Strength, Yield', '131 MPa', '19000 psi', 'AA; Typical']","['Elongation at Break', '7.0 %@Thickness 1.59 mm', '7.0 %@Thickness 0.0625 in', 'AA; Typical']"
Aluminum 3105-H12,"['Other, total', '<= 0.15 %', '<= 0.15 %', '']","['Tensile Strength, Ultimate', '152 MPa', '22000 psi', 'AA; Typical']","['Tensile Strength, Yield', '131 MPa', '19000 psi', 'AA; Typical']","['Elongation at Break', '7.0 %@Thickness 1.59 mm', '7.0 %@Thickness 0.0625 in', 'AA; Typical']"
Aluminum 3105-H12,"['Silicon, Si', '<= 0.60 %', '<= 0.60 %', '']","['Tensile Strength, Ultimate', '152 MPa', '22000 psi', 'AA; Typical']","['Tensile Strength, Yield', '131 MPa', '19000 psi', 'AA; Typical']","['Elongation at Break', '7.0 %@Thickness 1.59 mm', '7.0 %@Thickness 0.0625 in', 'AA; Typical']"
Aluminum 3105-H12,"['Titanium, Ti', '<= 0.10 %', '<= 0.10 %', '']","['Tensile Strength, Ultimate', '152 MPa', '22000 psi', 'AA; Typical']","['Tensile Strength, Yield', '131 MPa', '19000 psi', 'AA; Typical']","['Elongation at Break', '7.0 %@Thickness 1.59 mm', '7.0 %@Thickness 0.0625 in', 'AA; Typical']"
Aluminum 3105-H12,"['Zinc, Zn', '<= 0.40 %', '<= 0.40 %', '']","['Tensile Strength, Ultimate', '152 MPa', '22000 psi', 'AA; Typical']","['Tensile Strength, Yield', '131 MPa', '19000 psi', 'AA; Typical']","['Elongation at Break', '7.0 %@Thickness 1.59 mm', '7.0 %@Thickness 0.0625 in', 'AA; Typical']"
Aluminum 3105-H14,"['Aluminum, Al', '<= 95.9 %', '<= 95.9 %', 'As remainder']","['Tensile Strength, Ultimate', '172 MPa', '25000 psi', 'AA; Typical']","['Tensile Strength, Yield', '152 MPa', '22000 psi', 'AA; Typical']","['Elongation at Break', '5.0 %@Thickness 1.59 mm', '5.0 %@Thickness 0.0625 in', 'AA; Typical']"
Aluminum 3105-H14,"['Chromium, Cr', '<= 0.20 %', '<= 0.20 %', '']","['Tensile Strength, Ultimate', '172 MPa', '25000 psi', 'AA; Typical']","['Tensile Strength, Yield', '152 MPa', '22000 psi', 'AA; Typical']","['Elongation at Break', '5.0 %@Thickness 1.59 mm', '5.0 %@Thickness 0.0625 in', 'AA; Typical']"
Aluminum 3105-H14,"['Copper, Cu', '<= 0.30 %', '<= 0.30 %', '']","['Tensile Strength, Ultimate', '172 MPa', '25000 psi', 'AA; Typical']","['Tensile Strength, Yield', '152 MPa', '22000 psi', 'AA; Typical']","['Elongation at Break', '5.0 %@Thickness 1.59 mm', '5.0 %@Thickness 0.0625 in', 'AA; Typical']"
Aluminum 3105-H14,"['Iron, Fe', '<= 0.70 %', '<= 0.70 %', '']","['Tensile Strength, Ultimate', '172 MPa', '25000 psi', 'AA; Typical']","['Tensile Strength, Yield', '152 MPa', '22000 psi', 'AA; Typical']","['Elongation at Break', '5.0 %@Thickness 1.59 mm', '5.0 %@Thickness 0.0625 in', 'AA; Typical']"
Aluminum 3105-H14,"['Magnesium, Mg', '0.20 - 0.80 %', '0.20 - 0.80 %', '']","['Tensile Strength, Ultimate', '172 MPa', '25000 psi', 'AA; Typical']","['Tensile Strength, Yield', '152 MPa', '22000 psi', 'AA; Typical']","['Elongation at Break', '5.0 %@Thickness 1.59 mm', '5.0 %@Thickness 0.0625 in', 'AA; Typical']"
Aluminum 3105-H14,"['Manganese, Mn', '0.30 - 0.80 %', '0.30 - 0.80 %', '']","['Tensile Strength, Ultimate', '172 MPa', '25000 psi', 'AA; Typical']","['Tensile Strength, Yield', '152 MPa', '22000 psi', 'AA; Typical']","['Elongation at Break', '5.0 %@Thickness 1.59 mm', '5.0 %@Thickness 0.0625 in', 'AA; Typical']"
Aluminum 3105-H14,"['Other, each', '<= 0.05 %', '<= 0.05 %', '']","['Tensile Strength, Ultimate', '172 MPa', '25000 psi', 'AA; Typical']","['Tensile Strength, Yield', '152 MPa', '22000 psi', 'AA; Typical']","['Elongation at Break', '5.0 %@Thickness 1.59 mm', '5.0 %@Thickness 0.0625 in', 'AA; Typical']"
Aluminum 3105-H14,"['Other, total', '<= 0.15 %', '<= 0.15 %', '']","['Tensile Strength, Ultimate', '172 MPa', '25000 psi', 'AA; Typical']","['Tensile Strength, Yield', '152 MPa', '22000 psi', 'AA; Typical']","['Elongation at Break', '5.0 %@Thickness 1.59 mm', '5.0 %@Thickness 0.0625 in', 'AA; Typical']"
Aluminum 3105-H14,"['Silicon, Si', '<= 0.60 %', '<= 0.60 %', '']","['Tensile Strength, Ultimate', '172 MPa', '25000 psi', 'AA; Typical']","['Tensile Strength, Yield', '152 MPa', '22000 psi', 'AA; Typical']","['Elongation at Break', '5.0 %@Thickness 1.59 mm', '5.0 %@Thickness 0.0625 in', 'AA; Typical']"
Aluminum 3105-H14,"['Titanium, Ti', '<= 0.10 %', '<= 0.10 %', '']","['Tensile Strength, Ultimate', '172 MPa', '25000 psi', 'AA; Typical']","['Tensile Strength, Yield', '152 MPa', '22000 psi', 'AA; Typical']","['Elongation at Break', '5.0 %@Thickness 1.59 mm', '5.0 %@Thickness 0.0625 in', 'AA; Typical']"
Aluminum 3105-H14,"['Zinc, Zn', '<= 0.40 %', '<= 0.40 %', '']","['Tensile Strength, Ultimate', '172 MPa', '25000 psi', 'AA; Typical']","['Tensile Strength, Yield', '152 MPa', '22000 psi', 'AA; Typical']","['Elongation at Break', '5.0 %@Thickness 1.59 mm', '5.0 %@Thickness 0.0625 in', 'AA; Typical']"
Aluminum 3105-H16,"['Aluminum, Al', '<= 95.9 %', '<= 95.9 %', 'As remainder']","['Tensile Strength, Ultimate', '193 MPa', '28000 psi', 'AA; Typical']","['Tensile Strength, Yield', '172 MPa', '25000 psi', 'AA; Typical']","['Elongation at Break', '4.0 %@Thickness 1.59 mm', '4.0 %@Thickness 0.0625 in', 'AA; Typical']"
Aluminum 3105-H16,"['Chromium, Cr', '<= 0.20 %', '<= 0.20 %', '']","['Tensile Strength, Ultimate', '193 MPa', '28000 psi', 'AA; Typical']","['Tensile Strength, Yield', '172 MPa', '25000 psi', 'AA; Typical']","['Elongation at Break', '4.0 %@Thickness 1.59 mm', '4.0 %@Thickness 0.0625 in', 'AA; Typical']"
Aluminum 3105-H16,"['Copper, Cu', '<= 0.30 %', '<= 0.30 %', '']","['Tensile Strength, Ultimate', '193 MPa', '28000 psi', 'AA; Typical']","['Tensile Strength, Yield', '172 MPa', '25000 psi', 'AA; Typical']","['Elongation at Break', '4.0 %@Thickness 1.59 mm', '4.0 %@Thickness 0.0625 in', 'AA; Typical']"
Aluminum 3105-H16,"['Iron, Fe', '<= 0.70 %', '<= 0.70 %', '']","['Tensile Strength, Ultimate', '193 MPa', '28000 psi', 'AA; Typical']","['Tensile Strength, Yield', '172 MPa', '25000 psi', 'AA; Typical']","['Elongation at Break', '4.0 %@Thickness 1.59 mm', '4.0 %@Thickness 0.0625 in', 'AA; Typical']"
Aluminum 3105-H16,"['Magnesium, Mg', '0.20 - 0.80 %', '0.20 - 0.80 %', '']","['Tensile Strength, Ultimate', '193 MPa', '28000 psi', 'AA; Typical']","['Tensile Strength, Yield', '172 MPa', '25000 psi', 'AA; Typical']","['Elongation at Break', '4.0 %@Thickness 1.59 mm', '4.0 %@Thickness 0.0625 in', 'AA; Typical']"
Aluminum 3105-H16,"['Manganese, Mn', '0.30 - 0.80 %', '0.30 - 0.80 %', '']","['Tensile Strength, Ultimate', '193 MPa', '28000 psi', 'AA; Typical']","['Tensile Strength, Yield', '172 MPa', '25000 psi', 'AA; Typical']","['Elongation at Break', '4.0 %@Thickness 1.59 mm', '4.0 %@Thickness 0.0625 in', 'AA; Typical']"
Aluminum 3105-H16,"['Other, each', '<= 0.05 %', '<= 0.05 %', '']","['Tensile Strength, Ultimate', '193 MPa', '28000 psi', 'AA; Typical']","['Tensile Strength, Yield', '172 MPa', '25000 psi', 'AA; Typical']","['Elongation at Break', '4.0 %@Thickness 1.59 mm', '4.0 %@Thickness 0.0625 in', 'AA; Typical']"
Aluminum 3105-H16,"['Other, total', '<= 0.15 %', '<= 0.15 %', '']","['Tensile Strength, Ultimate', '193 MPa', '28000 psi', 'AA; Typical']","['Tensile Strength, Yield', '172 MPa', '25000 psi', 'AA; Typical']","['Elongation at Break', '4.0 %@Thickness 1.59 mm', '4.0 %@Thickness 0.0625 in', 'AA; Typical']"
Aluminum 3105-H16,"['Silicon, Si', '<= 0.60 %', '<= 0.60 %', '']","['Tensile Strength, Ultimate', '193 MPa', '28000 psi', 'AA; Typical']","['Tensile Strength, Yield', '172 MPa', '25000 psi', 'AA; Typical']","['Elongation at Break', '4.0 %@Thickness 1.59 mm', '4.0 %@Thickness 0.0625 in', 'AA; Typical']"
Aluminum 3105-H16,"['Titanium, Ti', '<= 0.10 %', '<= 0.10 %', '']","['Tensile Strength, Ultimate', '193 MPa', '28000 psi', 'AA; Typical']","['Tensile Strength, Yield', '172 MPa', '25000 psi', 'AA; Typical']","['Elongation at Break', '4.0 %@Thickness 1.59 mm', '4.0 %@Thickness 0.0625 in', 'AA; Typical']"
Aluminum 3105-H16,"['Zinc, Zn', '<= 0.40 %', '<= 0.40 %', '']","['Tensile Strength, Ultimate', '193 MPa', '28000 psi', 'AA; Typical']","['Tensile Strength, Yield', '172 MPa', '25000 psi', 'AA; Typical']","['Elongation at Break', '4.0 %@Thickness 1.59 mm', '4.0 %@Thickness 0.0625 in', 'AA; Typical']"
Aluminum 3105-H18,"['Aluminum, Al', '<= 95.9 %', '<= 95.9 %', 'As remainder']","['Tensile Strength, Ultimate', '214 MPa', '31000 psi', 'AA; Typical']","['Tensile Strength, Yield', '193 MPa', '28000 psi', 'AA; Typical']","['Elongation at Break', '3.0 %@Thickness 1.59 mm', '3.0 %@Thickness 0.0625 in', 'AA; Typical']"
Aluminum 3105-H18,"['Chromium, Cr', '<= 0.20 %', '<= 0.20 %', '']","['Tensile Strength, Ultimate', '214 MPa', '31000 psi', 'AA; Typical']","['Tensile Strength, Yield', '193 MPa', '28000 psi', 'AA; Typical']","['Elongation at Break', '3.0 %@Thickness 1.59 mm', '3.0 %@Thickness 0.0625 in', 'AA; Typical']"
Aluminum 3105-H18,"['Copper, Cu', '<= 0.30 %', '<= 0.30 %', '']","['Tensile Strength, Ultimate', '214 MPa', '31000 psi', 'AA; Typical']","['Tensile Strength, Yield', '193 MPa', '28000 psi', 'AA; Typical']","['Elongation at Break', '3.0 %@Thickness 1.59 mm', '3.0 %@Thickness 0.0625 in', 'AA; Typical']"
Aluminum 3105-H18,"['Iron, Fe', '<= 0.70 %', '<= 0.70 %', '']","['Tensile Strength, Ultimate', '214 MPa', '31000 psi', 'AA; Typical']","['Tensile Strength, Yield', '193 MPa', '28000 psi', 'AA; Typical']","['Elongation at Break', '3.0 %@Thickness 1.59 mm', '3.0 %@Thickness 0.0625 in', 'AA; Typical']"
Aluminum 3105-H18,"['Magnesium, Mg', '0.20 - 0.80 %', '0.20 - 0.80 %', '']","['Tensile Strength, Ultimate', '214 MPa', '31000 psi', 'AA; Typical']","['Tensile Strength, Yield', '193 MPa', '28000 psi', 'AA; Typical']","['Elongation at Break', '3.0 %@Thickness 1.59 mm', '3.0 %@Thickness 0.0625 in', 'AA; Typical']"
Aluminum 3105-H18,"['Manganese, Mn', '0.30 - 0.80 %', '0.30 - 0.80 %', '']","['Tensile Strength, Ultimate', '214 MPa', '31000 psi', 'AA; Typical']","['Tensile Strength, Yield', '193 MPa', '28000 psi', 'AA; Typical']","['Elongation at Break', '3.0 %@Thickness 1.59 mm', '3.0 %@Thickness 0.0625 in', 'AA; Typical']"
Aluminum 3105-H18,"['Other, each', '<= 0.05 %', '<= 0.05 %', '']","['Tensile Strength, Ultimate', '214 MPa', '31000 psi', 'AA; Typical']","['Tensile Strength, Yield', '193 MPa', '28000 psi', 'AA; Typical']","['Elongation at Break', '3.0 %@Thickness 1.59 mm', '3.0 %@Thickness 0.0625 in', 'AA; Typical']"
Aluminum 3105-H18,"['Other, total', '<= 0.15 %', '<= 0.15 %', '']","['Tensile Strength, Ultimate', '214 MPa', '31000 psi', 'AA; Typical']","['Tensile Strength, Yield', '193 MPa', '28000 psi', 'AA; Typical']","['Elongation at Break', '3.0 %@Thickness 1.59 mm', '3.0 %@Thickness 0.0625 in', 'AA; Typical']"
Aluminum 3105-H18,"['Silicon, Si', '<= 0.60 %', '<= 0.60 %', '']","['Tensile Strength, Ultimate', '214 MPa', '31000 psi', 'AA; Typical']","['Tensile Strength, Yield', '193 MPa', '28000 psi', 'AA; Typical']","['Elongation at Break', '3.0 %@Thickness 1.59 mm', '3.0 %@Thickness 0.0625 in', 'AA; Typical']"
Aluminum 3105-H18,"['Titanium, Ti', '<= 0.10 %', '<= 0.10 %', '']","['Tensile Strength, Ultimate', '214 MPa', '31000 psi', 'AA; Typical']","['Tensile Strength, Yield', '193 MPa', '28000 psi', 'AA; Typical']","['Elongation at Break', '3.0 %@Thickness 1.59 mm', '3.0 %@Thickness 0.0625 in', 'AA; Typical']"
Aluminum 3105-H18,"['Zinc, Zn', '<= 0.40 %', '<= 0.40 %', '']","['Tensile Strength, Ultimate', '214 MPa', '31000 psi', 'AA; Typical']","['Tensile Strength, Yield', '193 MPa', '28000 psi', 'AA; Typical']","['Elongation at Break', '3.0 %@Thickness 1.59 mm', '3.0 %@Thickness 0.0625 in', 'AA; Typical']"
Aluminum 3105-H22,"['Aluminum, Al', '<= 95.9 %', '<= 95.9 %', 'As remainder']","['Tensile Strength, Ultimate', '165 MPa', '24000 psi', 'AA; Typical']","['Tensile Strength, Yield', '138 MPa', '20000 psi', 'AA; Typical']","['Elongation at Break', '11 %@Thickness 1.59 mm', '11 %@Thickness 0.0625 in', 'AA; Typical']"
Aluminum 3105-H22,"['Chromium, Cr', '<= 0.20 %', '<= 0.20 %', '']","['Tensile Strength, Ultimate', '165 MPa', '24000 psi', 'AA; Typical']","['Tensile Strength, Yield', '138 MPa', '20000 psi', 'AA; Typical']","['Elongation at Break', '11 %@Thickness 1.59 mm', '11 %@Thickness 0.0625 in', 'AA; Typical']"
Aluminum 3105-H22,"['Copper, Cu', '<= 0.30 %', '<= 0.30 %', '']","['Tensile Strength, Ultimate', '165 MPa', '24000 psi', 'AA; Typical']","['Tensile Strength, Yield', '138 MPa', '20000 psi', 'AA; Typical']","['Elongation at Break', '11 %@Thickness 1.59 mm', '11 %@Thickness 0.0625 in', 'AA; Typical']"
Aluminum 3105-H22,"['Iron, Fe', '<= 0.70 %', '<= 0.70 %', '']","['Tensile Strength, Ultimate', '165 MPa', '24000 psi', 'AA; Typical']","['Tensile Strength, Yield', '138 MPa', '20000 psi', 'AA; Typical']","['Elongation at Break', '11 %@Thickness 1.59 mm', '11 %@Thickness 0.0625 in', 'AA; Typical']"
Aluminum 3105-H22,"['Magnesium, Mg', '0.20 - 0.80 %', '0.20 - 0.80 %', '']","['Tensile Strength, Ultimate', '165 MPa', '24000 psi', 'AA; Typical']","['Tensile Strength, Yield', '138 MPa', '20000 psi', 'AA; Typical']","['Elongation at Break', '11 %@Thickness 1.59 mm', '11 %@Thickness 0.0625 in', 'AA; Typical']"
Aluminum 3105-H22,"['Manganese, Mn', '0.30 - 0.80 %', '0.30 - 0.80 %', '']","['Tensile Strength, Ultimate', '165 MPa', '24000 psi', 'AA; Typical']","['Tensile Strength, Yield', '138 MPa', '20000 psi', 'AA; Typical']","['Elongation at Break', '11 %@Thickness 1.59 mm', '11 %@Thickness 0.0625 in', 'AA; Typical']"
Aluminum 3105-H22,"['Other, each', '<= 0.05 %', '<= 0.05 %', '']","['Tensile Strength, Ultimate', '165 MPa', '24000 psi', 'AA; Typical']","['Tensile Strength, Yield', '138 MPa', '20000 psi', 'AA; Typical']","['Elongation at Break', '11 %@Thickness 1.59 mm', '11 %@Thickness 0.0625 in', 'AA; Typical']"
Aluminum 3105-H22,"['Other, total', '<= 0.15 %', '<= 0.15 %', '']","['Tensile Strength, Ultimate', '165 MPa', '24000 psi', 'AA; Typical']","['Tensile Strength, Yield', '138 MPa', '20000 psi', 'AA; Typical']","['Elongation at Break', '11 %@Thickness 1.59 mm', '11 %@Thickness 0.0625 in', 'AA; Typical']"
Aluminum 3105-H22,"['Silicon, Si', '<= 0.60 %', '<= 0.60 %', '']","['Tensile Strength, Ultimate', '165 MPa', '24000 psi', 'AA; Typical']","['Tensile Strength, Yield', '138 MPa', '20000 psi', 'AA; Typical']","['Elongation at Break', '11 %@Thickness 1.59 mm', '11 %@Thickness 0.0625 in', 'AA; Typical']"
Aluminum 3105-H22,"['Titanium, Ti', '<= 0.10 %', '<= 0.10 %', '']","['Tensile Strength, Ultimate', '165 MPa', '24000 psi', 'AA; Typical']","['Tensile Strength, Yield', '138 MPa', '20000 psi', 'AA; Typical']","['Elongation at Break', '11 %@Thickness 1.59 mm', '11 %@Thickness 0.0625 in', 'AA; Typical']"
Aluminum 3105-H22,"['Zinc, Zn', '<= 0.40 %', '<= 0.40 %', '']","['Tensile Strength, Ultimate', '165 MPa', '24000 psi', 'AA; Typical']","['Tensile Strength, Yield', '138 MPa', '20000 psi', 'AA; Typical']","['Elongation at Break', '11 %@Thickness 1.59 mm', '11 %@Thickness 0.0625 in', 'AA; Typical']"
Aluminum 3105-H24,"['Aluminum, Al', '<= 95.9 %', '<= 95.9 %', 'As remainder']","['Tensile Strength, Ultimate', '179 MPa', '26000 psi', 'AA; Typical']","['Tensile Strength, Yield', '152 MPa', '22000 psi', 'AA; Typical']","['Elongation at Break', '10 %@Thickness 1.59 mm', '10 %@Thickness 0.0625 in', 'AA; Typical']"
Aluminum 3105-H24,"['Chromium, Cr', '<= 0.20 %', '<= 0.20 %', '']","['Tensile Strength, Ultimate', '179 MPa', '26000 psi', 'AA; Typical']","['Tensile Strength, Yield', '152 MPa', '22000 psi', 'AA; Typical']","['Elongation at Break', '10 %@Thickness 1.59 mm', '10 %@Thickness 0.0625 in', 'AA; Typical']"
Aluminum 3105-H24,"['Copper, Cu', '<= 0.30 %', '<= 0.30 %', '']","['Tensile Strength, Ultimate', '179 MPa', '26000 psi', 'AA; Typical']","['Tensile Strength, Yield', '152 MPa', '22000 psi', 'AA; Typical']","['Elongation at Break', '10 %@Thickness 1.59 mm', '10 %@Thickness 0.0625 in', 'AA; Typical']"
Aluminum 3105-H24,"['Iron, Fe', '<= 0.70 %', '<= 0.70 %', '']","['Tensile Strength, Ultimate', '179 MPa', '26000 psi', 'AA; Typical']","['Tensile Strength, Yield', '152 MPa', '22000 psi', 'AA; Typical']","['Elongation at Break', '10 %@Thickness 1.59 mm', '10 %@Thickness 0.0625 in', 'AA; Typical']"
Aluminum 3105-H24,"['Magnesium, Mg', '0.20 - 0.80 %', '0.20 - 0.80 %', '']","['Tensile Strength, Ultimate', '179 MPa', '26000 psi', 'AA; Typical']","['Tensile Strength, Yield', '152 MPa', '22000 psi', 'AA; Typical']","['Elongation at Break', '10 %@Thickness 1.59 mm', '10 %@Thickness 0.0625 in', 'AA; Typical']"
Aluminum 3105-H24,"['Manganese, Mn', '0.30 - 0.80 %', '0.30 - 0.80 %', '']","['Tensile Strength, Ultimate', '179 MPa', '26000 psi', 'AA; Typical']","['Tensile Strength, Yield', '152 MPa', '22000 psi', 'AA; Typical']","['Elongation at Break', '10 %@Thickness 1.59 mm', '10 %@Thickness 0.0625 in', 'AA; Typical']"
Aluminum 3105-H24,"['Other, each', '<= 0.05 %', '<= 0.05 %', '']","['Tensile Strength, Ultimate', '179 MPa', '26000 psi', 'AA; Typical']","['Tensile Strength, Yield', '152 MPa', '22000 psi', 'AA; Typical']","['Elongation at Break', '10 %@Thickness 1.59 mm', '10 %@Thickness 0.0625 in', 'AA; Typical']"
Aluminum 3105-H24,"['Other, total', '<= 0.15 %', '<= 0.15 %', '']","['Tensile Strength, Ultimate', '179 MPa', '26000 psi', 'AA; Typical']","['Tensile Strength, Yield', '152 MPa', '22000 psi', 'AA; Typical']","['Elongation at Break', '10 %@Thickness 1.59 mm', '10 %@Thickness 0.0625 in', 'AA; Typical']"
Aluminum 3105-H24,"['Silicon, Si', '<= 0.60 %', '<= 0.60 %', '']","['Tensile Strength, Ultimate', '179 MPa', '26000 psi', 'AA; Typical']","['Tensile Strength, Yield', '152 MPa', '22000 psi', 'AA; Typical']","['Elongation at Break', '10 %@Thickness 1.59 mm', '10 %@Thickness 0.0625 in', 'AA; Typical']"
Aluminum 3105-H24,"['Titanium, Ti', '<= 0.10 %', '<= 0.10 %', '']","['Tensile Strength, Ultimate', '179 MPa', '26000 psi', 'AA; Typical']","['Tensile Strength, Yield', '152 MPa', '22000 psi', 'AA; Typical']","['Elongation at Break', '10 %@Thickness 1.59 mm', '10 %@Thickness 0.0625 in', 'AA; Typical']"
Aluminum 3105-H24,"['Zinc, Zn', '<= 0.40 %', '<= 0.40 %', '']","['Tensile Strength, Ultimate', '179 MPa', '26000 psi', 'AA; Typical']","['Tensile Strength, Yield', '152 MPa', '22000 psi', 'AA; Typical']","['Elongation at Break', '10 %@Thickness 1.59 mm', '10 %@Thickness 0.0625 in', 'AA; Typical']"
Aluminum 3105-H25,"['Aluminum, Al', '<= 95.9 %', '<= 95.9 %', 'As remainder']","['Tensile Strength, Ultimate', '179 MPa', '26000 psi', 'AA; Typical']","['Tensile Strength, Yield', '159 MPa', '23000 psi', 'AA; Typical']","['Elongation at Break', '8.0 %@Thickness 1.59 mm', '8.0 %@Thickness 0.0625 in', 'AA; Typical']"
Aluminum 3105-H25,"['Chromium, Cr', '<= 0.20 %', '<= 0.20 %', '']","['Tensile Strength, Ultimate', '179 MPa', '26000 psi', 'AA; Typical']","['Tensile Strength, Yield', '159 MPa', '23000 psi', 'AA; Typical']","['Elongation at Break', '8.0 %@Thickness 1.59 mm', '8.0 %@Thickness 0.0625 in', 'AA; Typical']"
Aluminum 3105-H25,"['Copper, Cu', '<= 0.30 %', '<= 0.30 %', '']","['Tensile Strength, Ultimate', '179 MPa', '26000 psi', 'AA; Typical']","['Tensile Strength, Yield', '159 MPa', '23000 psi', 'AA; Typical']","['Elongation at Break', '8.0 %@Thickness 1.59 mm', '8.0 %@Thickness 0.0625 in', 'AA; Typical']"
Aluminum 3105-H25,"['Iron, Fe', '<= 0.70 %', '<= 0.70 %', '']","['Tensile Strength, Ultimate', '179 MPa', '26000 psi', 'AA; Typical']","['Tensile Strength, Yield', '159 MPa', '23000 psi', 'AA; Typical']","['Elongation at Break', '8.0 %@Thickness 1.59 mm', '8.0 %@Thickness 0.0625 in', 'AA; Typical']"
Aluminum 3105-H25,"['Magnesium, Mg', '0.20 - 0.80 %', '0.20 - 0.80 %', '']","['Tensile Strength, Ultimate', '179 MPa', '26000 psi', 'AA; Typical']","['Tensile Strength, Yield', '159 MPa', '23000 psi', 'AA; Typical']","['Elongation at Break', '8.0 %@Thickness 1.59 mm', '8.0 %@Thickness 0.0625 in', 'AA; Typical']"
Aluminum 3105-H25,"['Manganese, Mn', '0.30 - 0.80 %', '0.30 - 0.80 %', '']","['Tensile Strength, Ultimate', '179 MPa', '26000 psi', 'AA; Typical']","['Tensile Strength, Yield', '159 MPa', '23000 psi', 'AA; Typical']","['Elongation at Break', '8.0 %@Thickness 1.59 mm', '8.0 %@Thickness 0.0625 in', 'AA; Typical']"
Aluminum 3105-H25,"['Other, each', '<= 0.05 %', '<= 0.05 %', '']","['Tensile Strength, Ultimate', '179 MPa', '26000 psi', 'AA; Typical']","['Tensile Strength, Yield', '159 MPa', '23000 psi', 'AA; Typical']","['Elongation at Break', '8.0 %@Thickness 1.59 mm', '8.0 %@Thickness 0.0625 in', 'AA; Typical']"
Aluminum 3105-H25,"['Other, total', '<= 0.15 %', '<= 0.15 %', '']","['Tensile Strength, Ultimate', '179 MPa', '26000 psi', 'AA; Typical']","['Tensile Strength, Yield', '159 MPa', '23000 psi', 'AA; Typical']","['Elongation at Break', '8.0 %@Thickness 1.59 mm', '8.0 %@Thickness 0.0625 in', 'AA; Typical']"
Aluminum 3105-H25,"['Silicon, Si', '<= 0.60 %', '<= 0.60 %', '']","['Tensile Strength, Ultimate', '179 MPa', '26000 psi', 'AA; Typical']","['Tensile Strength, Yield', '159 MPa', '23000 psi', 'AA; Typical']","['Elongation at Break', '8.0 %@Thickness 1.59 mm', '8.0 %@Thickness 0.0625 in', 'AA; Typical']"
Aluminum 3105-H25,"['Titanium, Ti', '<= 0.10 %', '<= 0.10 %', '']","['Tensile Strength, Ultimate', '179 MPa', '26000 psi', 'AA; Typical']","['Tensile Strength, Yield', '159 MPa', '23000 psi', 'AA; Typical']","['Elongation at Break', '8.0 %@Thickness 1.59 mm', '8.0 %@Thickness 0.0625 in', 'AA; Typical']"
Aluminum 3105-H25,"['Zinc, Zn', '<= 0.40 %', '<= 0.40 %', '']","['Tensile Strength, Ultimate', '179 MPa', '26000 psi', 'AA; Typical']","['Tensile Strength, Yield', '159 MPa', '23000 psi', 'AA; Typical']","['Elongation at Break', '8.0 %@Thickness 1.59 mm', '8.0 %@Thickness 0.0625 in', 'AA; Typical']"
Aluminum 3105-H26,"['Aluminum, Al', '<= 95.9 %', '<= 95.9 %', 'As remainder']","['Tensile Strength, Ultimate', '165 MPa', '24000 psi', 'AA; Typical']","['Tensile Strength, Yield', '165 MPa', '24000 psi', 'AA; Typical']","['Elongation at Break', '9.0 %@Thickness 1.59 mm', '9.0 %@Thickness 0.0625 in', 'AA; Typical']"
Aluminum 3105-H26,"['Chromium, Cr', '<= 0.20 %', '<= 0.20 %', '']","['Tensile Strength, Ultimate', '165 MPa', '24000 psi', 'AA; Typical']","['Tensile Strength, Yield', '165 MPa', '24000 psi', 'AA; Typical']","['Elongation at Break', '9.0 %@Thickness 1.59 mm', '9.0 %@Thickness 0.0625 in', 'AA; Typical']"
Aluminum 3105-H26,"['Copper, Cu', '<= 0.30 %', '<= 0.30 %', '']","['Tensile Strength, Ultimate', '165 MPa', '24000 psi', 'AA; Typical']","['Tensile Strength, Yield', '165 MPa', '24000 psi', 'AA; Typical']","['Elongation at Break', '9.0 %@Thickness 1.59 mm', '9.0 %@Thickness 0.0625 in', 'AA; Typical']"
Aluminum 3105-H26,"['Iron, Fe', '<= 0.70 %', '<= 0.70 %', '']","['Tensile Strength, Ultimate', '165 MPa', '24000 psi', 'AA; Typical']","['Tensile Strength, Yield', '165 MPa', '24000 psi', 'AA; Typical']","['Elongation at Break', '9.0 %@Thickness 1.59 mm', '9.0 %@Thickness 0.0625 in', 'AA; Typical']"
Aluminum 3105-H26,"['Magnesium, Mg', '0.20 - 0.80 %', '0.20 - 0.80 %', '']","['Tensile Strength, Ultimate', '165 MPa', '24000 psi', 'AA; Typical']","['Tensile Strength, Yield', '165 MPa', '24000 psi', 'AA; Typical']","['Elongation at Break', '9.0 %@Thickness 1.59 mm', '9.0 %@Thickness 0.0625 in', 'AA; Typical']"
Aluminum 3105-H26,"['Manganese, Mn', '0.30 - 0.80 %', '0.30 - 0.80 %', '']","['Tensile Strength, Ultimate', '165 MPa', '24000 psi', 'AA; Typical']","['Tensile Strength, Yield', '165 MPa', '24000 psi', 'AA; Typical']","['Elongation at Break', '9.0 %@Thickness 1.59 mm', '9.0 %@Thickness 0.0625 in', 'AA; Typical']"
Aluminum 3105-H26,"['Other, each', '<= 0.05 %', '<= 0.05 %', '']","['Tensile Strength, Ultimate', '165 MPa', '24000 psi', 'AA; Typical']","['Tensile Strength, Yield', '165 MPa', '24000 psi', 'AA; Typical']","['Elongation at Break', '9.0 %@Thickness 1.59 mm', '9.0 %@Thickness 0.0625 in', 'AA; Typical']"
Aluminum 3105-H26,"['Other, total', '<= 0.15 %', '<= 0.15 %', '']","['Tensile Strength, Ultimate', '165 MPa', '24000 psi', 'AA; Typical']","['Tensile Strength, Yield', '165 MPa', '24000 psi', 'AA; Typical']","['Elongation at Break', '9.0 %@Thickness 1.59 mm', '9.0 %@Thickness 0.0625 in', 'AA; Typical']"
Aluminum 3105-H26,"['Silicon, Si', '<= 0.60 %', '<= 0.60 %', '']","['Tensile Strength, Ultimate', '165 MPa', '24000 psi', 'AA; Typical']","['Tensile Strength, Yield', '165 MPa', '24000 psi', 'AA; Typical']","['Elongation at Break', '9.0 %@Thickness 1.59 mm', '9.0 %@Thickness 0.0625 in', 'AA; Typical']"
Aluminum 3105-H26,"['Titanium, Ti', '<= 0.10 %', '<= 0.10 %', '']","['Tensile Strength, Ultimate', '165 MPa', '24000 psi', 'AA; Typical']","['Tensile Strength, Yield', '165 MPa', '24000 psi', 'AA; Typical']","['Elongation at Break', '9.0 %@Thickness 1.59 mm', '9.0 %@Thickness 0.0625 in', 'AA; Typical']"
Aluminum 3105-H26,"['Zinc, Zn', '<= 0.40 %', '<= 0.40 %', '']","['Tensile Strength, Ultimate', '165 MPa', '24000 psi', 'AA; Typical']","['Tensile Strength, Yield', '165 MPa', '24000 psi', 'AA; Typical']","['Elongation at Break', '9.0 %@Thickness 1.59 mm', '9.0 %@Thickness 0.0625 in', 'AA; Typical']"
Aluminum 3105-H28,"['Aluminum, Al', '<= 95.9 %', '<= 95.9 %', 'As remainder']","['Tensile Strength, Ultimate', '179 MPa', '26000 psi', 'AA; Typical']","['Tensile Strength, Yield', '179 MPa', '26000 psi', 'AA; Typical']","['Elongation at Break', '8.0 %@Thickness 1.59 mm', '8.0 %@Thickness 0.0625 in', 'AA; Typical']"
Aluminum 3105-H28,"['Chromium, Cr', '<= 0.20 %', '<= 0.20 %', '']","['Tensile Strength, Ultimate', '179 MPa', '26000 psi', 'AA; Typical']","['Tensile Strength, Yield', '179 MPa', '26000 psi', 'AA; Typical']","['Elongation at Break', '8.0 %@Thickness 1.59 mm', '8.0 %@Thickness 0.0625 in', 'AA; Typical']"
Aluminum 3105-H28,"['Copper, Cu', '<= 0.30 %', '<= 0.30 %', '']","['Tensile Strength, Ultimate', '179 MPa', '26000 psi', 'AA; Typical']","['Tensile Strength, Yield', '179 MPa', '26000 psi', 'AA; Typical']","['Elongation at Break', '8.0 %@Thickness 1.59 mm', '8.0 %@Thickness 0.0625 in', 'AA; Typical']"
Aluminum 3105-H28,"['Iron, Fe', '<= 0.70 %', '<= 0.70 %', '']","['Tensile Strength, Ultimate', '179 MPa', '26000 psi', 'AA; Typical']","['Tensile Strength, Yield', '179 MPa', '26000 psi', 'AA; Typical']","['Elongation at Break', '8.0 %@Thickness 1.59 mm', '8.0 %@Thickness 0.0625 in', 'AA; Typical']"
Aluminum 3105-H28,"['Magnesium, Mg', '0.20 - 0.80 %', '0.20 - 0.80 %', '']","['Tensile Strength, Ultimate', '179 MPa', '26000 psi', 'AA; Typical']","['Tensile Strength, Yield', '179 MPa', '26000 psi', 'AA; Typical']","['Elongation at Break', '8.0 %@Thickness 1.59 mm', '8.0 %@Thickness 0.0625 in', 'AA; Typical']"
Aluminum 3105-H28,"['Manganese, Mn', '0.30 - 0.80 %', '0.30 - 0.80 %', '']","['Tensile Strength, Ultimate', '179 MPa', '26000 psi', 'AA; Typical']","['Tensile Strength, Yield', '179 MPa', '26000 psi', 'AA; Typical']","['Elongation at Break', '8.0 %@Thickness 1.59 mm', '8.0 %@Thickness 0.0625 in', 'AA; Typical']"
Aluminum 3105-H28,"['Other, each', '<= 0.05 %', '<= 0.05 %', '']","['Tensile Strength, Ultimate', '179 MPa', '26000 psi', 'AA; Typical']","['Tensile Strength, Yield', '179 MPa', '26000 psi', 'AA; Typical']","['Elongation at Break', '8.0 %@Thickness 1.59 mm', '8.0 %@Thickness 0.0625 in', 'AA; Typical']"
Aluminum 3105-H28,"['Other, total', '<= 0.15 %', '<= 0.15 %', '']","['Tensile Strength, Ultimate', '179 MPa', '26000 psi', 'AA; Typical']","['Tensile Strength, Yield', '179 MPa', '26000 psi', 'AA; Typical']","['Elongation at Break', '8.0 %@Thickness 1.59 mm', '8.0 %@Thickness 0.0625 in', 'AA; Typical']"
Aluminum 3105-H28,"['Silicon, Si', '<= 0.60 %', '<= 0.60 %', '']","['Tensile Strength, Ultimate', '179 MPa', '26000 psi', 'AA; Typical']","['Tensile Strength, Yield', '179 MPa', '26000 psi', 'AA; Typical']","['Elongation at Break', '8.0 %@Thickness 1.59 mm', '8.0 %@Thickness 0.0625 in', 'AA; Typical']"
Aluminum 3105-H28,"['Titanium, Ti', '<= 0.10 %', '<= 0.10 %', '']","['Tensile Strength, Ultimate', '179 MPa', '26000 psi', 'AA; Typical']","['Tensile Strength, Yield', '179 MPa', '26000 psi', 'AA; Typical']","['Elongation at Break', '8.0 %@Thickness 1.59 mm', '8.0 %@Thickness 0.0625 in', 'AA; Typical']"
Aluminum 3105-H28,"['Zinc, Zn', '<= 0.40 %', '<= 0.40 %', '']","['Tensile Strength, Ultimate', '179 MPa', '26000 psi', 'AA; Typical']","['Tensile Strength, Yield', '179 MPa', '26000 psi', 'AA; Typical']","['Elongation at Break', '8.0 %@Thickness 1.59 mm', '8.0 %@Thickness 0.0625 in', 'AA; Typical']"
Aluminum 3105-O,"['Aluminum, Al', '<= 95.9 %', '<= 95.9 %', 'As remainder']","['Tensile Strength, Ultimate', '117 MPa', '17000 psi', 'AA; Typical']","['Tensile Strength, Yield', '55.2 MPa', '8000 psi', 'AA; Typical']","['Elongation at Break', '24 %@Thickness 1.59 mm', '24 %@Thickness 0.0625 in', 'AA; Typical']"
Aluminum 3105-O,"['Chromium, Cr', '<= 0.20 %', '<= 0.20 %', '']","['Tensile Strength, Ultimate', '117 MPa', '17000 psi', 'AA; Typical']","['Tensile Strength, Yield', '55.2 MPa', '8000 psi', 'AA; Typical']","['Elongation at Break', '24 %@Thickness 1.59 mm', '24 %@Thickness 0.0625 in', 'AA; Typical']"
Aluminum 3105-O,"['Copper, Cu', '<= 0.30 %', '<= 0.30 %', '']","['Tensile Strength, Ultimate', '117 MPa', '17000 psi', 'AA; Typical']","['Tensile Strength, Yield', '55.2 MPa', '8000 psi', 'AA; Typical']","['Elongation at Break', '24 %@Thickness 1.59 mm', '24 %@Thickness 0.0625 in', 'AA; Typical']"
Aluminum 3105-O,"['Iron, Fe', '<= 0.70 %', '<= 0.70 %', '']","['Tensile Strength, Ultimate', '117 MPa', '17000 psi', 'AA; Typical']","['Tensile Strength, Yield', '55.2 MPa', '8000 psi', 'AA; Typical']","['Elongation at Break', '24 %@Thickness 1.59 mm', '24 %@Thickness 0.0625 in', 'AA; Typical']"
Aluminum 3105-O,"['Magnesium, Mg', '0.20 - 0.80 %', '0.20 - 0.80 %', '']","['Tensile Strength, Ultimate', '117 MPa', '17000 psi', 'AA; Typical']","['Tensile Strength, Yield', '55.2 MPa', '8000 psi', 'AA; Typical']","['Elongation at Break', '24 %@Thickness 1.59 mm', '24 %@Thickness 0.0625 in', 'AA; Typical']"
Aluminum 3105-O,"['Manganese, Mn', '0.30 - 0.80 %', '0.30 - 0.80 %', '']","['Tensile Strength, Ultimate', '117 MPa', '17000 psi', 'AA; Typical']","['Tensile Strength, Yield', '55.2 MPa', '8000 psi', 'AA; Typical']","['Elongation at Break', '24 %@Thickness 1.59 mm', '24 %@Thickness 0.0625 in', 'AA; Typical']"
Aluminum 3105-O,"['Other, each', '<= 0.05 %', '<= 0.05 %', '']","['Tensile Strength, Ultimate', '117 MPa', '17000 psi', 'AA; Typical']","['Tensile Strength, Yield', '55.2 MPa', '8000 psi', 'AA; Typical']","['Elongation at Break', '24 %@Thickness 1.59 mm', '24 %@Thickness 0.0625 in', 'AA; Typical']"
Aluminum 3105-O,"['Other, total', '<= 0.15 %', '<= 0.15 %', '']","['Tensile Strength, Ultimate', '117 MPa', '17000 psi', 'AA; Typical']","['Tensile Strength, Yield', '55.2 MPa', '8000 psi', 'AA; Typical']","['Elongation at Break', '24 %@Thickness 1.59 mm', '24 %@Thickness 0.0625 in', 'AA; Typical']"
Aluminum 3105-O,"['Silicon, Si', '<= 0.60 %', '<= 0.60 %', '']","['Tensile Strength, Ultimate', '117 MPa', '17000 psi', 'AA; Typical']","['Tensile Strength, Yield', '55.2 MPa', '8000 psi', 'AA; Typical']","['Elongation at Break', '24 %@Thickness 1.59 mm', '24 %@Thickness 0.0625 in', 'AA; Typical']"
Aluminum 3105-O,"['Titanium, Ti', '<= 0.10 %', '<= 0.10 %', '']","['Tensile Strength, Ultimate', '117 MPa', '17000 psi', 'AA; Typical']","['Tensile Strength, Yield', '55.2 MPa', '8000 psi', 'AA; Typical']","['Elongation at Break', '24 %@Thickness 1.59 mm', '24 %@Thickness 0.0625 in', 'AA; Typical']"
Aluminum 3105-O,"['Zinc, Zn', '<= 0.40 %', '<= 0.40 %', '']","['Tensile Strength, Ultimate', '117 MPa', '17000 psi', 'AA; Typical']","['Tensile Strength, Yield', '55.2 MPa', '8000 psi', 'AA; Typical']","['Elongation at Break', '24 %@Thickness 1.59 mm', '24 %@Thickness 0.0625 in', 'AA; Typical']"
4015-O Aluminum,"['Aluminum, Al', '94.8 - 97.9 %', '94.8 - 97.9 %', 'As remainder']","['Tensile Strength, Ultimate', '110 - 150 MPa', '16000 - 21800 psi', '']","['Tensile Strength, Yield', '45.0 MPa', '6530 psi', '']","['Elongation at Break', '20 %', '20 %', '']"
4015-O Aluminum,"['Copper, Cu', '<= 0.20 %', '<= 0.20 %', '']","['Tensile Strength, Ultimate', '110 - 150 MPa', '16000 - 21800 psi', '']","['Tensile Strength, Yield', '45.0 MPa', '6530 psi', '']","['Elongation at Break', '20 %', '20 %', '']"
4015-O Aluminum,"['Iron, Fe', '<= 0.70 %', '<= 0.70 %', '']","['Tensile Strength, Ultimate', '110 - 150 MPa', '16000 - 21800 psi', '']","['Tensile Strength, Yield', '45.0 MPa', '6530 psi', '']","['Elongation at Break', '20 %', '20 %', '']"
4015-O Aluminum,"['Magnesium, Mg', '0.10 - 0.50 %', '0.10 - 0.50 %', '']","['Tensile Strength, Ultimate', '110 - 150 MPa', '16000 - 21800 psi', '']","['Tensile Strength, Yield', '45.0 MPa', '6530 psi', '']","['Elongation at Break', '20 %', '20 %', '']"
4015-O Aluminum,"['Manganese, Mn', '0.60 - 1.2 %', '0.60 - 1.2 %', '']","['Tensile Strength, Ultimate', '110 - 150 MPa', '16000 - 21800 psi', '']","['Tensile Strength, Yield', '45.0 MPa', '6530 psi', '']","['Elongation at Break', '20 %', '20 %', '']"
4015-O Aluminum,"['Other, each', '<= 0.05 %', '<= 0.05 %', '']","['Tensile Strength, Ultimate', '110 - 150 MPa', '16000 - 21800 psi', '']","['Tensile Strength, Yield', '45.0 MPa', '6530 psi', '']","['Elongation at Break', '20 %', '20 %', '']"
4015-O Aluminum,"['Other, total', '<= 0.15 %', '<= 0.15 %', '']","['Tensile Strength, Ultimate', '110 - 150 MPa', '16000 - 21800 psi', '']","['Tensile Strength, Yield', '45.0 MPa', '6530 psi', '']","['Elongation at Break', '20 %', '20 %', '']"
4015-O Aluminum,"['Silicon, Si', '1.4 - 2.2 %', '1.4 - 2.2 %', '']","['Tensile Strength, Ultimate', '110 - 150 MPa', '16000 - 21800 psi', '']","['Tensile Strength, Yield', '45.0 MPa', '6530 psi', '']","['Elongation at Break', '20 %', '20 %', '']"
4015-O Aluminum,"['Zinc, Zn', '<= 0.20 %', '<= 0.20 %', '']","['Tensile Strength, Ultimate', '110 - 150 MPa', '16000 - 21800 psi', '']","['Tensile Strength, Yield', '45.0 MPa', '6530 psi', '']","['Elongation at Break', '20 %', '20 %', '']"
4015-H12 Aluminum,"['Aluminum, Al', '94.8 - 97.9 %', '94.8 - 97.9 %', 'As remainder']","['Tensile Strength, Ultimate', '135 - 175 MPa', '19600 - 25400 psi', '']","['Tensile Strength, Yield', '110 MPa', '16000 psi', '']","['Elongation at Break', '4 %', '4 %', '']"
4015-H12 Aluminum,"['Copper, Cu', '<= 0.20 %', '<= 0.20 %', '']","['Tensile Strength, Ultimate', '135 - 175 MPa', '19600 - 25400 psi', '']","['Tensile Strength, Yield', '110 MPa', '16000 psi', '']","['Elongation at Break', '4 %', '4 %', '']"
4015-H12 Aluminum,"['Iron, Fe', '<= 0.70 %', '<= 0.70 %', '']","['Tensile Strength, Ultimate', '135 - 175 MPa', '19600 - 25400 psi', '']","['Tensile Strength, Yield', '110 MPa', '16000 psi', '']","['Elongation at Break', '4 %', '4 %', '']"
4015-H12 Aluminum,"['Magnesium, Mg', '0.10 - 0.50 %', '0.10 - 0.50 %', '']","['Tensile Strength, Ultimate', '135 - 175 MPa', '19600 - 25400 psi', '']","['Tensile Strength, Yield', '110 MPa', '16000 psi', '']","['Elongation at Break', '4 %', '4 %', '']"
4015-H12 Aluminum,"['Manganese, Mn', '0.60 - 1.2 %', '0.60 - 1.2 %', '']","['Tensile Strength, Ultimate', '135 - 175 MPa', '19600 - 25400 psi', '']","['Tensile Strength, Yield', '110 MPa', '16000 psi', '']","['Elongation at Break', '4 %', '4 %', '']"
4015-H12 Aluminum,"['Other, each', '<= 0.050 %', '<= 0.050 %', '']","['Tensile Strength, Ultimate', '135 - 175 MPa', '19600 - 25400 psi', '']","['Tensile Strength, Yield', '110 MPa', '16000 psi', '']","['Elongation at Break', '4 %', '4 %', '']"
4015-H12 Aluminum,"['Other, total', '<= 0.15 %', '<= 0.15 %', '']","['Tensile Strength, Ultimate', '135 - 175 MPa', '19600 - 25400 psi', '']","['Tensile Strength, Yield', '110 MPa', '16000 psi', '']","['Elongation at Break', '4 %', '4 %', '']"
4015-H12 Aluminum,"['Silicon, Si', '1.4 - 2.2 %', '1.4 - 2.2 %', '']","['Tensile Strength, Ultimate', '135 - 175 MPa', '19600 - 25400 psi', '']","['Tensile Strength, Yield', '110 MPa', '16000 psi', '']","['Elongation at Break', '4 %', '4 %', '']"
4015-H12 Aluminum,"['Zinc, Zn', '<= 0.20 %', '<= 0.20 %', '']","['Tensile Strength, Ultimate', '135 - 175 MPa', '19600 - 25400 psi', '']","['Tensile Strength, Yield', '110 MPa', '16000 psi', '']","['Elongation at Break', '4 %', '4 %', '']"
4015-H14 Aluminum,"['Aluminum, Al', '94.8 - 97.9 %', '94.8 - 97.9 %', 'As remainder']","['Tensile Strength, Ultimate', '160 - 200 MPa', '23200 - 29000 psi', '']","['Tensile Strength, Yield', '135 MPa', '19600 psi', '']","['Elongation at Break', '3.0 %', '3.0 %', '']"
4015-H14 Aluminum,"['Copper, Cu', '<= 0.20 %', '<= 0.20 %', '']","['Tensile Strength, Ultimate', '160 - 200 MPa', '23200 - 29000 psi', '']","['Tensile Strength, Yield', '135 MPa', '19600 psi', '']","['Elongation at Break', '3.0 %', '3.0 %', '']"
4015-H14 Aluminum,"['Iron, Fe', '<= 0.70 %', '<= 0.70 %', '']","['Tensile Strength, Ultimate', '160 - 200 MPa', '23200 - 29000 psi', '']","['Tensile Strength, Yield', '135 MPa', '19600 psi', '']","['Elongation at Break', '3.0 %', '3.0 %', '']"
4015-H14 Aluminum,"['Magnesium, Mg', '0.10 - 0.50 %', '0.10 - 0.50 %', '']","['Tensile Strength, Ultimate', '160 - 200 MPa', '23200 - 29000 psi', '']","['Tensile Strength, Yield', '135 MPa', '19600 psi', '']","['Elongation at Break', '3.0 %', '3.0 %', '']"
4015-H14 Aluminum,"['Manganese, Mn', '0.60 - 1.2 %', '0.60 - 1.2 %', '']","['Tensile Strength, Ultimate', '160 - 200 MPa', '23200 - 29000 psi', '']","['Tensile Strength, Yield', '135 MPa', '19600 psi', '']","['Elongation at Break', '3.0 %', '3.0 %', '']"
4015-H14 Aluminum,"['Other, each', '<= 0.050 %', '<= 0.050 %', '']","['Tensile Strength, Ultimate', '160 - 200 MPa', '23200 - 29000 psi', '']","['Tensile Strength, Yield', '135 MPa', '19600 psi', '']","['Elongation at Break', '3.0 %', '3.0 %', '']"
4015-H14 Aluminum,"['Other, total', '<= 0.15 %', '<= 0.15 %', '']","['Tensile Strength, Ultimate', '160 - 200 MPa', '23200 - 29000 psi', '']","['Tensile Strength, Yield', '135 MPa', '19600 psi', '']","['Elongation at Break', '3.0 %', '3.0 %', '']"
4015-H14 Aluminum,"['Silicon, Si', '1.4 - 2.2 %', '1.4 - 2.2 %', '']","['Tensile Strength, Ultimate', '160 - 200 MPa', '23200 - 29000 psi', '']","['Tensile Strength, Yield', '135 MPa', '19600 psi', '']","['Elongation at Break', '3.0 %', '3.0 %', '']"
4015-H14 Aluminum,"['Zinc, Zn', '<= 0.20 %', '<= 0.20 %', '']","['Tensile Strength, Ultimate', '160 - 200 MPa', '23200 - 29000 psi', '']","['Tensile Strength, Yield', '135 MPa', '19600 psi', '']","['Elongation at Break', '3.0 %', '3.0 %', '']"
4015-H16 Aluminum,"['Aluminum, Al', '94.8 - 97.9 %', '94.8 - 97.9 %', 'As remainder']","['Tensile Strength, Ultimate', '185 - 225 MPa', '26800 - 32600 psi', '']","['Tensile Strength, Yield', '155 MPa', '22500 psi', '']","['Elongation at Break', '2 %', '2 %', '']"
4015-H16 Aluminum,"['Copper, Cu', '<= 0.20 %', '<= 0.20 %', '']","['Tensile Strength, Ultimate', '185 - 225 MPa', '26800 - 32600 psi', '']","['Tensile Strength, Yield', '155 MPa', '22500 psi', '']","['Elongation at Break', '2 %', '2 %', '']"
4015-H16 Aluminum,"['Iron, Fe', '<= 0.70 %', '<= 0.70 %', '']","['Tensile Strength, Ultimate', '185 - 225 MPa', '26800 - 32600 psi', '']","['Tensile Strength, Yield', '155 MPa', '22500 psi', '']","['Elongation at Break', '2 %', '2 %', '']"
4015-H16 Aluminum,"['Magnesium, Mg', '0.10 - 0.50 %', '0.10 - 0.50 %', '']","['Tensile Strength, Ultimate', '185 - 225 MPa', '26800 - 32600 psi', '']","['Tensile Strength, Yield', '155 MPa', '22500 psi', '']","['Elongation at Break', '2 %', '2 %', '']"
4015-H16 Aluminum,"['Manganese, Mn', '0.60 - 1.2 %', '0.60 - 1.2 %', '']","['Tensile Strength, Ultimate', '185 - 225 MPa', '26800 - 32600 psi', '']","['Tensile Strength, Yield', '155 MPa', '22500 psi', '']","['Elongation at Break', '2 %', '2 %', '']"
4015-H16 Aluminum,"['Other, each', '<= 0.050 %', '<= 0.050 %', '']","['Tensile Strength, Ultimate', '185 - 225 MPa', '26800 - 32600 psi', '']","['Tensile Strength, Yield', '155 MPa', '22500 psi', '']","['Elongation at Break', '2 %', '2 %', '']"
4015-H16 Aluminum,"['Other, total', '<= 0.15 %', '<= 0.15 %', '']","['Tensile Strength, Ultimate', '185 - 225 MPa', '26800 - 32600 psi', '']","['Tensile Strength, Yield', '155 MPa', '22500 psi', '']","['Elongation at Break', '2 %', '2 %', '']"
4015-H16 Aluminum,"['Silicon, Si', '1.4 - 2.2 %', '1.4 - 2.2 %', '']","['Tensile Strength, Ultimate', '185 - 225 MPa', '26800 - 32600 psi', '']","['Tensile Strength, Yield', '155 MPa', '22500 psi', '']","['Elongation at Break', '2 %', '2 %', '']"
4015-H16 Aluminum,"['Zinc, Zn', '<= 0.20 %', '<= 0.20 %', '']","['Tensile Strength, Ultimate', '185 - 225 MPa', '26800 - 32600 psi', '']","['Tensile Strength, Yield', '155 MPa', '22500 psi', '']","['Elongation at Break', '2 %', '2 %', '']"
4015-H18 Aluminum,"['Aluminum, Al', '94.8 - 97.9 %', '94.8 - 97.9 %', 'As remainder']","['Tensile Strength, Ultimate', '210 - 250 MPa', '30500 - 36300 psi', '']","['Tensile Strength, Yield', '180 MPa', '26100 psi', '']","['Elongation at Break', '2 %', '2 %', '']"
4015-H18 Aluminum,"['Copper, Cu', '<= 0.20 %', '<= 0.20 %', '']","['Tensile Strength, Ultimate', '210 - 250 MPa', '30500 - 36300 psi', '']","['Tensile Strength, Yield', '180 MPa', '26100 psi', '']","['Elongation at Break', '2 %', '2 %', '']"
4015-H18 Aluminum,"['Iron, Fe', '<= 0.70 %', '<= 0.70 %', '']","['Tensile Strength, Ultimate', '210 - 250 MPa', '30500 - 36300 psi', '']","['Tensile Strength, Yield', '180 MPa', '26100 psi', '']","['Elongation at Break', '2 %', '2 %', '']"
4015-H18 Aluminum,"['Magnesium, Mg', '0.10 - 0.50 %', '0.10 - 0.50 %', '']","['Tensile Strength, Ultimate', '210 - 250 MPa', '30500 - 36300 psi', '']","['Tensile Strength, Yield', '180 MPa', '26100 psi', '']","['Elongation at Break', '2 %', '2 %', '']"
4015-H18 Aluminum,"['Manganese, Mn', '0.60 - 1.2 %', '0.60 - 1.2 %', '']","['Tensile Strength, Ultimate', '210 - 250 MPa', '30500 - 36300 psi', '']","['Tensile Strength, Yield', '180 MPa', '26100 psi', '']","['Elongation at Break', '2 %', '2 %', '']"
4015-H18 Aluminum,"['Other, each', '<= 0.050 %', '<= 0.050 %', '']","['Tensile Strength, Ultimate', '210 - 250 MPa', '30500 - 36300 psi', '']","['Tensile Strength, Yield', '180 MPa', '26100 psi', '']","['Elongation at Break', '2 %', '2 %', '']"
4015-H18 Aluminum,"['Other, total', '<= 0.15 %', '<= 0.15 %', '']","['Tensile Strength, Ultimate', '210 - 250 MPa', '30500 - 36300 psi', '']","['Tensile Strength, Yield', '180 MPa', '26100 psi', '']","['Elongation at Break', '2 %', '2 %', '']"
4015-H18 Aluminum,"['Silicon, Si', '1.4 - 2.2 %', '1.4 - 2.2 %', '']","['Tensile Strength, Ultimate', '210 - 250 MPa', '30500 - 36300 psi', '']","['Tensile Strength, Yield', '180 MPa', '26100 psi', '']","['Elongation at Break', '2 %', '2 %', '']"
4015-H18 Aluminum,"['Zinc, Zn', '<= 0.20 %', '<= 0.20 %', '']","['Tensile Strength, Ultimate', '210 - 250 MPa', '30500 - 36300 psi', '']","['Tensile Strength, Yield', '180 MPa', '26100 psi', '']","['Elongation at Break', '2 %', '2 %', '']"
Aluminum 4032-T6,"['Aluminum, Al', '81.1 - 87.2 %', '81.1 - 87.2 %', 'As remainder']","['Tensile Strength, Ultimate', '379 MPa', '55000 psi', 'AA; Typical']","['Tensile Strength, Yield', '317 MPa', '46000 psi', 'AA; Typical']","['Elongation at Break', '9.0 %@Temperature -30.0 °C', '9.0 %@Temperature -22.0 °F', '']"
Aluminum 4032-T6,"['Chromium, Cr', '<= 0.10 %', '<= 0.10 %', '']","['Tensile Strength, Ultimate', '379 MPa', '55000 psi', 'AA; Typical']","['Tensile Strength, Yield', '317 MPa', '46000 psi', 'AA; Typical']","['Elongation at Break', '9.0 %@Temperature -30.0 °C', '9.0 %@Temperature -22.0 °F', '']"
Aluminum 4032-T6,"['Copper, Cu', '0.50 - 1.3 %', '0.50 - 1.3 %', '']","['Tensile Strength, Ultimate', '379 MPa', '55000 psi', 'AA; Typical']","['Tensile Strength, Yield', '317 MPa', '46000 psi', 'AA; Typical']","['Elongation at Break', '9.0 %@Temperature -30.0 °C', '9.0 %@Temperature -22.0 °F', '']"
Aluminum 4032-T6,"['Iron, Fe', '<= 1.0 %', '<= 1.0 %', '']","['Tensile Strength, Ultimate', '379 MPa', '55000 psi', 'AA; Typical']","['Tensile Strength, Yield', '317 MPa', '46000 psi', 'AA; Typical']","['Elongation at Break', '9.0 %@Temperature -30.0 °C', '9.0 %@Temperature -22.0 °F', '']"
Aluminum 4032-T6,"['Magnesium, Mg', '0.80 - 1.3 %', '0.80 - 1.3 %', '']","['Tensile Strength, Ultimate', '379 MPa', '55000 psi', 'AA; Typical']","['Tensile Strength, Yield', '317 MPa', '46000 psi', 'AA; Typical']","['Elongation at Break', '9.0 %@Temperature -30.0 °C', '9.0 %@Temperature -22.0 °F', '']"
Aluminum 4032-T6,"['Nickel, Ni', '0.50 - 1.3 %', '0.50 - 1.3 %', '']","['Tensile Strength, Ultimate', '379 MPa', '55000 psi', 'AA; Typical']","['Tensile Strength, Yield', '317 MPa', '46000 psi', 'AA; Typical']","['Elongation at Break', '9.0 %@Temperature -30.0 °C', '9.0 %@Temperature -22.0 °F', '']"
Aluminum 4032-T6,"['Other, each', '<= 0.05 %', '<= 0.05 %', '']","['Tensile Strength, Ultimate', '379 MPa', '55000 psi', 'AA; Typical']","['Tensile Strength, Yield', '317 MPa', '46000 psi', 'AA; Typical']","['Elongation at Break', '9.0 %@Temperature -30.0 °C', '9.0 %@Temperature -22.0 °F', '']"
Aluminum 4032-T6,"['Other, total', '<= 0.15 %', '<= 0.15 %', '']","['Tensile Strength, Ultimate', '379 MPa', '55000 psi', 'AA; Typical']","['Tensile Strength, Yield', '317 MPa', '46000 psi', 'AA; Typical']","['Elongation at Break', '9.0 %@Temperature -30.0 °C', '9.0 %@Temperature -22.0 °F', '']"
Aluminum 4032-T6,"['Silicon, Si', '11 - 13.5 %', '11 - 13.5 %', '']","['Tensile Strength, Ultimate', '379 MPa', '55000 psi', 'AA; Typical']","['Tensile Strength, Yield', '317 MPa', '46000 psi', 'AA; Typical']","['Elongation at Break', '9.0 %@Temperature -30.0 °C', '9.0 %@Temperature -22.0 °F', '']"
Aluminum 4032-T6,"['Zinc, Zn', '<= 0.25 %', '<= 0.25 %', '']","['Tensile Strength, Ultimate', '379 MPa', '55000 psi', 'AA; Typical']","['Tensile Strength, Yield', '317 MPa', '46000 psi', 'AA; Typical']","['Elongation at Break', '9.0 %@Temperature -30.0 °C', '9.0 %@Temperature -22.0 °F', '']"
Aluminum 4043-H14,"['Aluminum, Al', '92.3 - 95.5 %', '92.3 - 95.5 %', 'As remainder']","['Tensile Strength, Ultimate', '170 MPa', '24700 psi', '']","['Tensile Strength, Yield', '165 MPa', '23900 psi', '']","['Elongation at Break', '1.3 %@Diameter 3.20 mm', '1.3 %@Diameter 0.126 in', 'in 5 cm, wire']"
Aluminum 4043-H14,"['Beryllium, Be', '<= 0.0008 %', '<= 0.0008 %', 'welding electrode and filler wire only']","['Tensile Strength, Ultimate', '170 MPa', '24700 psi', '']","['Tensile Strength, Yield', '165 MPa', '23900 psi', '']","['Elongation at Break', '1.3 %@Diameter 3.20 mm', '1.3 %@Diameter 0.126 in', 'in 5 cm, wire']"
Aluminum 4043-H14,"['Copper, Cu', '<= 0.30 %', '<= 0.30 %', '']","['Tensile Strength, Ultimate', '170 MPa', '24700 psi', '']","['Tensile Strength, Yield', '165 MPa', '23900 psi', '']","['Elongation at Break', '1.3 %@Diameter 3.20 mm', '1.3 %@Diameter 0.126 in', 'in 5 cm, wire']"
Aluminum 4043-H14,"['Iron, Fe', '<= 0.80 %', '<= 0.80 %', '']","['Tensile Strength, Ultimate', '170 MPa', '24700 psi', '']","['Tensile Strength, Yield', '165 MPa', '23900 psi', '']","['Elongation at Break', '1.3 %@Diameter 3.20 mm', '1.3 %@Diameter 0.126 in', 'in 5 cm, wire']"
Aluminum 4043-H14,"['Magnesium, Mg', '<= 0.05 %', '<= 0.05 %', '']","['Tensile Strength, Ultimate', '170 MPa', '24700 psi', '']","['Tensile Strength, Yield', '165 MPa', '23900 psi', '']","['Elongation at Break', '1.3 %@Diameter 3.20 mm', '1.3 %@Diameter 0.126 in', 'in 5 cm, wire']"
Aluminum 4043-H14,"['Manganese, Mn', '<= 0.05 %', '<= 0.05 %', '']","['Tensile Strength, Ultimate', '170 MPa', '24700 psi', '']","['Tensile Strength, Yield', '165 MPa', '23900 psi', '']","['Elongation at Break', '1.3 %@Diameter 3.20 mm', '1.3 %@Diameter 0.126 in', 'in 5 cm, wire']"
Aluminum 4043-H14,"['Other, each', '<= 0.05 %', '<= 0.05 %', '']","['Tensile Strength, Ultimate', '170 MPa', '24700 psi', '']","['Tensile Strength, Yield', '165 MPa', '23900 psi', '']","['Elongation at Break', '1.3 %@Diameter 3.20 mm', '1.3 %@Diameter 0.126 in', 'in 5 cm, wire']"
Aluminum 4043-H14,"['Other, total', '<= 0.15 %', '<= 0.15 %', '']","['Tensile Strength, Ultimate', '170 MPa', '24700 psi', '']","['Tensile Strength, Yield', '165 MPa', '23900 psi', '']","['Elongation at Break', '1.3 %@Diameter 3.20 mm', '1.3 %@Diameter 0.126 in', 'in 5 cm, wire']"
Aluminum 4043-H14,"['Silicon, Si', '4.5 - 6.0 %', '4.5 - 6.0 %', '']","['Tensile Strength, Ultimate', '170 MPa', '24700 psi', '']","['Tensile Strength, Yield', '165 MPa', '23900 psi', '']","['Elongation at Break', '1.3 %@Diameter 3.20 mm', '1.3 %@Diameter 0.126 in', 'in 5 cm, wire']"
Aluminum 4043-H14,"['Titanium, Ti', '<= 0.20 %', '<= 0.20 %', '']","['Tensile Strength, Ultimate', '170 MPa', '24700 psi', '']","['Tensile Strength, Yield', '165 MPa', '23900 psi', '']","['Elongation at Break', '1.3 %@Diameter 3.20 mm', '1.3 %@Diameter 0.126 in', 'in 5 cm, wire']"
Aluminum 4043-H14,"['Zinc, Zn', '<= 0.10 %', '<= 0.10 %', '']","['Tensile Strength, Ultimate', '170 MPa', '24700 psi', '']","['Tensile Strength, Yield', '165 MPa', '23900 psi', '']","['Elongation at Break', '1.3 %@Diameter 3.20 mm', '1.3 %@Diameter 0.126 in', 'in 5 cm, wire']"
Aluminum 4043-H16,"['Aluminum, Al', '92.3 - 95.5 %', '92.3 - 95.5 %', 'As remainder']","['Tensile Strength, Ultimate', '200 MPa', '29000 psi', '']","['Tensile Strength, Yield', '180 MPa', '26100 psi', '']","['Elongation at Break', '1.7 %@Diameter 5.00 mm', '1.7 %@Diameter 0.197 in', 'in 5 cm, wire']"
Aluminum 4043-H16,"['Beryllium, Be', '<= 0.0008 %', '<= 0.0008 %', 'welding electrode and filler wire only']","['Tensile Strength, Ultimate', '200 MPa', '29000 psi', '']","['Tensile Strength, Yield', '180 MPa', '26100 psi', '']","['Elongation at Break', '1.7 %@Diameter 5.00 mm', '1.7 %@Diameter 0.197 in', 'in 5 cm, wire']"
Aluminum 4043-H16,"['Copper, Cu', '<= 0.30 %', '<= 0.30 %', '']","['Tensile Strength, Ultimate', '200 MPa', '29000 psi', '']","['Tensile Strength, Yield', '180 MPa', '26100 psi', '']","['Elongation at Break', '1.7 %@Diameter 5.00 mm', '1.7 %@Diameter 0.197 in', 'in 5 cm, wire']"
Aluminum 4043-H16,"['Iron, Fe', '<= 0.80 %', '<= 0.80 %', '']","['Tensile Strength, Ultimate', '200 MPa', '29000 psi', '']","['Tensile Strength, Yield', '180 MPa', '26100 psi', '']","['Elongation at Break', '1.7 %@Diameter 5.00 mm', '1.7 %@Diameter 0.197 in', 'in 5 cm, wire']"
Aluminum 4043-H16,"['Magnesium, Mg', '<= 0.05 %', '<= 0.05 %', '']","['Tensile Strength, Ultimate', '200 MPa', '29000 psi', '']","['Tensile Strength, Yield', '180 MPa', '26100 psi', '']","['Elongation at Break', '1.7 %@Diameter 5.00 mm', '1.7 %@Diameter 0.197 in', 'in 5 cm, wire']"
Aluminum 4043-H16,"['Manganese, Mn', '<= 0.05 %', '<= 0.05 %', '']","['Tensile Strength, Ultimate', '200 MPa', '29000 psi', '']","['Tensile Strength, Yield', '180 MPa', '26100 psi', '']","['Elongation at Break', '1.7 %@Diameter 5.00 mm', '1.7 %@Diameter 0.197 in', 'in 5 cm, wire']"
Aluminum 4043-H16,"['Other, each', '<= 0.05 %', '<= 0.05 %', '']","['Tensile Strength, Ultimate', '200 MPa', '29000 psi', '']","['Tensile Strength, Yield', '180 MPa', '26100 psi', '']","['Elongation at Break', '1.7 %@Diameter 5.00 mm', '1.7 %@Diameter 0.197 in', 'in 5 cm, wire']"
Aluminum 4043-H16,"['Other, total', '<= 0.15 %', '<= 0.15 %', '']","['Tensile Strength, Ultimate', '200 MPa', '29000 psi', '']","['Tensile Strength, Yield', '180 MPa', '26100 psi', '']","['Elongation at Break', '1.7 %@Diameter 5.00 mm', '1.7 %@Diameter 0.197 in', 'in 5 cm, wire']"
Aluminum 4043-H16,"['Silicon, Si', '4.5 - 6.0 %', '4.5 - 6.0 %', '']","['Tensile Strength, Ultimate', '200 MPa', '29000 psi', '']","['Tensile Strength, Yield', '180 MPa', '26100 psi', '']","['Elongation at Break', '1.7 %@Diameter 5.00 mm', '1.7 %@Diameter 0.197 in', 'in 5 cm, wire']"
Aluminum 4043-H16,"['Titanium, Ti', '<= 0.20 %', '<= 0.20 %', '']","['Tensile Strength, Ultimate', '200 MPa', '29000 psi', '']","['Tensile Strength, Yield', '180 MPa', '26100 psi', '']","['Elongation at Break', '1.7 %@Diameter 5.00 mm', '1.7 %@Diameter 0.197 in', 'in 5 cm, wire']"
Aluminum 4043-H16,"['Zinc, Zn', '<= 0.10 %', '<= 0.10 %', '']","['Tensile Strength, Ultimate', '200 MPa', '29000 psi', '']","['Tensile Strength, Yield', '180 MPa', '26100 psi', '']","['Elongation at Break', '1.7 %@Diameter 5.00 mm', '1.7 %@Diameter 0.197 in', 'in 5 cm, wire']"
Aluminum 4043-H18,"['Aluminum, Al', '92.3 - 95.5 %', '92.3 - 95.5 %', 'As remainder']","['Tensile Strength, Ultimate', '285 MPa', '41300 psi', '']","['Tensile Strength, Yield', '270 MPa', '39200 psi', '']","['Elongation at Break', '0.50 %@Diameter 1.60 mm', '0.50 %@Diameter 0.0630 in', 'in 5 cm, wire']"
Aluminum 4043-H18,"['Beryllium, Be', '<= 0.0008 %', '<= 0.0008 %', 'welding electrode and filler wire only']","['Tensile Strength, Ultimate', '285 MPa', '41300 psi', '']","['Tensile Strength, Yield', '270 MPa', '39200 psi', '']","['Elongation at Break', '0.50 %@Diameter 1.60 mm', '0.50 %@Diameter 0.0630 in', 'in 5 cm, wire']"
Aluminum 4043-H18,"['Copper, Cu', '<= 0.30 %', '<= 0.30 %', '']","['Tensile Strength, Ultimate', '285 MPa', '41300 psi', '']","['Tensile Strength, Yield', '270 MPa', '39200 psi', '']","['Elongation at Break', '0.50 %@Diameter 1.60 mm', '0.50 %@Diameter 0.0630 in', 'in 5 cm, wire']"
Aluminum 4043-H18,"['Iron, Fe', '<= 0.80 %', '<= 0.80 %', '']","['Tensile Strength, Ultimate', '285 MPa', '41300 psi', '']","['Tensile Strength, Yield', '270 MPa', '39200 psi', '']","['Elongation at Break', '0.50 %@Diameter 1.60 mm', '0.50 %@Diameter 0.0630 in', 'in 5 cm, wire']"
Aluminum 4043-H18,"['Magnesium, Mg', '<= 0.05 %', '<= 0.05 %', '']","['Tensile Strength, Ultimate', '285 MPa', '41300 psi', '']","['Tensile Strength, Yield', '270 MPa', '39200 psi', '']","['Elongation at Break', '0.50 %@Diameter 1.60 mm', '0.50 %@Diameter 0.0630 in', 'in 5 cm, wire']"
Aluminum 4043-H18,"['Manganese, Mn', '<= 0.05 %', '<= 0.05 %', '']","['Tensile Strength, Ultimate', '285 MPa', '41300 psi', '']","['Tensile Strength, Yield', '270 MPa', '39200 psi', '']","['Elongation at Break', '0.50 %@Diameter 1.60 mm', '0.50 %@Diameter 0.0630 in', 'in 5 cm, wire']"
Aluminum 4043-H18,"['Other, each', '<= 0.05 %', '<= 0.05 %', '']","['Tensile Strength, Ultimate', '285 MPa', '41300 psi', '']","['Tensile Strength, Yield', '270 MPa', '39200 psi', '']","['Elongation at Break', '0.50 %@Diameter 1.60 mm', '0.50 %@Diameter 0.0630 in', 'in 5 cm, wire']"
Aluminum 4043-H18,"['Other, total', '<= 0.15 %', '<= 0.15 %', '']","['Tensile Strength, Ultimate', '285 MPa', '41300 psi', '']","['Tensile Strength, Yield', '270 MPa', '39200 psi', '']","['Elongation at Break', '0.50 %@Diameter 1.60 mm', '0.50 %@Diameter 0.0630 in', 'in 5 cm, wire']"
Aluminum 4043-H18,"['Silicon, Si', '4.5 - 6.0 %', '4.5 - 6.0 %', '']","['Tensile Strength, Ultimate', '285 MPa', '41300 psi', '']","['Tensile Strength, Yield', '270 MPa', '39200 psi', '']","['Elongation at Break', '0.50 %@Diameter 1.60 mm', '0.50 %@Diameter 0.0630 in', 'in 5 cm, wire']"
Aluminum 4043-H18,"['Titanium, Ti', '<= 0.20 %', '<= 0.20 %', '']","['Tensile Strength, Ultimate', '285 MPa', '41300 psi', '']","['Tensile Strength, Yield', '270 MPa', '39200 psi', '']","['Elongation at Break', '0.50 %@Diameter 1.60 mm', '0.50 %@Diameter 0.0630 in', 'in 5 cm, wire']"
Aluminum 4043-H18,"['Zinc, Zn', '<= 0.10 %', '<= 0.10 %', '']","['Tensile Strength, Ultimate', '285 MPa', '41300 psi', '']","['Tensile Strength, Yield', '270 MPa', '39200 psi', '']","['Elongation at Break', '0.50 %@Diameter 1.60 mm', '0.50 %@Diameter 0.0630 in', 'in 5 cm, wire']"
Aluminum 4043-O,"['Aluminum, Al', '92.3 - 95.5 %', '92.3 - 95.5 %', 'As remainder']","['Tensile Strength, Ultimate', '145 MPa', '21000 psi', '']","['Tensile Strength, Yield', '70.0 MPa', '10200 psi', '']","['Elongation at Break', '22 %', '22 %', 'In 5 cm, wire, diameter 1.6 mm']"
Aluminum 4043-O,"['Beryllium, Be', '<= 0.0008 %', '<= 0.0008 %', 'welding electrode and filler wire only']","['Tensile Strength, Ultimate', '145 MPa', '21000 psi', '']","['Tensile Strength, Yield', '70.0 MPa', '10200 psi', '']","['Elongation at Break', '22 %', '22 %', 'In 5 cm, wire, diameter 1.6 mm']"
Aluminum 4043-O,"['Copper, Cu', '<= 0.30 %', '<= 0.30 %', '']","['Tensile Strength, Ultimate', '145 MPa', '21000 psi', '']","['Tensile Strength, Yield', '70.0 MPa', '10200 psi', '']","['Elongation at Break', '22 %', '22 %', 'In 5 cm, wire, diameter 1.6 mm']"
Aluminum 4043-O,"['Iron, Fe', '<= 0.80 %', '<= 0.80 %', '']","['Tensile Strength, Ultimate', '145 MPa', '21000 psi', '']","['Tensile Strength, Yield', '70.0 MPa', '10200 psi', '']","['Elongation at Break', '22 %', '22 %', 'In 5 cm, wire, diameter 1.6 mm']"
Aluminum 4043-O,"['Magnesium, Mg', '<= 0.05 %', '<= 0.05 %', '']","['Tensile Strength, Ultimate', '145 MPa', '21000 psi', '']","['Tensile Strength, Yield', '70.0 MPa', '10200 psi', '']","['Elongation at Break', '22 %', '22 %', 'In 5 cm, wire, diameter 1.6 mm']"
Aluminum 4043-O,"['Manganese, Mn', '<= 0.05 %', '<= 0.05 %', '']","['Tensile Strength, Ultimate', '145 MPa', '21000 psi', '']","['Tensile Strength, Yield', '70.0 MPa', '10200 psi', '']","['Elongation at Break', '22 %', '22 %', 'In 5 cm, wire, diameter 1.6 mm']"
Aluminum 4043-O,"['Other, each', '<= 0.05 %', '<= 0.05 %', '']","['Tensile Strength, Ultimate', '145 MPa', '21000 psi', '']","['Tensile Strength, Yield', '70.0 MPa', '10200 psi', '']","['Elongation at Break', '22 %', '22 %', 'In 5 cm, wire, diameter 1.6 mm']"
Aluminum 4043-O,"['Other, total', '<= 0.15 %', '<= 0.15 %', '']","['Tensile Strength, Ultimate', '145 MPa', '21000 psi', '']","['Tensile Strength, Yield', '70.0 MPa', '10200 psi', '']","['Elongation at Break', '22 %', '22 %', 'In 5 cm, wire, diameter 1.6 mm']"
Aluminum 4043-O,"['Silicon, Si', '4.5 - 6.0 %', '4.5 - 6.0 %', '']","['Tensile Strength, Ultimate', '145 MPa', '21000 psi', '']","['Tensile Strength, Yield', '70.0 MPa', '10200 psi', '']","['Elongation at Break', '22 %', '22 %', 'In 5 cm, wire, diameter 1.6 mm']"
Aluminum 4043-O,"['Titanium, Ti', '<= 0.20 %', '<= 0.20 %', '']","['Tensile Strength, Ultimate', '145 MPa', '21000 psi', '']","['Tensile Strength, Yield', '70.0 MPa', '10200 psi', '']","['Elongation at Break', '22 %', '22 %', 'In 5 cm, wire, diameter 1.6 mm']"
Aluminum 4043-O,"['Zinc, Zn', '<= 0.10 %', '<= 0.10 %', '']","['Tensile Strength, Ultimate', '145 MPa', '21000 psi', '']","['Tensile Strength, Yield', '70.0 MPa', '10200 psi', '']","['Elongation at Break', '22 %', '22 %', 'In 5 cm, wire, diameter 1.6 mm']"
Aluminum 5005-H12,"['Aluminum, Al', '<= 97 %', '<= 97 %', 'As remainder']","['Tensile Strength, Ultimate', '138 MPa', '20000 psi', 'AA; Typical']","['Tensile Strength, Yield', '131 MPa', '19000 psi', 'AA; Typical']","['Elongation at Break', '10 %@Thickness 1.59 mm', '10 %@Thickness 0.0625 in', 'AA; Typical']"
Aluminum 5005-H12,"['Chromium, Cr', '<= 0.10 %', '<= 0.10 %', '']","['Tensile Strength, Ultimate', '138 MPa', '20000 psi', 'AA; Typical']","['Tensile Strength, Yield', '131 MPa', '19000 psi', 'AA; Typical']","['Elongation at Break', '10 %@Thickness 1.59 mm', '10 %@Thickness 0.0625 in', 'AA; Typical']"
Aluminum 5005-H12,"['Copper, Cu', '<= 0.20 %', '<= 0.20 %', '']","['Tensile Strength, Ultimate', '138 MPa', '20000 psi', 'AA; Typical']","['Tensile Strength, Yield', '131 MPa', '19000 psi', 'AA; Typical']","['Elongation at Break', '10 %@Thickness 1.59 mm', '10 %@Thickness 0.0625 in', 'AA; Typical']"
Aluminum 5005-H12,"['Iron, Fe', '<= 0.70 %', '<= 0.70 %', '']","['Tensile Strength, Ultimate', '138 MPa', '20000 psi', 'AA; Typical']","['Tensile Strength, Yield', '131 MPa', '19000 psi', 'AA; Typical']","['Elongation at Break', '10 %@Thickness 1.59 mm', '10 %@Thickness 0.0625 in', 'AA; Typical']"
Aluminum 5005-H12,"['Magnesium, Mg', '0.50 - 1.1 %', '0.50 - 1.1 %', '']","['Tensile Strength, Ultimate', '138 MPa', '20000 psi', 'AA; Typical']","['Tensile Strength, Yield', '131 MPa', '19000 psi', 'AA; Typical']","['Elongation at Break', '10 %@Thickness 1.59 mm', '10 %@Thickness 0.0625 in', 'AA; Typical']"
Aluminum 5005-H12,"['Manganese, Mn', '<= 0.20 %', '<= 0.20 %', '']","['Tensile Strength, Ultimate', '138 MPa', '20000 psi', 'AA; Typical']","['Tensile Strength, Yield', '131 MPa', '19000 psi', 'AA; Typical']","['Elongation at Break', '10 %@Thickness 1.59 mm', '10 %@Thickness 0.0625 in', 'AA; Typical']"
Aluminum 5005-H12,"['Other, each', '<= 0.05 %', '<= 0.05 %', '']","['Tensile Strength, Ultimate', '138 MPa', '20000 psi', 'AA; Typical']","['Tensile Strength, Yield', '131 MPa', '19000 psi', 'AA; Typical']","['Elongation at Break', '10 %@Thickness 1.59 mm', '10 %@Thickness 0.0625 in', 'AA; Typical']"
Aluminum 5005-H12,"['Other, total', '<= 0.15 %', '<= 0.15 %', '']","['Tensile Strength, Ultimate', '138 MPa', '20000 psi', 'AA; Typical']","['Tensile Strength, Yield', '131 MPa', '19000 psi', 'AA; Typical']","['Elongation at Break', '10 %@Thickness 1.59 mm', '10 %@Thickness 0.0625 in', 'AA; Typical']"
Aluminum 5005-H12,"['Silicon, Si', '<= 0.30 %', '<= 0.30 %', '']","['Tensile Strength, Ultimate', '138 MPa', '20000 psi', 'AA; Typical']","['Tensile Strength, Yield', '131 MPa', '19000 psi', 'AA; Typical']","['Elongation at Break', '10 %@Thickness 1.59 mm', '10 %@Thickness 0.0625 in', 'AA; Typical']"
Aluminum 5005-H12,"['Zinc, Zn', '<= 0.25 %', '<= 0.25 %', '']","['Tensile Strength, Ultimate', '138 MPa', '20000 psi', 'AA; Typical']","['Tensile Strength, Yield', '131 MPa', '19000 psi', 'AA; Typical']","['Elongation at Break', '10 %@Thickness 1.59 mm', '10 %@Thickness 0.0625 in', 'AA; Typical']"
Aluminum 5005-H14,"['Aluminum, Al', '<= 97 %', '<= 97 %', 'As remainder']","['Tensile Strength, Ultimate', '159 MPa', '23000 psi', 'AA; Typical']","['Tensile Strength, Yield', '152 MPa', '22000 psi', 'AA; Typical']","['Elongation at Break', '6.0 %@Thickness 1.59 mm', '6.0 %@Thickness 0.0625 in', 'AA; Typical']"
Aluminum 5005-H14,"['Chromium, Cr', '<= 0.10 %', '<= 0.10 %', '']","['Tensile Strength, Ultimate', '159 MPa', '23000 psi', 'AA; Typical']","['Tensile Strength, Yield', '152 MPa', '22000 psi', 'AA; Typical']","['Elongation at Break', '6.0 %@Thickness 1.59 mm', '6.0 %@Thickness 0.0625 in', 'AA; Typical']"
Aluminum 5005-H14,"['Copper, Cu', '<= 0.20 %', '<= 0.20 %', '']","['Tensile Strength, Ultimate', '159 MPa', '23000 psi', 'AA; Typical']","['Tensile Strength, Yield', '152 MPa', '22000 psi', 'AA; Typical']","['Elongation at Break', '6.0 %@Thickness 1.59 mm', '6.0 %@Thickness 0.0625 in', 'AA; Typical']"
Aluminum 5005-H14,"['Iron, Fe', '<= 0.70 %', '<= 0.70 %', '']","['Tensile Strength, Ultimate', '159 MPa', '23000 psi', 'AA; Typical']","['Tensile Strength, Yield', '152 MPa', '22000 psi', 'AA; Typical']","['Elongation at Break', '6.0 %@Thickness 1.59 mm', '6.0 %@Thickness 0.0625 in', 'AA; Typical']"
Aluminum 5005-H14,"['Magnesium, Mg', '0.50 - 1.1 %', '0.50 - 1.1 %', '']","['Tensile Strength, Ultimate', '159 MPa', '23000 psi', 'AA; Typical']","['Tensile Strength, Yield', '152 MPa', '22000 psi', 'AA; Typical']","['Elongation at Break', '6.0 %@Thickness 1.59 mm', '6.0 %@Thickness 0.0625 in', 'AA; Typical']"
Aluminum 5005-H14,"['Manganese, Mn', '<= 0.20 %', '<= 0.20 %', '']","['Tensile Strength, Ultimate', '159 MPa', '23000 psi', 'AA; Typical']","['Tensile Strength, Yield', '152 MPa', '22000 psi', 'AA; Typical']","['Elongation at Break', '6.0 %@Thickness 1.59 mm', '6.0 %@Thickness 0.0625 in', 'AA; Typical']"
Aluminum 5005-H14,"['Other, each', '<= 0.05 %', '<= 0.05 %', '']","['Tensile Strength, Ultimate', '159 MPa', '23000 psi', 'AA; Typical']","['Tensile Strength, Yield', '152 MPa', '22000 psi', 'AA; Typical']","['Elongation at Break', '6.0 %@Thickness 1.59 mm', '6.0 %@Thickness 0.0625 in', 'AA; Typical']"
Aluminum 5005-H14,"['Other, total', '<= 0.15 %', '<= 0.15 %', '']","['Tensile Strength, Ultimate', '159 MPa', '23000 psi', 'AA; Typical']","['Tensile Strength, Yield', '152 MPa', '22000 psi', 'AA; Typical']","['Elongation at Break', '6.0 %@Thickness 1.59 mm', '6.0 %@Thickness 0.0625 in', 'AA; Typical']"
Aluminum 5005-H14,"['Silicon, Si', '<= 0.30 %', '<= 0.30 %', '']","['Tensile Strength, Ultimate', '159 MPa', '23000 psi', 'AA; Typical']","['Tensile Strength, Yield', '152 MPa', '22000 psi', 'AA; Typical']","['Elongation at Break', '6.0 %@Thickness 1.59 mm', '6.0 %@Thickness 0.0625 in', 'AA; Typical']"
Aluminum 5005-H14,"['Zinc, Zn', '<= 0.25 %', '<= 0.25 %', '']","['Tensile Strength, Ultimate', '159 MPa', '23000 psi', 'AA; Typical']","['Tensile Strength, Yield', '152 MPa', '22000 psi', 'AA; Typical']","['Elongation at Break', '6.0 %@Thickness 1.59 mm', '6.0 %@Thickness 0.0625 in', 'AA; Typical']"
