"Silver-bearing tough pitch Copper, UNS C11600, H00 Temper flat products","['Copper, Cu', '99 - 99.9 %', '99 - 99.9 %', '']","['Tensile Strength, Ultimate', '250 MPa', '36300 psi', '']","['Tensile Strength, Yield', '195 MPa', '28300 psi', '']","['Elongation at Break', '30 %@Thickness 1.00 mm', '30 %@Thickness 0.0394 in', 'In 50 mm']"
"Silver-bearing tough pitch Copper, UNS C11600, H00 Temper flat products","['Oxygen, O', '<= 0.040 %', '<= 0.040 %', '']","['Tensile Strength, Ultimate', '250 MPa', '36300 psi', '']","['Tensile Strength, Yield', '195 MPa', '28300 psi', '']","['Elongation at Break', '30 %@Thickness 1.00 mm', '30 %@Thickness 0.0394 in', 'In 50 mm']"
"Silver-bearing tough pitch Copper, UNS C11600, H00 Temper flat products","['Silver, Ag', '<= 0.085 %', '<= 0.085 %', '']","['Tensile Strength, Ultimate', '250 MPa', '36300 psi', '']","['Tensile Strength, Yield', '195 MPa', '28300 psi', '']","['Elongation at Break', '30 %@Thickness 1.00 mm', '30 %@Thickness 0.0394 in', 'In 50 mm']"
"Silver-bearing tough pitch Copper, UNS C11300, H01 Temper flat products","['Copper, Cu', '99 - 99.9 %', '99 - 99.9 %', '']","['Tensile Strength, Ultimate', '260 MPa', '37700 psi', '']","['Tensile Strength, Yield', '205 MPa', '29700 psi', '']","['Elongation at Break', '25 %@Thickness 1.00 mm', '25 %@Thickness 0.0394 in', 'In 50 mm']"
"Silver-bearing tough pitch Copper, UNS C11300, H01 Temper flat products","['Oxygen, O', '<= 0.040 %', '<= 0.040 %', '']","['Tensile Strength, Ultimate', '260 MPa', '37700 psi', '']","['Tensile Strength, Yield', '205 MPa', '29700 psi', '']","['Elongation at Break', '25 %@Thickness 1.00 mm', '25 %@Thickness 0.0394 in', 'In 50 mm']"
"Silver-bearing tough pitch Copper, UNS C11300, H01 Temper flat products","['Silver, Ag', '<= 0.027 %', '<= 0.027 %', '']","['Tensile Strength, Ultimate', '260 MPa', '37700 psi', '']","['Tensile Strength, Yield', '205 MPa', '29700 psi', '']","['Elongation at Break', '25 %@Thickness 1.00 mm', '25 %@Thickness 0.0394 in', 'In 50 mm']"
"Silver-bearing tough pitch Copper, UNS C11400, H01 Temper flat products","['Copper, Cu', '99 - 99.9 %', '99 - 99.9 %', '']","['Tensile Strength, Ultimate', '260 MPa', '37700 psi', '']","['Tensile Strength, Yield', '205 MPa', '29700 psi', '']","['Elongation at Break', '25 %@Thickness 1.00 mm', '25 %@Thickness 0.0394 in', 'in 50 mm']"
"Silver-bearing tough pitch Copper, UNS C11400, H01 Temper flat products","['Oxygen, O', '<= 0.040 %', '<= 0.040 %', '']","['Tensile Strength, Ultimate', '260 MPa', '37700 psi', '']","['Tensile Strength, Yield', '205 MPa', '29700 psi', '']","['Elongation at Break', '25 %@Thickness 1.00 mm', '25 %@Thickness 0.0394 in', 'in 50 mm']"
"Silver-bearing tough pitch Copper, UNS C11400, H01 Temper flat products","['Silver, Ag', '<= 0.034 %', '<= 0.034 %', '']","['Tensile Strength, Ultimate', '260 MPa', '37700 psi', '']","['Tensile Strength, Yield', '205 MPa', '29700 psi', '']","['Elongation at Break', '25 %@Thickness 1.00 mm', '25 %@Thickness 0.0394 in', 'in 50 mm']"
"Silver-bearing tough pitch Copper, UNS C11500, H01 Temper flat products","['Copper, Cu', '99 - 99.9 %', '99 - 99.9 %', '']","['Tensile Strength, Ultimate', '260 MPa', '37700 psi', '']","['Tensile Strength, Yield', '205 MPa', '29700 psi', '']","['Elongation at Break', '25 %@Thickness 1.00 mm', '25 %@Thickness 0.0394 in', 'in 50 mm']"
"Silver-bearing tough pitch Copper, UNS C11500, H01 Temper flat products","['Oxygen, O', '<= 0.040 %', '<= 0.040 %', '']","['Tensile Strength, Ultimate', '260 MPa', '37700 psi', '']","['Tensile Strength, Yield', '205 MPa', '29700 psi', '']","['Elongation at Break', '25 %@Thickness 1.00 mm', '25 %@Thickness 0.0394 in', 'in 50 mm']"
"Silver-bearing tough pitch Copper, UNS C11500, H01 Temper flat products","['Silver, Ag', '<= 0.054 %', '<= 0.054 %', '']","['Tensile Strength, Ultimate', '260 MPa', '37700 psi', '']","['Tensile Strength, Yield', '205 MPa', '29700 psi', '']","['Elongation at Break', '25 %@Thickness 1.00 mm', '25 %@Thickness 0.0394 in', 'in 50 mm']"
"Silver-bearing tough pitch Copper, UNS C11600, H01 Temper flat products","['Copper, Cu', '99 - 99.9 %', '99 - 99.9 %', '']","['Tensile Strength, Ultimate', '260 MPa', '37700 psi', '']","['Tensile Strength, Yield', '205 MPa', '29700 psi', '']","['Elongation at Break', '25 %@Thickness 1.00 mm', '25 %@Thickness 0.0394 in', 'In 50 mm']"
"Silver-bearing tough pitch Copper, UNS C11600, H01 Temper flat products","['Oxygen, O', '<= 0.040 %', '<= 0.040 %', '']","['Tensile Strength, Ultimate', '260 MPa', '37700 psi', '']","['Tensile Strength, Yield', '205 MPa', '29700 psi', '']","['Elongation at Break', '25 %@Thickness 1.00 mm', '25 %@Thickness 0.0394 in', 'In 50 mm']"
"Silver-bearing tough pitch Copper, UNS C11600, H01 Temper flat products","['Silver, Ag', '<= 0.085 %', '<= 0.085 %', '']","['Tensile Strength, Ultimate', '260 MPa', '37700 psi', '']","['Tensile Strength, Yield', '205 MPa', '29700 psi', '']","['Elongation at Break', '25 %@Thickness 1.00 mm', '25 %@Thickness 0.0394 in', 'In 50 mm']"
"Silver-bearing tough pitch Copper, UNS C11300, H02 Temper flat products","['Copper, Cu', '99 - 99.9 %', '99 - 99.9 %', '']","['Tensile Strength, Ultimate', '290 MPa', '42100 psi', '']","['Tensile Strength, Yield', '250 MPa', '36300 psi', '']","['Elongation at Break', '14 %', '14 %', 'in 50 mm']"
"Silver-bearing tough pitch Copper, UNS C11300, H02 Temper flat products","['Oxygen, O', '<= 0.040 %', '<= 0.040 %', '']","['Tensile Strength, Ultimate', '290 MPa', '42100 psi', '']","['Tensile Strength, Yield', '250 MPa', '36300 psi', '']","['Elongation at Break', '14 %', '14 %', 'in 50 mm']"
"Silver-bearing tough pitch Copper, UNS C11300, H02 Temper flat products","['Silver, Ag', '<= 0.027 %', '<= 0.027 %', '']","['Tensile Strength, Ultimate', '290 MPa', '42100 psi', '']","['Tensile Strength, Yield', '250 MPa', '36300 psi', '']","['Elongation at Break', '14 %', '14 %', 'in 50 mm']"
"Silver-bearing tough pitch Copper, UNS C11400, H02 Temper flat products","['Copper, Cu', '99 - 99.9 %', '99 - 99.9 %', '']","['Tensile Strength, Ultimate', '290 MPa', '42100 psi', '']","['Tensile Strength, Yield', '250 MPa', '36300 psi', '']","['Elongation at Break', '14 %', '14 %', 'in 50 mm']"
"Silver-bearing tough pitch Copper, UNS C11400, H02 Temper flat products","['Oxygen, O', '<= 0.040 %', '<= 0.040 %', '']","['Tensile Strength, Ultimate', '290 MPa', '42100 psi', '']","['Tensile Strength, Yield', '250 MPa', '36300 psi', '']","['Elongation at Break', '14 %', '14 %', 'in 50 mm']"
"Silver-bearing tough pitch Copper, UNS C11400, H02 Temper flat products","['Silver, Ag', '<= 0.034 %', '<= 0.034 %', '']","['Tensile Strength, Ultimate', '290 MPa', '42100 psi', '']","['Tensile Strength, Yield', '250 MPa', '36300 psi', '']","['Elongation at Break', '14 %', '14 %', 'in 50 mm']"
"Silver-bearing tough pitch Copper, UNS C11500, H02 Temper flat products","['Copper, Cu', '99 - 99.9 %', '99 - 99.9 %', '']","['Tensile Strength, Ultimate', '290 MPa', '42100 psi', '']","['Tensile Strength, Yield', '250 MPa', '36300 psi', '']","['Elongation at Break', '14 %', '14 %', 'in 50 mm']"
"Silver-bearing tough pitch Copper, UNS C11500, H02 Temper flat products","['Oxygen, O', '<= 0.040 %', '<= 0.040 %', '']","['Tensile Strength, Ultimate', '290 MPa', '42100 psi', '']","['Tensile Strength, Yield', '250 MPa', '36300 psi', '']","['Elongation at Break', '14 %', '14 %', 'in 50 mm']"
"Silver-bearing tough pitch Copper, UNS C11500, H02 Temper flat products","['Silver, Ag', '<= 0.054 %', '<= 0.054 %', '']","['Tensile Strength, Ultimate', '290 MPa', '42100 psi', '']","['Tensile Strength, Yield', '250 MPa', '36300 psi', '']","['Elongation at Break', '14 %', '14 %', 'in 50 mm']"
"Silver-bearing tough pitch Copper, UNS C11600, H02 Temper flat products","['Copper, Cu', '99 - 99.9 %', '99 - 99.9 %', '']","['Tensile Strength, Ultimate', '290 MPa', '42100 psi', '']","['Tensile Strength, Yield', '250 MPa', '36300 psi', '']","['Elongation at Break', '14 %', '14 %', 'in 50 mm']"
"Silver-bearing tough pitch Copper, UNS C11600, H02 Temper flat products","['Oxygen, O', '<= 0.040 %', '<= 0.040 %', '']","['Tensile Strength, Ultimate', '290 MPa', '42100 psi', '']","['Tensile Strength, Yield', '250 MPa', '36300 psi', '']","['Elongation at Break', '14 %', '14 %', 'in 50 mm']"
"Silver-bearing tough pitch Copper, UNS C11600, H02 Temper flat products","['Silver, Ag', '<= 0.085 %', '<= 0.085 %', '']","['Tensile Strength, Ultimate', '290 MPa', '42100 psi', '']","['Tensile Strength, Yield', '250 MPa', '36300 psi', '']","['Elongation at Break', '14 %', '14 %', 'in 50 mm']"
"Silver-bearing tough pitch Copper, UNS C11300, H04 Temper flat products","['Copper, Cu', '99 - 99.9 %', '99 - 99.9 %', '']","['Tensile Strength, Ultimate', '345 MPa', '50000 psi', '']","['Tensile Strength, Yield', '310 MPa', '45000 psi', '']","['Elongation at Break', '6.0 %@Thickness 1.00 mm', '6.0 %@Thickness 0.0394 in', 'in 50 mm']"
"Silver-bearing tough pitch Copper, UNS C11300, H04 Temper flat products","['Oxygen, O', '<= 0.040 %', '<= 0.040 %', '']","['Tensile Strength, Ultimate', '345 MPa', '50000 psi', '']","['Tensile Strength, Yield', '310 MPa', '45000 psi', '']","['Elongation at Break', '6.0 %@Thickness 1.00 mm', '6.0 %@Thickness 0.0394 in', 'in 50 mm']"
"Silver-bearing tough pitch Copper, UNS C11300, H04 Temper flat products","['Silver, Ag', '<= 0.027 %', '<= 0.027 %', '']","['Tensile Strength, Ultimate', '345 MPa', '50000 psi', '']","['Tensile Strength, Yield', '310 MPa', '45000 psi', '']","['Elongation at Break', '6.0 %@Thickness 1.00 mm', '6.0 %@Thickness 0.0394 in', 'in 50 mm']"
"Silver-bearing tough pitch Copper, UNS C11400, H04 Temper flat products","['Copper, Cu', '99 - 99.9 %', '99 - 99.9 %', '']","['Tensile Strength, Ultimate', '345 MPa', '50000 psi', '']","['Tensile Strength, Yield', '310 MPa', '45000 psi', '']","['Elongation at Break', '6.0 %@Thickness 1.00 mm', '6.0 %@Thickness 0.0394 in', 'In 50 mm']"
"Silver-bearing tough pitch Copper, UNS C11400, H04 Temper flat products","['Oxygen, O', '<= 0.040 %', '<= 0.040 %', '']","['Tensile Strength, Ultimate', '345 MPa', '50000 psi', '']","['Tensile Strength, Yield', '310 MPa', '45000 psi', '']","['Elongation at Break', '6.0 %@Thickness 1.00 mm', '6.0 %@Thickness 0.0394 in', 'In 50 mm']"
"Silver-bearing tough pitch Copper, UNS C11400, H04 Temper flat products","['Silver, Ag', '<= 0.034 %', '<= 0.034 %', '']","['Tensile Strength, Ultimate', '345 MPa', '50000 psi', '']","['Tensile Strength, Yield', '310 MPa', '45000 psi', '']","['Elongation at Break', '6.0 %@Thickness 1.00 mm', '6.0 %@Thickness 0.0394 in', 'In 50 mm']"
"Silver-bearing tough pitch Copper, UNS C11500, H04 Temper flat products","['Copper, Cu', '99 - 99.9 %', '99 - 99.9 %', '']","['Tensile Strength, Ultimate', '345 MPa', '50000 psi', '']","['Tensile Strength, Yield', '310 MPa', '45000 psi', '']","['Elongation at Break', '6.0 %@Thickness 1.00 mm', '6.0 %@Thickness 0.0394 in', 'In 50 mm']"
"Silver-bearing tough pitch Copper, UNS C11500, H04 Temper flat products","['Oxygen, O', '<= 0.040 %', '<= 0.040 %', '']","['Tensile Strength, Ultimate', '345 MPa', '50000 psi', '']","['Tensile Strength, Yield', '310 MPa', '45000 psi', '']","['Elongation at Break', '6.0 %@Thickness 1.00 mm', '6.0 %@Thickness 0.0394 in', 'In 50 mm']"
"Silver-bearing tough pitch Copper, UNS C11500, H04 Temper flat products","['Silver, Ag', '<= 0.054 %', '<= 0.054 %', '']","['Tensile Strength, Ultimate', '345 MPa', '50000 psi', '']","['Tensile Strength, Yield', '310 MPa', '45000 psi', '']","['Elongation at Break', '6.0 %@Thickness 1.00 mm', '6.0 %@Thickness 0.0394 in', 'In 50 mm']"
"Silver-bearing tough pitch Copper, UNS C11600, H04 Temper flat products","['Copper, Cu', '99 - 99.9 %', '99 - 99.9 %', '']","['Tensile Strength, Ultimate', '345 MPa', '50000 psi', '']","['Tensile Strength, Yield', '310 MPa', '45000 psi', '']","['Elongation at Break', '6.0 %@Thickness 1.00 mm', '6.0 %@Thickness 0.0394 in', 'In 50 mm']"
"Silver-bearing tough pitch Copper, UNS C11600, H04 Temper flat products","['Oxygen, O', '<= 0.040 %', '<= 0.040 %', '']","['Tensile Strength, Ultimate', '345 MPa', '50000 psi', '']","['Tensile Strength, Yield', '310 MPa', '45000 psi', '']","['Elongation at Break', '6.0 %@Thickness 1.00 mm', '6.0 %@Thickness 0.0394 in', 'In 50 mm']"
"Silver-bearing tough pitch Copper, UNS C11600, H04 Temper flat products","['Silver, Ag', '<= 0.085 %', '<= 0.085 %', '']","['Tensile Strength, Ultimate', '345 MPa', '50000 psi', '']","['Tensile Strength, Yield', '310 MPa', '45000 psi', '']","['Elongation at Break', '6.0 %@Thickness 1.00 mm', '6.0 %@Thickness 0.0394 in', 'In 50 mm']"
"Silver-bearing tough pitch Copper, UNS C11300, H08 Temper flat products","['Copper, Cu', '99 - 99.9 %', '99 - 99.9 %', '']","['Tensile Strength, Ultimate', '380 MPa', '55100 psi', '']","['Tensile Strength, Yield', '345 MPa', '50000 psi', '']","['Elongation at Break', '4.0 %', '4.0 %', 'in 50 mm']"
"Silver-bearing tough pitch Copper, UNS C11300, H08 Temper flat products","['Oxygen, O', '<= 0.040 %', '<= 0.040 %', '']","['Tensile Strength, Ultimate', '380 MPa', '55100 psi', '']","['Tensile Strength, Yield', '345 MPa', '50000 psi', '']","['Elongation at Break', '4.0 %', '4.0 %', 'in 50 mm']"
"Silver-bearing tough pitch Copper, UNS C11300, H08 Temper flat products","['Silver, Ag', '<= 0.027 %', '<= 0.027 %', '']","['Tensile Strength, Ultimate', '380 MPa', '55100 psi', '']","['Tensile Strength, Yield', '345 MPa', '50000 psi', '']","['Elongation at Break', '4.0 %', '4.0 %', 'in 50 mm']"
"Silver-bearing tough pitch Copper, UNS C11400, H08 Temper flat products","['Copper, Cu', '99 - 99.9 %', '99 - 99.9 %', '']","['Tensile Strength, Ultimate', '380 MPa', '55100 psi', '']","['Tensile Strength, Yield', '345 MPa', '50000 psi', '']","['Elongation at Break', '4.0 %', '4.0 %', 'in 50 mm']"
"Silver-bearing tough pitch Copper, UNS C11400, H08 Temper flat products","['Oxygen, O', '<= 0.040 %', '<= 0.040 %', '']","['Tensile Strength, Ultimate', '380 MPa', '55100 psi', '']","['Tensile Strength, Yield', '345 MPa', '50000 psi', '']","['Elongation at Break', '4.0 %', '4.0 %', 'in 50 mm']"
"Silver-bearing tough pitch Copper, UNS C11400, H08 Temper flat products","['Silver, Ag', '<= 0.034 %', '<= 0.034 %', '']","['Tensile Strength, Ultimate', '380 MPa', '55100 psi', '']","['Tensile Strength, Yield', '345 MPa', '50000 psi', '']","['Elongation at Break', '4.0 %', '4.0 %', 'in 50 mm']"
"Silver-bearing tough pitch Copper, UNS C11500, H08 Temper flat products","['Copper, Cu', '99 - 99.9 %', '99 - 99.9 %', '']","['Tensile Strength, Ultimate', '380 MPa', '55100 psi', '']","['Tensile Strength, Yield', '345 MPa', '50000 psi', '']","['Elongation at Break', '4.0 %', '4.0 %', 'in 50 mm']"
"Silver-bearing tough pitch Copper, UNS C11500, H08 Temper flat products","['Oxygen, O', '<= 0.040 %', '<= 0.040 %', '']","['Tensile Strength, Ultimate', '380 MPa', '55100 psi', '']","['Tensile Strength, Yield', '345 MPa', '50000 psi', '']","['Elongation at Break', '4.0 %', '4.0 %', 'in 50 mm']"
"Silver-bearing tough pitch Copper, UNS C11500, H08 Temper flat products","['Silver, Ag', '<= 0.054 %', '<= 0.054 %', '']","['Tensile Strength, Ultimate', '380 MPa', '55100 psi', '']","['Tensile Strength, Yield', '345 MPa', '50000 psi', '']","['Elongation at Break', '4.0 %', '4.0 %', 'in 50 mm']"
"Silver-bearing tough pitch Copper, UNS C11600, H08 Temper flat products","['Copper, Cu', '99 - 99.9 %', '99 - 99.9 %', '']","['Tensile Strength, Ultimate', '380 MPa', '55100 psi', '']","['Tensile Strength, Yield', '345 MPa', '50000 psi', '']","['Elongation at Break', '4.0 %', '4.0 %', 'in 50 mm']"
"Silver-bearing tough pitch Copper, UNS C11600, H08 Temper flat products","['Oxygen, O', '<= 0.040 %', '<= 0.040 %', '']","['Tensile Strength, Ultimate', '380 MPa', '55100 psi', '']","['Tensile Strength, Yield', '345 MPa', '50000 psi', '']","['Elongation at Break', '4.0 %', '4.0 %', 'in 50 mm']"
"Silver-bearing tough pitch Copper, UNS C11600, H08 Temper flat products","['Silver, Ag', '<= 0.085 %', '<= 0.085 %', '']","['Tensile Strength, Ultimate', '380 MPa', '55100 psi', '']","['Tensile Strength, Yield', '345 MPa', '50000 psi', '']","['Elongation at Break', '4.0 %', '4.0 %', 'in 50 mm']"
"Silver-bearing tough pitch Copper, UNS C11300, H10 Temper flat products","['Copper, Cu', '99 - 99.9 %', '99 - 99.9 %', '']","['Tensile Strength, Ultimate', '395 MPa', '57300 psi', '']","['Tensile Strength, Yield', '365 MPa', '52900 psi', '']","['Elongation at Break', '4.0 %', '4.0 %', 'in 50 mm']"
"Silver-bearing tough pitch Copper, UNS C11300, H10 Temper flat products","['Oxygen, O', '<= 0.040 %', '<= 0.040 %', '']","['Tensile Strength, Ultimate', '395 MPa', '57300 psi', '']","['Tensile Strength, Yield', '365 MPa', '52900 psi', '']","['Elongation at Break', '4.0 %', '4.0 %', 'in 50 mm']"
"Silver-bearing tough pitch Copper, UNS C11300, H10 Temper flat products","['Silver, Ag', '<= 0.027 %', '<= 0.027 %', '']","['Tensile Strength, Ultimate', '395 MPa', '57300 psi', '']","['Tensile Strength, Yield', '365 MPa', '52900 psi', '']","['Elongation at Break', '4.0 %', '4.0 %', 'in 50 mm']"
"Silver-bearing tough pitch Copper, UNS C11400, H10 Temper flat products","['Copper, Cu', '99 - 99.9 %', '99 - 99.9 %', '']","['Tensile Strength, Ultimate', '395 MPa', '57300 psi', '']","['Tensile Strength, Yield', '365 MPa', '52900 psi', '']","['Elongation at Break', '4.0 %', '4.0 %', 'in 50 mm']"
"Silver-bearing tough pitch Copper, UNS C11400, H10 Temper flat products","['Oxygen, O', '<= 0.040 %', '<= 0.040 %', '']","['Tensile Strength, Ultimate', '395 MPa', '57300 psi', '']","['Tensile Strength, Yield', '365 MPa', '52900 psi', '']","['Elongation at Break', '4.0 %', '4.0 %', 'in 50 mm']"
"Silver-bearing tough pitch Copper, UNS C11400, H10 Temper flat products","['Silver, Ag', '<= 0.034 %', '<= 0.034 %', '']","['Tensile Strength, Ultimate', '395 MPa', '57300 psi', '']","['Tensile Strength, Yield', '365 MPa', '52900 psi', '']","['Elongation at Break', '4.0 %', '4.0 %', 'in 50 mm']"
"Silver-bearing tough pitch Copper, UNS C11500, H10 Temper flat products","['Copper, Cu', '99 - 99.9 %', '99 - 99.9 %', '']","['Tensile Strength, Ultimate', '395 MPa', '57300 psi', '']","['Tensile Strength, Yield', '365 MPa', '52900 psi', '']","['Elongation at Break', '4.0 %', '4.0 %', 'in 50 mm']"
"Silver-bearing tough pitch Copper, UNS C11500, H10 Temper flat products","['Oxygen, O', '<= 0.040 %', '<= 0.040 %', '']","['Tensile Strength, Ultimate', '395 MPa', '57300 psi', '']","['Tensile Strength, Yield', '365 MPa', '52900 psi', '']","['Elongation at Break', '4.0 %', '4.0 %', 'in 50 mm']"
"Silver-bearing tough pitch Copper, UNS C11500, H10 Temper flat products","['Silver, Ag', '<= 0.054 %', '<= 0.054 %', '']","['Tensile Strength, Ultimate', '395 MPa', '57300 psi', '']","['Tensile Strength, Yield', '365 MPa', '52900 psi', '']","['Elongation at Break', '4.0 %', '4.0 %', 'in 50 mm']"
"Silver-bearing tough pitch Copper, UNS C11600, H10 Temper flat products","['Copper, Cu', '99 - 99.9 %', '99 - 99.9 %', '']","['Tensile Strength, Ultimate', '395 MPa', '57300 psi', '']","['Tensile Strength, Yield', '365 MPa', '52900 psi', '']","['Elongation at Break', '4.0 %', '4.0 %', 'in 50 mm']"
"Silver-bearing tough pitch Copper, UNS C11600, H10 Temper flat products","['Oxygen, O', '<= 0.040 %', '<= 0.040 %', '']","['Tensile Strength, Ultimate', '395 MPa', '57300 psi', '']","['Tensile Strength, Yield', '365 MPa', '52900 psi', '']","['Elongation at Break', '4.0 %', '4.0 %', 'in 50 mm']"
"Silver-bearing tough pitch Copper, UNS C11600, H10 Temper flat products","['Silver, Ag', '<= 0.085 %', '<= 0.085 %', '']","['Tensile Strength, Ultimate', '395 MPa', '57300 psi', '']","['Tensile Strength, Yield', '365 MPa', '52900 psi', '']","['Elongation at Break', '4.0 %', '4.0 %', 'in 50 mm']"
"Silver-bearing tough pitch Copper, UNS C11300, M20 Temper flat products","['Copper, Cu', '99 - 99.9 %', '99 - 99.9 %', '']","['Tensile Strength, Ultimate', '235 MPa', '34100 psi', '']","['Tensile Strength, Yield', '69.0 MPa', '10000 psi', '']","['Elongation at Break', '45 %', '45 %', 'in 50 mm']"
"Silver-bearing tough pitch Copper, UNS C11300, M20 Temper flat products","['Oxygen, O', '<= 0.040 %', '<= 0.040 %', '']","['Tensile Strength, Ultimate', '235 MPa', '34100 psi', '']","['Tensile Strength, Yield', '69.0 MPa', '10000 psi', '']","['Elongation at Break', '45 %', '45 %', 'in 50 mm']"
"Silver-bearing tough pitch Copper, UNS C11300, M20 Temper flat products","['Silver, Ag', '<= 0.027 %', '<= 0.027 %', '']","['Tensile Strength, Ultimate', '235 MPa', '34100 psi', '']","['Tensile Strength, Yield', '69.0 MPa', '10000 psi', '']","['Elongation at Break', '45 %', '45 %', 'in 50 mm']"
"Silver-bearing tough pitch Copper, UNS C11400, M20 Temper flat products","['Copper, Cu', '99 - 99.9 %', '99 - 99.9 %', '']","['Tensile Strength, Ultimate', '235 MPa', '34100 psi', '']","['Tensile Strength, Yield', '69.0 MPa', '10000 psi', '']","['Elongation at Break', '45 %', '45 %', 'in 50 mm']"
"Silver-bearing tough pitch Copper, UNS C11400, M20 Temper flat products","['Oxygen, O', '<= 0.040 %', '<= 0.040 %', '']","['Tensile Strength, Ultimate', '235 MPa', '34100 psi', '']","['Tensile Strength, Yield', '69.0 MPa', '10000 psi', '']","['Elongation at Break', '45 %', '45 %', 'in 50 mm']"
"Silver-bearing tough pitch Copper, UNS C11400, M20 Temper flat products","['Silver, Ag', '<= 0.034 %', '<= 0.034 %', '']","['Tensile Strength, Ultimate', '235 MPa', '34100 psi', '']","['Tensile Strength, Yield', '69.0 MPa', '10000 psi', '']","['Elongation at Break', '45 %', '45 %', 'in 50 mm']"
"Silver-bearing tough pitch Copper, UNS C11500, M20 Temper flat products","['Copper, Cu', '99 - 99.9 %', '99 - 99.9 %', '']","['Tensile Strength, Ultimate', '235 MPa', '34100 psi', '']","['Tensile Strength, Yield', '69.0 MPa', '10000 psi', '']","['Elongation at Break', '45 %', '45 %', 'in 50 mm']"
"Silver-bearing tough pitch Copper, UNS C11500, M20 Temper flat products","['Oxygen, O', '<= 0.040 %', '<= 0.040 %', '']","['Tensile Strength, Ultimate', '235 MPa', '34100 psi', '']","['Tensile Strength, Yield', '69.0 MPa', '10000 psi', '']","['Elongation at Break', '45 %', '45 %', 'in 50 mm']"
"Silver-bearing tough pitch Copper, UNS C11500, M20 Temper flat products","['Silver, Ag', '<= 0.054 %', '<= 0.054 %', '']","['Tensile Strength, Ultimate', '235 MPa', '34100 psi', '']","['Tensile Strength, Yield', '69.0 MPa', '10000 psi', '']","['Elongation at Break', '45 %', '45 %', 'in 50 mm']"
"Silver-bearing tough pitch Copper, UNS C11600, M20 Temper flat products","['Copper, Cu', '99 - 99.9 %', '99 - 99.9 %', '']","['Tensile Strength, Ultimate', '235 MPa', '34100 psi', '']","['Tensile Strength, Yield', '69.0 MPa', '10000 psi', '']","['Elongation at Break', '45 %', '45 %', 'in 50 mm']"
"Silver-bearing tough pitch Copper, UNS C11600, M20 Temper flat products","['Oxygen, O', '<= 0.040 %', '<= 0.040 %', '']","['Tensile Strength, Ultimate', '235 MPa', '34100 psi', '']","['Tensile Strength, Yield', '69.0 MPa', '10000 psi', '']","['Elongation at Break', '45 %', '45 %', 'in 50 mm']"
"Silver-bearing tough pitch Copper, UNS C11600, M20 Temper flat products","['Silver, Ag', '<= 0.085 %', '<= 0.085 %', '']","['Tensile Strength, Ultimate', '235 MPa', '34100 psi', '']","['Tensile Strength, Yield', '69.0 MPa', '10000 psi', '']","['Elongation at Break', '45 %', '45 %', 'in 50 mm']"
"Silver-bearing tough pitch Copper, UNS C11300, H04 Temper flat products, 25 mm thick","['Copper, Cu', '99 - 99.9 %', '99 - 99.9 %', '']","['Tensile Strength, Ultimate', '310 MPa', '45000 psi', '']","['Tensile Strength, Yield', '275 MPa', '39900 psi', '']","['Elongation at Break', '20 %', '20 %', 'in 50 mm']"
"Silver-bearing tough pitch Copper, UNS C11300, H04 Temper flat products, 25 mm thick","['Oxygen, O', '<= 0.040 %', '<= 0.040 %', '']","['Tensile Strength, Ultimate', '310 MPa', '45000 psi', '']","['Tensile Strength, Yield', '275 MPa', '39900 psi', '']","['Elongation at Break', '20 %', '20 %', 'in 50 mm']"
"Silver-bearing tough pitch Copper, UNS C11300, H04 Temper flat products, 25 mm thick","['Silver, Ag', '<= 0.027 %', '<= 0.027 %', '']","['Tensile Strength, Ultimate', '310 MPa', '45000 psi', '']","['Tensile Strength, Yield', '275 MPa', '39900 psi', '']","['Elongation at Break', '20 %', '20 %', 'in 50 mm']"
"Silver-bearing tough pitch Copper, UNS C11400, H04 Temper flat products, 25 mm thick","['Copper, Cu', '99 - 99.9 %', '99 - 99.9 %', '']","['Tensile Strength, Ultimate', '310 MPa', '45000 psi', '']","['Tensile Strength, Yield', '275 MPa', '39900 psi', '']","['Elongation at Break', '20 %', '20 %', 'in 50 mm']"
"Silver-bearing tough pitch Copper, UNS C11400, H04 Temper flat products, 25 mm thick","['Oxygen, O', '<= 0.040 %', '<= 0.040 %', '']","['Tensile Strength, Ultimate', '310 MPa', '45000 psi', '']","['Tensile Strength, Yield', '275 MPa', '39900 psi', '']","['Elongation at Break', '20 %', '20 %', 'in 50 mm']"
"Silver-bearing tough pitch Copper, UNS C11400, H04 Temper flat products, 25 mm thick","['Silver, Ag', '<= 0.034 %', '<= 0.034 %', '']","['Tensile Strength, Ultimate', '310 MPa', '45000 psi', '']","['Tensile Strength, Yield', '275 MPa', '39900 psi', '']","['Elongation at Break', '20 %', '20 %', 'in 50 mm']"
"Silver-bearing tough pitch Copper, UNS C11500, H04 Temper flat products, 25 mm thick","['Copper, Cu', '99 - 99.9 %', '99 - 99.9 %', '']","['Tensile Strength, Ultimate', '310 MPa', '45000 psi', '']","['Tensile Strength, Yield', '275 MPa', '39900 psi', '']","['Elongation at Break', '20 %', '20 %', 'in 50 mm']"
"Silver-bearing tough pitch Copper, UNS C11500, H04 Temper flat products, 25 mm thick","['Oxygen, O', '<= 0.040 %', '<= 0.040 %', '']","['Tensile Strength, Ultimate', '310 MPa', '45000 psi', '']","['Tensile Strength, Yield', '275 MPa', '39900 psi', '']","['Elongation at Break', '20 %', '20 %', 'in 50 mm']"
"Silver-bearing tough pitch Copper, UNS C11500, H04 Temper flat products, 25 mm thick","['Silver, Ag', '<= 0.054 %', '<= 0.054 %', '']","['Tensile Strength, Ultimate', '310 MPa', '45000 psi', '']","['Tensile Strength, Yield', '275 MPa', '39900 psi', '']","['Elongation at Break', '20 %', '20 %', 'in 50 mm']"
"Silver-bearing tough pitch Copper, UNS C11600, H04 Temper flat products, 25 mm thick","['Copper, Cu', '99 - 99.9 %', '99 - 99.9 %', '']","['Tensile Strength, Ultimate', '310 MPa', '45000 psi', '']","['Tensile Strength, Yield', '275 MPa', '39900 psi', '']","['Elongation at Break', '20 %', '20 %', 'in 50 mm']"
"Silver-bearing tough pitch Copper, UNS C11600, H04 Temper flat products, 25 mm thick","['Oxygen, O', '<= 0.040 %', '<= 0.040 %', '']","['Tensile Strength, Ultimate', '310 MPa', '45000 psi', '']","['Tensile Strength, Yield', '275 MPa', '39900 psi', '']","['Elongation at Break', '20 %', '20 %', 'in 50 mm']"
"Silver-bearing tough pitch Copper, UNS C11600, H04 Temper flat products, 25 mm thick","['Silver, Ag', '<= 0.085 %', '<= 0.085 %', '']","['Tensile Strength, Ultimate', '310 MPa', '45000 psi', '']","['Tensile Strength, Yield', '275 MPa', '39900 psi', '']","['Elongation at Break', '20 %', '20 %', 'in 50 mm']"
"Silver-bearing tough pitch Copper, UNS C11300, M20 Temper flat products, rod, shapes","['Copper, Cu', '99 - 99.9 %', '99 - 99.9 %', '']","['Tensile Strength, Ultimate', '220 MPa', '31900 psi', '']","['Tensile Strength, Yield', '69.0 MPa', '10000 psi', '']","['Elongation at Break', '55 %', '55 %', 'in 50 mm, rod']"
"Silver-bearing tough pitch Copper, UNS C11300, M20 Temper flat products, rod, shapes","['Oxygen, O', '<= 0.040 %', '<= 0.040 %', '']","['Tensile Strength, Ultimate', '220 MPa', '31900 psi', '']","['Tensile Strength, Yield', '69.0 MPa', '10000 psi', '']","['Elongation at Break', '55 %', '55 %', 'in 50 mm, rod']"
"Silver-bearing tough pitch Copper, UNS C11300, M20 Temper flat products, rod, shapes","['Silver, Ag', '<= 0.027 %', '<= 0.027 %', '']","['Tensile Strength, Ultimate', '220 MPa', '31900 psi', '']","['Tensile Strength, Yield', '69.0 MPa', '10000 psi', '']","['Elongation at Break', '55 %', '55 %', 'in 50 mm, rod']"
"Silver-bearing tough pitch Copper, UNS C11400, M20 Temper flat products, rod, shapes","['Copper, Cu', '99 - 99.9 %', '99 - 99.9 %', '']","['Tensile Strength, Ultimate', '220 MPa', '31900 psi', '']","['Tensile Strength, Yield', '69.0 MPa', '10000 psi', '']","['Elongation at Break', '55 %', '55 %', 'in 50 mm, rod']"
"Silver-bearing tough pitch Copper, UNS C11400, M20 Temper flat products, rod, shapes","['Oxygen, O', '<= 0.040 %', '<= 0.040 %', '']","['Tensile Strength, Ultimate', '220 MPa', '31900 psi', '']","['Tensile Strength, Yield', '69.0 MPa', '10000 psi', '']","['Elongation at Break', '55 %', '55 %', 'in 50 mm, rod']"
"Silver-bearing tough pitch Copper, UNS C11400, M20 Temper flat products, rod, shapes","['Silver, Ag', '<= 0.034 %', '<= 0.034 %', '']","['Tensile Strength, Ultimate', '220 MPa', '31900 psi', '']","['Tensile Strength, Yield', '69.0 MPa', '10000 psi', '']","['Elongation at Break', '55 %', '55 %', 'in 50 mm, rod']"
"Silver-bearing tough pitch Copper, UNS C11500, M20 Temper flat products, rod, shapes","['Copper, Cu', '99 - 99.9 %', '99 - 99.9 %', '']","['Tensile Strength, Ultimate', '220 MPa', '31900 psi', '']","['Tensile Strength, Yield', '69.0 MPa', '10000 psi', '']","['Elongation at Break', '55 %', '55 %', 'in 50 mm, rod']"
"Silver-bearing tough pitch Copper, UNS C11500, M20 Temper flat products, rod, shapes","['Oxygen, O', '<= 0.040 %', '<= 0.040 %', '']","['Tensile Strength, Ultimate', '220 MPa', '31900 psi', '']","['Tensile Strength, Yield', '69.0 MPa', '10000 psi', '']","['Elongation at Break', '55 %', '55 %', 'in 50 mm, rod']"
"Silver-bearing tough pitch Copper, UNS C11500, M20 Temper flat products, rod, shapes","['Silver, Ag', '<= 0.054 %', '<= 0.054 %', '']","['Tensile Strength, Ultimate', '220 MPa', '31900 psi', '']","['Tensile Strength, Yield', '69.0 MPa', '10000 psi', '']","['Elongation at Break', '55 %', '55 %', 'in 50 mm, rod']"
"Silver-bearing tough pitch Copper, UNS C11600, M20 Temper flat products, rod, shapes","['Copper, Cu', '99 - 99.9 %', '99 - 99.9 %', '']","['Tensile Strength, Ultimate', '220 MPa', '31900 psi', '']","['Tensile Strength, Yield', '69.0 MPa', '10000 psi', '']","['Elongation at Break', '55 %', '55 %', 'in 50 mm, rod']"
"Silver-bearing tough pitch Copper, UNS C11600, M20 Temper flat products, rod, shapes","['Oxygen, O', '<= 0.040 %', '<= 0.040 %', '']","['Tensile Strength, Ultimate', '220 MPa', '31900 psi', '']","['Tensile Strength, Yield', '69.0 MPa', '10000 psi', '']","['Elongation at Break', '55 %', '55 %', 'in 50 mm, rod']"
"Silver-bearing tough pitch Copper, UNS C11600, M20 Temper flat products, rod, shapes","['Silver, Ag', '<= 0.085 %', '<= 0.085 %', '']","['Tensile Strength, Ultimate', '220 MPa', '31900 psi', '']","['Tensile Strength, Yield', '69.0 MPa', '10000 psi', '']","['Elongation at Break', '55 %', '55 %', 'in 50 mm, rod']"
"Silver-bearing tough pitch Copper, UNS C11300, H80 (40%) Temper rod","['Copper, Cu', '99 - 99.9 %', '99 - 99.9 %', '']","['Tensile Strength, Ultimate', '380 MPa', '55100 psi', '']","['Tensile Strength, Yield', '345 MPa', '50000 psi', '']","['Elongation at Break', '10 %', '10 %', 'in 50 mm']"
"Silver-bearing tough pitch Copper, UNS C11300, H80 (40%) Temper rod","['Oxygen, O', '<= 0.040 %', '<= 0.040 %', '']","['Tensile Strength, Ultimate', '380 MPa', '55100 psi', '']","['Tensile Strength, Yield', '345 MPa', '50000 psi', '']","['Elongation at Break', '10 %', '10 %', 'in 50 mm']"
"Silver-bearing tough pitch Copper, UNS C11300, H80 (40%) Temper rod","['Silver, Ag', '<= 0.027 %', '<= 0.027 %', '']","['Tensile Strength, Ultimate', '380 MPa', '55100 psi', '']","['Tensile Strength, Yield', '345 MPa', '50000 psi', '']","['Elongation at Break', '10 %', '10 %', 'in 50 mm']"
"Silver-bearing tough pitch Copper, UNS C11400, H80 (40%) Temper rod","['Copper, Cu', '99 - 99.9 %', '99 - 99.9 %', '']","['Tensile Strength, Ultimate', '380 MPa', '55100 psi', '']","['Tensile Strength, Yield', '345 MPa', '50000 psi', '']","['Elongation at Break', '10 %', '10 %', 'in 50 mm']"
"Silver-bearing tough pitch Copper, UNS C11400, H80 (40%) Temper rod","['Oxygen, O', '<= 0.040 %', '<= 0.040 %', '']","['Tensile Strength, Ultimate', '380 MPa', '55100 psi', '']","['Tensile Strength, Yield', '345 MPa', '50000 psi', '']","['Elongation at Break', '10 %', '10 %', 'in 50 mm']"
"Silver-bearing tough pitch Copper, UNS C11400, H80 (40%) Temper rod","['Silver, Ag', '<= 0.034 %', '<= 0.034 %', '']","['Tensile Strength, Ultimate', '380 MPa', '55100 psi', '']","['Tensile Strength, Yield', '345 MPa', '50000 psi', '']","['Elongation at Break', '10 %', '10 %', 'in 50 mm']"
"Silver-bearing tough pitch Copper, UNS C11500, H80 (40%) Temper rod","['Copper, Cu', '99 - 99.9 %', '99 - 99.9 %', '']","['Tensile Strength, Ultimate', '380 MPa', '55100 psi', '']","['Tensile Strength, Yield', '345 MPa', '50000 psi', '']","['Elongation at Break', '10 %', '10 %', 'in 50 mm']"
"Silver-bearing tough pitch Copper, UNS C11500, H80 (40%) Temper rod","['Oxygen, O', '<= 0.040 %', '<= 0.040 %', '']","['Tensile Strength, Ultimate', '380 MPa', '55100 psi', '']","['Tensile Strength, Yield', '345 MPa', '50000 psi', '']","['Elongation at Break', '10 %', '10 %', 'in 50 mm']"
"Silver-bearing tough pitch Copper, UNS C11500, H80 (40%) Temper rod","['Silver, Ag', '<= 0.054 %', '<= 0.054 %', '']","['Tensile Strength, Ultimate', '380 MPa', '55100 psi', '']","['Tensile Strength, Yield', '345 MPa', '50000 psi', '']","['Elongation at Break', '10 %', '10 %', 'in 50 mm']"
"Silver-bearing tough pitch Copper, UNS C11600, H80 (40%) Temper rod","['Copper, Cu', '99 - 99.9 %', '99 - 99.9 %', '']","['Tensile Strength, Ultimate', '380 MPa', '55100 psi', '']","['Tensile Strength, Yield', '345 MPa', '50000 psi', '']","['Elongation at Break', '10 %', '10 %', 'in 50 mm']"
"Silver-bearing tough pitch Copper, UNS C11600, H80 (40%) Temper rod","['Oxygen, O', '<= 0.040 %', '<= 0.040 %', '']","['Tensile Strength, Ultimate', '380 MPa', '55100 psi', '']","['Tensile Strength, Yield', '345 MPa', '50000 psi', '']","['Elongation at Break', '10 %', '10 %', 'in 50 mm']"
"Silver-bearing tough pitch Copper, UNS C11600, H80 (40%) Temper rod","['Silver, Ag', '<= 0.085 %', '<= 0.085 %', '']","['Tensile Strength, Ultimate', '380 MPa', '55100 psi', '']","['Tensile Strength, Yield', '345 MPa', '50000 psi', '']","['Elongation at Break', '10 %', '10 %', 'in 50 mm']"
"Silver-bearing tough pitch Copper, UNS C11300, H80 (35%) Temper rod","['Copper, Cu', '99 - 99.9 %', '99 - 99.9 %', '']","['Tensile Strength, Ultimate', '330 MPa', '47900 psi', '']","['Tensile Strength, Yield', '305 MPa', '44200 psi', '']","['Elongation at Break', '16 %', '16 %', 'in 50 mm']"
"Silver-bearing tough pitch Copper, UNS C11300, H80 (35%) Temper rod","['Oxygen, O', '<= 0.040 %', '<= 0.040 %', '']","['Tensile Strength, Ultimate', '330 MPa', '47900 psi', '']","['Tensile Strength, Yield', '305 MPa', '44200 psi', '']","['Elongation at Break', '16 %', '16 %', 'in 50 mm']"
"Silver-bearing tough pitch Copper, UNS C11300, H80 (35%) Temper rod","['Silver, Ag', '<= 0.027 %', '<= 0.027 %', '']","['Tensile Strength, Ultimate', '330 MPa', '47900 psi', '']","['Tensile Strength, Yield', '305 MPa', '44200 psi', '']","['Elongation at Break', '16 %', '16 %', 'in 50 mm']"
"Silver-bearing tough pitch Copper, UNS C11400, H80 (35%) Temper rod","['Copper, Cu', '99 - 99.9 %', '99 - 99.9 %', '']","['Tensile Strength, Ultimate', '330 MPa', '47900 psi', '']","['Tensile Strength, Yield', '305 MPa', '44200 psi', '']","['Elongation at Break', '16 %', '16 %', 'in 50 mm']"
"Silver-bearing tough pitch Copper, UNS C11400, H80 (35%) Temper rod","['Oxygen, O', '<= 0.040 %', '<= 0.040 %', '']","['Tensile Strength, Ultimate', '330 MPa', '47900 psi', '']","['Tensile Strength, Yield', '305 MPa', '44200 psi', '']","['Elongation at Break', '16 %', '16 %', 'in 50 mm']"
"Silver-bearing tough pitch Copper, UNS C11400, H80 (35%) Temper rod","['Silver, Ag', '<= 0.034 %', '<= 0.034 %', '']","['Tensile Strength, Ultimate', '330 MPa', '47900 psi', '']","['Tensile Strength, Yield', '305 MPa', '44200 psi', '']","['Elongation at Break', '16 %', '16 %', 'in 50 mm']"
"Silver-bearing tough pitch Copper, UNS C11500, H80 (35%) Temper rod","['Copper, Cu', '99 - 99.9 %', '99 - 99.9 %', '']","['Tensile Strength, Ultimate', '330 MPa', '47900 psi', '']","['Tensile Strength, Yield', '305 MPa', '44200 psi', '']","['Elongation at Break', '16 %', '16 %', 'in 50 mm']"
"Silver-bearing tough pitch Copper, UNS C11500, H80 (35%) Temper rod","['Oxygen, O', '<= 0.040 %', '<= 0.040 %', '']","['Tensile Strength, Ultimate', '330 MPa', '47900 psi', '']","['Tensile Strength, Yield', '305 MPa', '44200 psi', '']","['Elongation at Break', '16 %', '16 %', 'in 50 mm']"
"Silver-bearing tough pitch Copper, UNS C11500, H80 (35%) Temper rod","['Silver, Ag', '<= 0.054 %', '<= 0.054 %', '']","['Tensile Strength, Ultimate', '330 MPa', '47900 psi', '']","['Tensile Strength, Yield', '305 MPa', '44200 psi', '']","['Elongation at Break', '16 %', '16 %', 'in 50 mm']"
"Silver-bearing tough pitch Copper, UNS C11600, H80 (35%) Temper rod","['Copper, Cu', '99 - 99.9 %', '99 - 99.9 %', '']","['Tensile Strength, Ultimate', '330 MPa', '47900 psi', '']","['Tensile Strength, Yield', '305 MPa', '44200 psi', '']","['Elongation at Break', '16 %', '16 %', 'in 50 mm']"
"Silver-bearing tough pitch Copper, UNS C11600, H80 (35%) Temper rod","['Oxygen, O', '<= 0.040 %', '<= 0.040 %', '']","['Tensile Strength, Ultimate', '330 MPa', '47900 psi', '']","['Tensile Strength, Yield', '305 MPa', '44200 psi', '']","['Elongation at Break', '16 %', '16 %', 'in 50 mm']"
"Silver-bearing tough pitch Copper, UNS C11600, H80 (35%) Temper rod","['Silver, Ag', '<= 0.085 %', '<= 0.085 %', '']","['Tensile Strength, Ultimate', '330 MPa', '47900 psi', '']","['Tensile Strength, Yield', '305 MPa', '44200 psi', '']","['Elongation at Break', '16 %', '16 %', 'in 50 mm']"
"Silver-bearing tough pitch Copper, UNS C11300, H80 (16%) Temper rod","['Copper, Cu', '99 - 99.9 %', '99 - 99.9 %', '']","['Tensile Strength, Ultimate', '310 MPa', '45000 psi', '']","['Tensile Strength, Yield', '275 MPa', '39900 psi', '']","['Elongation at Break', '20 %', '20 %', 'in 50 mm']"
"Silver-bearing tough pitch Copper, UNS C11300, H80 (16%) Temper rod","['Oxygen, O', '<= 0.040 %', '<= 0.040 %', '']","['Tensile Strength, Ultimate', '310 MPa', '45000 psi', '']","['Tensile Strength, Yield', '275 MPa', '39900 psi', '']","['Elongation at Break', '20 %', '20 %', 'in 50 mm']"
"Silver-bearing tough pitch Copper, UNS C11300, H80 (16%) Temper rod","['Silver, Ag', '<= 0.027 %', '<= 0.027 %', '']","['Tensile Strength, Ultimate', '310 MPa', '45000 psi', '']","['Tensile Strength, Yield', '275 MPa', '39900 psi', '']","['Elongation at Break', '20 %', '20 %', 'in 50 mm']"
"Silver-bearing tough pitch Copper, UNS C11400, H80 (16%) Temper rod","['Copper, Cu', '99 - 99.9 %', '99 - 99.9 %', '']","['Tensile Strength, Ultimate', '310 MPa', '45000 psi', '']","['Tensile Strength, Yield', '275 MPa', '39900 psi', '']","['Elongation at Break', '20 %', '20 %', 'in 50 mm']"
"Silver-bearing tough pitch Copper, UNS C11400, H80 (16%) Temper rod","['Oxygen, O', '<= 0.040 %', '<= 0.040 %', '']","['Tensile Strength, Ultimate', '310 MPa', '45000 psi', '']","['Tensile Strength, Yield', '275 MPa', '39900 psi', '']","['Elongation at Break', '20 %', '20 %', 'in 50 mm']"
"Silver-bearing tough pitch Copper, UNS C11400, H80 (16%) Temper rod","['Silver, Ag', '<= 0.034 %', '<= 0.034 %', '']","['Tensile Strength, Ultimate', '310 MPa', '45000 psi', '']","['Tensile Strength, Yield', '275 MPa', '39900 psi', '']","['Elongation at Break', '20 %', '20 %', 'in 50 mm']"
"Silver-bearing tough pitch Copper, UNS C11500, H80 (16%) Temper rod","['Copper, Cu', '99 - 99.9 %', '99 - 99.9 %', '']","['Tensile Strength, Ultimate', '310 MPa', '45000 psi', '']","['Tensile Strength, Yield', '275 MPa', '39900 psi', '']","['Elongation at Break', '20 %', '20 %', 'in 50 mm']"
"Silver-bearing tough pitch Copper, UNS C11500, H80 (16%) Temper rod","['Oxygen, O', '<= 0.040 %', '<= 0.040 %', '']","['Tensile Strength, Ultimate', '310 MPa', '45000 psi', '']","['Tensile Strength, Yield', '275 MPa', '39900 psi', '']","['Elongation at Break', '20 %', '20 %', 'in 50 mm']"
"Silver-bearing tough pitch Copper, UNS C11500, H80 (16%) Temper rod","['Silver, Ag', '<= 0.054 %', '<= 0.054 %', '']","['Tensile Strength, Ultimate', '310 MPa', '45000 psi', '']","['Tensile Strength, Yield', '275 MPa', '39900 psi', '']","['Elongation at Break', '20 %', '20 %', 'in 50 mm']"
"Silver-bearing tough pitch Copper, UNS C11600, H80 (16%) Temper rod","['Copper, Cu', '99 - 99.9 %', '99 - 99.9 %', '']","['Tensile Strength, Ultimate', '310 MPa', '45000 psi', '']","['Tensile Strength, Yield', '275 MPa', '39900 psi', '']","['Elongation at Break', '20 %', '20 %', 'in 50 mm']"
"Silver-bearing tough pitch Copper, UNS C11600, H80 (16%) Temper rod","['Oxygen, O', '<= 0.040 %', '<= 0.040 %', '']","['Tensile Strength, Ultimate', '310 MPa', '45000 psi', '']","['Tensile Strength, Yield', '275 MPa', '39900 psi', '']","['Elongation at Break', '20 %', '20 %', 'in 50 mm']"
"Silver-bearing tough pitch Copper, UNS C11600, H80 (16%) Temper rod","['Silver, Ag', '<= 0.085 %', '<= 0.085 %', '']","['Tensile Strength, Ultimate', '310 MPa', '45000 psi', '']","['Tensile Strength, Yield', '275 MPa', '39900 psi', '']","['Elongation at Break', '20 %', '20 %', 'in 50 mm']"
"Silver-bearing tough pitch Copper, UNS C11300, H80 (15%) Temper shapes","['Copper, Cu', '99 - 99.9 %', '99 - 99.9 %', '']","['Tensile Strength, Ultimate', '275 MPa', '39900 psi', '']","['Tensile Strength, Yield', '220 MPa', '31900 psi', '']","['Elongation at Break', '30 %', '30 %', 'in 50 mm']"
"Silver-bearing tough pitch Copper, UNS C11300, H80 (15%) Temper shapes","['Oxygen, O', '<= 0.040 %', '<= 0.040 %', '']","['Tensile Strength, Ultimate', '275 MPa', '39900 psi', '']","['Tensile Strength, Yield', '220 MPa', '31900 psi', '']","['Elongation at Break', '30 %', '30 %', 'in 50 mm']"
"Silver-bearing tough pitch Copper, UNS C11300, H80 (15%) Temper shapes","['Silver, Ag', '<= 0.027 %', '<= 0.027 %', '']","['Tensile Strength, Ultimate', '275 MPa', '39900 psi', '']","['Tensile Strength, Yield', '220 MPa', '31900 psi', '']","['Elongation at Break', '30 %', '30 %', 'in 50 mm']"
"Silver-bearing tough pitch Copper, UNS C11400, H80 (15%) Temper shapes","['Copper, Cu', '99 - 99.9 %', '99 - 99.9 %', '']","['Tensile Strength, Ultimate', '275 MPa', '39900 psi', '']","['Tensile Strength, Yield', '220 MPa', '31900 psi', '']","['Elongation at Break', '30 %', '30 %', 'in 50 mm']"
"Silver-bearing tough pitch Copper, UNS C11400, H80 (15%) Temper shapes","['Oxygen, O', '<= 0.040 %', '<= 0.040 %', '']","['Tensile Strength, Ultimate', '275 MPa', '39900 psi', '']","['Tensile Strength, Yield', '220 MPa', '31900 psi', '']","['Elongation at Break', '30 %', '30 %', 'in 50 mm']"
"Silver-bearing tough pitch Copper, UNS C11400, H80 (15%) Temper shapes","['Silver, Ag', '<= 0.034 %', '<= 0.034 %', '']","['Tensile Strength, Ultimate', '275 MPa', '39900 psi', '']","['Tensile Strength, Yield', '220 MPa', '31900 psi', '']","['Elongation at Break', '30 %', '30 %', 'in 50 mm']"
"Silver-bearing tough pitch Copper, UNS C11500, H80 (15%) Temper shapes","['Copper, Cu', '99 - 99.9 %', '99 - 99.9 %', '']","['Tensile Strength, Ultimate', '275 MPa', '39900 psi', '']","['Tensile Strength, Yield', '220 MPa', '31900 psi', '']","['Elongation at Break', '30 %', '30 %', 'in 50 mm']"
"Silver-bearing tough pitch Copper, UNS C11500, H80 (15%) Temper shapes","['Oxygen, O', '<= 0.040 %', '<= 0.040 %', '']","['Tensile Strength, Ultimate', '275 MPa', '39900 psi', '']","['Tensile Strength, Yield', '220 MPa', '31900 psi', '']","['Elongation at Break', '30 %', '30 %', 'in 50 mm']"
"Silver-bearing tough pitch Copper, UNS C11500, H80 (15%) Temper shapes","['Silver, Ag', '<= 0.054 %', '<= 0.054 %', '']","['Tensile Strength, Ultimate', '275 MPa', '39900 psi', '']","['Tensile Strength, Yield', '220 MPa', '31900 psi', '']","['Elongation at Break', '30 %', '30 %', 'in 50 mm']"
"Silver-bearing tough pitch Copper, UNS C11600, H80 (15%) Temper shapes","['Copper, Cu', '99 - 99.9 %', '99 - 99.9 %', '']","['Tensile Strength, Ultimate', '275 MPa', '39900 psi', '']","['Tensile Strength, Yield', '220 MPa', '31900 psi', '']","['Elongation at Break', '30 %', '30 %', 'in 50 mm']"
"Silver-bearing tough pitch Copper, UNS C11600, H80 (15%) Temper shapes","['Oxygen, O', '<= 0.040 %', '<= 0.040 %', '']","['Tensile Strength, Ultimate', '275 MPa', '39900 psi', '']","['Tensile Strength, Yield', '220 MPa', '31900 psi', '']","['Elongation at Break', '30 %', '30 %', 'in 50 mm']"
"Silver-bearing tough pitch Copper, UNS C11600, H80 (15%) Temper shapes","['Silver, Ag', '<= 0.085 %', '<= 0.085 %', '']","['Tensile Strength, Ultimate', '275 MPa', '39900 psi', '']","['Tensile Strength, Yield', '220 MPa', '31900 psi', '']","['Elongation at Break', '30 %', '30 %', 'in 50 mm']"
"Silver-bearing tough pitch Copper, UNS C11300, M30 Temper shapes","['Copper, Cu', '99 - 99.9 %', '99 - 99.9 %', '']","['Tensile Strength, Ultimate', '220 MPa', '31900 psi', '']","['Tensile Strength, Yield', '69.0 MPa', '10000 psi', '']","['Elongation at Break', '50 %', '50 %', 'in 50 mm']"
"Silver-bearing tough pitch Copper, UNS C11300, M30 Temper shapes","['Oxygen, O', '<= 0.040 %', '<= 0.040 %', '']","['Tensile Strength, Ultimate', '220 MPa', '31900 psi', '']","['Tensile Strength, Yield', '69.0 MPa', '10000 psi', '']","['Elongation at Break', '50 %', '50 %', 'in 50 mm']"
"Silver-bearing tough pitch Copper, UNS C11300, M30 Temper shapes","['Silver, Ag', '<= 0.027 %', '<= 0.027 %', '']","['Tensile Strength, Ultimate', '220 MPa', '31900 psi', '']","['Tensile Strength, Yield', '69.0 MPa', '10000 psi', '']","['Elongation at Break', '50 %', '50 %', 'in 50 mm']"
