"Carpenter Hiperco® 50 Fe-Co-V Soft Magnetic Alloy, 0.35 mm Strip Heat Treated 760°C","['Carbon, C', '0.010 %', '0.010 %', '']","['Tensile Strength, Ultimate', '861 MPa', '125000 psi', '']","['Tensile Strength, Yield', '483 MPa@Strain 0.200 %', '70100 psi@Strain 0.200 %', '']","['Elongation at Break', '9.0 %', '9.0 %', 'in 50 mm']"
"Carpenter Hiperco® 50 Fe-Co-V Soft Magnetic Alloy, 0.35 mm Strip Heat Treated 760°C","['Cobalt, Co', '48.75 %', '48.75 %', '']","['Tensile Strength, Ultimate', '861 MPa', '125000 psi', '']","['Tensile Strength, Yield', '483 MPa@Strain 0.200 %', '70100 psi@Strain 0.200 %', '']","['Elongation at Break', '9.0 %', '9.0 %', 'in 50 mm']"
"Carpenter Hiperco® 50 Fe-Co-V Soft Magnetic Alloy, 0.35 mm Strip Heat Treated 760°C","['Iron, Fe', '49 %', '49 %', 'as remainder']","['Tensile Strength, Ultimate', '861 MPa', '125000 psi', '']","['Tensile Strength, Yield', '483 MPa@Strain 0.200 %', '70100 psi@Strain 0.200 %', '']","['Elongation at Break', '9.0 %', '9.0 %', 'in 50 mm']"
"Carpenter Hiperco® 50 Fe-Co-V Soft Magnetic Alloy, 0.35 mm Strip Heat Treated 760°C","['Manganese, Mn', '0.050 %', '0.050 %', '']","['Tensile Strength, Ultimate', '861 MPa', '125000 psi', '']","['Tensile Strength, Yield', '483 MPa@Strain 0.200 %', '70100 psi@Strain 0.200 %', '']","['Elongation at Break', '9.0 %', '9.0 %', 'in 50 mm']"
"Carpenter Hiperco® 50 Fe-Co-V Soft Magnetic Alloy, 0.35 mm Strip Heat Treated 760°C","['Niobium, Nb (Columbium, Cb)', '0.050 %', '0.050 %', '']","['Tensile Strength, Ultimate', '861 MPa', '125000 psi', '']","['Tensile Strength, Yield', '483 MPa@Strain 0.200 %', '70100 psi@Strain 0.200 %', '']","['Elongation at Break', '9.0 %', '9.0 %', 'in 50 mm']"
"Carpenter Hiperco® 50 Fe-Co-V Soft Magnetic Alloy, 0.35 mm Strip Heat Treated 760°C","['Silicon, Si', '0.050 %', '0.050 %', '']","['Tensile Strength, Ultimate', '861 MPa', '125000 psi', '']","['Tensile Strength, Yield', '483 MPa@Strain 0.200 %', '70100 psi@Strain 0.200 %', '']","['Elongation at Break', '9.0 %', '9.0 %', 'in 50 mm']"
"Carpenter Hiperco® 50 Fe-Co-V Soft Magnetic Alloy, 0.35 mm Strip Heat Treated 760°C","['Vanadium, V', '1.9 %', '1.9 %', '']","['Tensile Strength, Ultimate', '861 MPa', '125000 psi', '']","['Tensile Strength, Yield', '483 MPa@Strain 0.200 %', '70100 psi@Strain 0.200 %', '']","['Elongation at Break', '9.0 %', '9.0 %', 'in 50 mm']"
"Carpenter Hiperco® 50 Fe-Co-V Soft Magnetic Alloy, 0.15 mm Strip Heat Treated 843°C","['Carbon, C', '0.010 %', '0.010 %', '']","['Tensile Strength, Ultimate', '792 MPa', '115000 psi', '']","['Tensile Strength, Yield', '393 MPa@Strain 0.200 %', '57000 psi@Strain 0.200 %', '']","['Elongation at Break', '8.0 %', '8.0 %', 'in 50 mm']"
"Carpenter Hiperco® 50 Fe-Co-V Soft Magnetic Alloy, 0.15 mm Strip Heat Treated 843°C","['Cobalt, Co', '48.75 %', '48.75 %', '']","['Tensile Strength, Ultimate', '792 MPa', '115000 psi', '']","['Tensile Strength, Yield', '393 MPa@Strain 0.200 %', '57000 psi@Strain 0.200 %', '']","['Elongation at Break', '8.0 %', '8.0 %', 'in 50 mm']"
"Carpenter Hiperco® 50 Fe-Co-V Soft Magnetic Alloy, 0.15 mm Strip Heat Treated 843°C","['Iron, Fe', '49 %', '49 %', 'as remainder']","['Tensile Strength, Ultimate', '792 MPa', '115000 psi', '']","['Tensile Strength, Yield', '393 MPa@Strain 0.200 %', '57000 psi@Strain 0.200 %', '']","['Elongation at Break', '8.0 %', '8.0 %', 'in 50 mm']"
"Carpenter Hiperco® 50 Fe-Co-V Soft Magnetic Alloy, 0.15 mm Strip Heat Treated 843°C","['Manganese, Mn', '0.050 %', '0.050 %', '']","['Tensile Strength, Ultimate', '792 MPa', '115000 psi', '']","['Tensile Strength, Yield', '393 MPa@Strain 0.200 %', '57000 psi@Strain 0.200 %', '']","['Elongation at Break', '8.0 %', '8.0 %', 'in 50 mm']"
"Carpenter Hiperco® 50 Fe-Co-V Soft Magnetic Alloy, 0.15 mm Strip Heat Treated 843°C","['Niobium, Nb (Columbium, Cb)', '0.050 %', '0.050 %', '']","['Tensile Strength, Ultimate', '792 MPa', '115000 psi', '']","['Tensile Strength, Yield', '393 MPa@Strain 0.200 %', '57000 psi@Strain 0.200 %', '']","['Elongation at Break', '8.0 %', '8.0 %', 'in 50 mm']"
"Carpenter Hiperco® 50 Fe-Co-V Soft Magnetic Alloy, 0.15 mm Strip Heat Treated 843°C","['Silicon, Si', '0.050 %', '0.050 %', '']","['Tensile Strength, Ultimate', '792 MPa', '115000 psi', '']","['Tensile Strength, Yield', '393 MPa@Strain 0.200 %', '57000 psi@Strain 0.200 %', '']","['Elongation at Break', '8.0 %', '8.0 %', 'in 50 mm']"
"Carpenter Hiperco® 50 Fe-Co-V Soft Magnetic Alloy, 0.15 mm Strip Heat Treated 843°C","['Vanadium, V', '1.9 %', '1.9 %', '']","['Tensile Strength, Ultimate', '792 MPa', '115000 psi', '']","['Tensile Strength, Yield', '393 MPa@Strain 0.200 %', '57000 psi@Strain 0.200 %', '']","['Elongation at Break', '8.0 %', '8.0 %', 'in 50 mm']"
"Carpenter Hiperco® 50 Fe-Co-V Soft Magnetic Alloy, 0.35 mm Strip Heat Treated 843°C","['Carbon, C', '0.010 %', '0.010 %', '']","['Tensile Strength, Ultimate', '813 MPa', '118000 psi', '']","['Tensile Strength, Yield', '434 MPa@Strain 0.200 %', '62900 psi@Strain 0.200 %', '']","['Elongation at Break', '9.0 %', '9.0 %', 'in 50 mm']"
"Carpenter Hiperco® 50 Fe-Co-V Soft Magnetic Alloy, 0.35 mm Strip Heat Treated 843°C","['Cobalt, Co', '48.75 %', '48.75 %', '']","['Tensile Strength, Ultimate', '813 MPa', '118000 psi', '']","['Tensile Strength, Yield', '434 MPa@Strain 0.200 %', '62900 psi@Strain 0.200 %', '']","['Elongation at Break', '9.0 %', '9.0 %', 'in 50 mm']"
"Carpenter Hiperco® 50 Fe-Co-V Soft Magnetic Alloy, 0.35 mm Strip Heat Treated 843°C","['Iron, Fe', '49 %', '49 %', 'as remainder']","['Tensile Strength, Ultimate', '813 MPa', '118000 psi', '']","['Tensile Strength, Yield', '434 MPa@Strain 0.200 %', '62900 psi@Strain 0.200 %', '']","['Elongation at Break', '9.0 %', '9.0 %', 'in 50 mm']"
"Carpenter Hiperco® 50 Fe-Co-V Soft Magnetic Alloy, 0.35 mm Strip Heat Treated 843°C","['Manganese, Mn', '0.050 %', '0.050 %', '']","['Tensile Strength, Ultimate', '813 MPa', '118000 psi', '']","['Tensile Strength, Yield', '434 MPa@Strain 0.200 %', '62900 psi@Strain 0.200 %', '']","['Elongation at Break', '9.0 %', '9.0 %', 'in 50 mm']"
"Carpenter Hiperco® 50 Fe-Co-V Soft Magnetic Alloy, 0.35 mm Strip Heat Treated 843°C","['Niobium, Nb (Columbium, Cb)', '0.050 %', '0.050 %', '']","['Tensile Strength, Ultimate', '813 MPa', '118000 psi', '']","['Tensile Strength, Yield', '434 MPa@Strain 0.200 %', '62900 psi@Strain 0.200 %', '']","['Elongation at Break', '9.0 %', '9.0 %', 'in 50 mm']"
"Carpenter Hiperco® 50 Fe-Co-V Soft Magnetic Alloy, 0.35 mm Strip Heat Treated 843°C","['Silicon, Si', '0.050 %', '0.050 %', '']","['Tensile Strength, Ultimate', '813 MPa', '118000 psi', '']","['Tensile Strength, Yield', '434 MPa@Strain 0.200 %', '62900 psi@Strain 0.200 %', '']","['Elongation at Break', '9.0 %', '9.0 %', 'in 50 mm']"
"Carpenter Hiperco® 50 Fe-Co-V Soft Magnetic Alloy, 0.35 mm Strip Heat Treated 843°C","['Vanadium, V', '1.9 %', '1.9 %', '']","['Tensile Strength, Ultimate', '813 MPa', '118000 psi', '']","['Tensile Strength, Yield', '434 MPa@Strain 0.200 %', '62900 psi@Strain 0.200 %', '']","['Elongation at Break', '9.0 %', '9.0 %', 'in 50 mm']"
Carpenter Chrome Core® 8 Alloy,"['Carbon, C', '<= 0.030 %', '<= 0.030 %', '']","['Tensile Strength, Ultimate', '421 MPa', '61100 psi', '']","['Tensile Strength, Yield', '228 MPa@Strain 0.200 %', '33100 psi@Strain 0.200 %', '']","['Elongation at Break', '50 %', '50 %', 'in 50 mm']"
Carpenter Chrome Core® 8 Alloy,"['Chromium, Cr', '7.5 - 8.5 %', '7.5 - 8.5 %', '']","['Tensile Strength, Ultimate', '421 MPa', '61100 psi', '']","['Tensile Strength, Yield', '228 MPa@Strain 0.200 %', '33100 psi@Strain 0.200 %', '']","['Elongation at Break', '50 %', '50 %', 'in 50 mm']"
Carpenter Chrome Core® 8 Alloy,"['Iron, Fe', '91 %', '91 %', 'as remainder']","['Tensile Strength, Ultimate', '421 MPa', '61100 psi', '']","['Tensile Strength, Yield', '228 MPa@Strain 0.200 %', '33100 psi@Strain 0.200 %', '']","['Elongation at Break', '50 %', '50 %', 'in 50 mm']"
Carpenter Chrome Core® 8 Alloy,"['Manganese, Mn', '0.20 - 0.70 %', '0.20 - 0.70 %', '']","['Tensile Strength, Ultimate', '421 MPa', '61100 psi', '']","['Tensile Strength, Yield', '228 MPa@Strain 0.200 %', '33100 psi@Strain 0.200 %', '']","['Elongation at Break', '50 %', '50 %', 'in 50 mm']"
Carpenter Chrome Core® 8 Alloy,"['Molybdenum, Mo', '0.20 - 0.50 %', '0.20 - 0.50 %', '']","['Tensile Strength, Ultimate', '421 MPa', '61100 psi', '']","['Tensile Strength, Yield', '228 MPa@Strain 0.200 %', '33100 psi@Strain 0.200 %', '']","['Elongation at Break', '50 %', '50 %', 'in 50 mm']"
Carpenter Chrome Core® 8 Alloy,"['Phosphorous, P', '0.030 %', '0.030 %', '']","['Tensile Strength, Ultimate', '421 MPa', '61100 psi', '']","['Tensile Strength, Yield', '228 MPa@Strain 0.200 %', '33100 psi@Strain 0.200 %', '']","['Elongation at Break', '50 %', '50 %', 'in 50 mm']"
Carpenter Chrome Core® 8 Alloy,"['Silicon, Si', '0.30 - 0.70 %', '0.30 - 0.70 %', '']","['Tensile Strength, Ultimate', '421 MPa', '61100 psi', '']","['Tensile Strength, Yield', '228 MPa@Strain 0.200 %', '33100 psi@Strain 0.200 %', '']","['Elongation at Break', '50 %', '50 %', 'in 50 mm']"
Carpenter Chrome Core® 8 Alloy,"['Sulfur, S', '<= 0.030 %', '<= 0.030 %', '']","['Tensile Strength, Ultimate', '421 MPa', '61100 psi', '']","['Tensile Strength, Yield', '228 MPa@Strain 0.200 %', '33100 psi@Strain 0.200 %', '']","['Elongation at Break', '50 %', '50 %', 'in 50 mm']"
Carpenter Chrome Core® 8-FM Alloy,"['Carbon, C', '<= 0.030 %', '<= 0.030 %', '']","['Tensile Strength, Ultimate', '421 MPa', '61100 psi', '']","['Tensile Strength, Yield', '228 MPa@Strain 0.200 %', '33100 psi@Strain 0.200 %', '']","['Elongation at Break', '50 %', '50 %', 'in 50 mm']"
Carpenter Chrome Core® 8-FM Alloy,"['Chromium, Cr', '7.5 - 8.5 %', '7.5 - 8.5 %', '']","['Tensile Strength, Ultimate', '421 MPa', '61100 psi', '']","['Tensile Strength, Yield', '228 MPa@Strain 0.200 %', '33100 psi@Strain 0.200 %', '']","['Elongation at Break', '50 %', '50 %', 'in 50 mm']"
Carpenter Chrome Core® 8-FM Alloy,"['Iron, Fe', '90 %', '90 %', 'as remainder']","['Tensile Strength, Ultimate', '421 MPa', '61100 psi', '']","['Tensile Strength, Yield', '228 MPa@Strain 0.200 %', '33100 psi@Strain 0.200 %', '']","['Elongation at Break', '50 %', '50 %', 'in 50 mm']"
Carpenter Chrome Core® 8-FM Alloy,"['Manganese, Mn', '0.20 - 0.70 %', '0.20 - 0.70 %', '']","['Tensile Strength, Ultimate', '421 MPa', '61100 psi', '']","['Tensile Strength, Yield', '228 MPa@Strain 0.200 %', '33100 psi@Strain 0.200 %', '']","['Elongation at Break', '50 %', '50 %', 'in 50 mm']"
Carpenter Chrome Core® 8-FM Alloy,"['Molybdenum, Mo', '0.20 - 0.50 %', '0.20 - 0.50 %', '']","['Tensile Strength, Ultimate', '421 MPa', '61100 psi', '']","['Tensile Strength, Yield', '228 MPa@Strain 0.200 %', '33100 psi@Strain 0.200 %', '']","['Elongation at Break', '50 %', '50 %', 'in 50 mm']"
Carpenter Chrome Core® 8-FM Alloy,"['Phosphorous, P', '0.030 %', '0.030 %', '']","['Tensile Strength, Ultimate', '421 MPa', '61100 psi', '']","['Tensile Strength, Yield', '228 MPa@Strain 0.200 %', '33100 psi@Strain 0.200 %', '']","['Elongation at Break', '50 %', '50 %', 'in 50 mm']"
Carpenter Chrome Core® 8-FM Alloy,"['Silicon, Si', '0.30 - 0.70 %', '0.30 - 0.70 %', '']","['Tensile Strength, Ultimate', '421 MPa', '61100 psi', '']","['Tensile Strength, Yield', '228 MPa@Strain 0.200 %', '33100 psi@Strain 0.200 %', '']","['Elongation at Break', '50 %', '50 %', 'in 50 mm']"
Carpenter Chrome Core® 8-FM Alloy,"['Sulfur, S', '0.20 - 0.40 %', '0.20 - 0.40 %', '']","['Tensile Strength, Ultimate', '421 MPa', '61100 psi', '']","['Tensile Strength, Yield', '228 MPa@Strain 0.200 %', '33100 psi@Strain 0.200 %', '']","['Elongation at Break', '50 %', '50 %', 'in 50 mm']"
Carpenter Chrome Core® 12 Alloy,"['Carbon, C', '<= 0.030 %', '<= 0.030 %', '']","['Tensile Strength, Ultimate', '421 MPa', '61100 psi', '']","['Tensile Strength, Yield', '228 MPa@Strain 0.200 %', '33100 psi@Strain 0.200 %', '']","['Elongation at Break', '50 %', '50 %', 'in 50 mm']"
Carpenter Chrome Core® 12 Alloy,"['Chromium, Cr', '11.5 - 12.5 %', '11.5 - 12.5 %', '']","['Tensile Strength, Ultimate', '421 MPa', '61100 psi', '']","['Tensile Strength, Yield', '228 MPa@Strain 0.200 %', '33100 psi@Strain 0.200 %', '']","['Elongation at Break', '50 %', '50 %', 'in 50 mm']"
Carpenter Chrome Core® 12 Alloy,"['Iron, Fe', '87 %', '87 %', 'as remainder']","['Tensile Strength, Ultimate', '421 MPa', '61100 psi', '']","['Tensile Strength, Yield', '228 MPa@Strain 0.200 %', '33100 psi@Strain 0.200 %', '']","['Elongation at Break', '50 %', '50 %', 'in 50 mm']"
Carpenter Chrome Core® 12 Alloy,"['Manganese, Mn', '0.20 - 0.70 %', '0.20 - 0.70 %', '']","['Tensile Strength, Ultimate', '421 MPa', '61100 psi', '']","['Tensile Strength, Yield', '228 MPa@Strain 0.200 %', '33100 psi@Strain 0.200 %', '']","['Elongation at Break', '50 %', '50 %', 'in 50 mm']"
Carpenter Chrome Core® 12 Alloy,"['Molybdenum, Mo', '0.20 - 0.50 %', '0.20 - 0.50 %', '']","['Tensile Strength, Ultimate', '421 MPa', '61100 psi', '']","['Tensile Strength, Yield', '228 MPa@Strain 0.200 %', '33100 psi@Strain 0.200 %', '']","['Elongation at Break', '50 %', '50 %', 'in 50 mm']"
Carpenter Chrome Core® 12 Alloy,"['Phosphorous, P', '0.030 %', '0.030 %', '']","['Tensile Strength, Ultimate', '421 MPa', '61100 psi', '']","['Tensile Strength, Yield', '228 MPa@Strain 0.200 %', '33100 psi@Strain 0.200 %', '']","['Elongation at Break', '50 %', '50 %', 'in 50 mm']"
Carpenter Chrome Core® 12 Alloy,"['Silicon, Si', '0.30 - 0.70 %', '0.30 - 0.70 %', '']","['Tensile Strength, Ultimate', '421 MPa', '61100 psi', '']","['Tensile Strength, Yield', '228 MPa@Strain 0.200 %', '33100 psi@Strain 0.200 %', '']","['Elongation at Break', '50 %', '50 %', 'in 50 mm']"
Carpenter Chrome Core® 12 Alloy,"['Sulfur, S', '<= 0.030 %', '<= 0.030 %', '']","['Tensile Strength, Ultimate', '421 MPa', '61100 psi', '']","['Tensile Strength, Yield', '228 MPa@Strain 0.200 %', '33100 psi@Strain 0.200 %', '']","['Elongation at Break', '50 %', '50 %', 'in 50 mm']"
Carpenter Chrome Core® 12-FM Alloy,"['Carbon, C', '<= 0.030 %', '<= 0.030 %', '']","['Tensile Strength, Ultimate', '421 MPa', '61100 psi', '']","['Tensile Strength, Yield', '228 MPa@Strain 0.200 %', '33100 psi@Strain 0.200 %', '']","['Elongation at Break', '50 %', '50 %', 'in 50 mm']"
Carpenter Chrome Core® 12-FM Alloy,"['Chromium, Cr', '11.5 - 12.5 %', '11.5 - 12.5 %', '']","['Tensile Strength, Ultimate', '421 MPa', '61100 psi', '']","['Tensile Strength, Yield', '228 MPa@Strain 0.200 %', '33100 psi@Strain 0.200 %', '']","['Elongation at Break', '50 %', '50 %', 'in 50 mm']"
Carpenter Chrome Core® 12-FM Alloy,"['Iron, Fe', '86 %', '86 %', 'as remainder']","['Tensile Strength, Ultimate', '421 MPa', '61100 psi', '']","['Tensile Strength, Yield', '228 MPa@Strain 0.200 %', '33100 psi@Strain 0.200 %', '']","['Elongation at Break', '50 %', '50 %', 'in 50 mm']"
Carpenter Chrome Core® 12-FM Alloy,"['Manganese, Mn', '0.20 - 0.70 %', '0.20 - 0.70 %', '']","['Tensile Strength, Ultimate', '421 MPa', '61100 psi', '']","['Tensile Strength, Yield', '228 MPa@Strain 0.200 %', '33100 psi@Strain 0.200 %', '']","['Elongation at Break', '50 %', '50 %', 'in 50 mm']"
Carpenter Chrome Core® 12-FM Alloy,"['Molybdenum, Mo', '0.20 - 0.50 %', '0.20 - 0.50 %', '']","['Tensile Strength, Ultimate', '421 MPa', '61100 psi', '']","['Tensile Strength, Yield', '228 MPa@Strain 0.200 %', '33100 psi@Strain 0.200 %', '']","['Elongation at Break', '50 %', '50 %', 'in 50 mm']"
Carpenter Chrome Core® 12-FM Alloy,"['Phosphorous, P', '0.030 %', '0.030 %', '']","['Tensile Strength, Ultimate', '421 MPa', '61100 psi', '']","['Tensile Strength, Yield', '228 MPa@Strain 0.200 %', '33100 psi@Strain 0.200 %', '']","['Elongation at Break', '50 %', '50 %', 'in 50 mm']"
Carpenter Chrome Core® 12-FM Alloy,"['Silicon, Si', '0.30 - 0.70 %', '0.30 - 0.70 %', '']","['Tensile Strength, Ultimate', '421 MPa', '61100 psi', '']","['Tensile Strength, Yield', '228 MPa@Strain 0.200 %', '33100 psi@Strain 0.200 %', '']","['Elongation at Break', '50 %', '50 %', 'in 50 mm']"
Carpenter Chrome Core® 12-FM Alloy,"['Sulfur, S', '0.20 - 0.40 %', '0.20 - 0.40 %', '']","['Tensile Strength, Ultimate', '421 MPa', '61100 psi', '']","['Tensile Strength, Yield', '228 MPa@Strain 0.200 %', '33100 psi@Strain 0.200 %', '']","['Elongation at Break', '50 %', '50 %', 'in 50 mm']"
"Carpenter Chrome Core® 18-FM Solenoid Quality Stainless Steel, Annealed","['Carbon, C', '0.015 %', '0.015 %', '']","['Tensile Strength, Ultimate', '517 MPa', '75000 psi', '']","['Tensile Strength, Yield', '345 MPa@Strain 0.200 %', '50000 psi@Strain 0.200 %', '']","['Elongation at Break', '35 %', '35 %', 'In 4D']"
"Carpenter Chrome Core® 18-FM Solenoid Quality Stainless Steel, Annealed","['Chromium, Cr', '17.5 %', '17.5 %', '']","['Tensile Strength, Ultimate', '517 MPa', '75000 psi', '']","['Tensile Strength, Yield', '345 MPa@Strain 0.200 %', '50000 psi@Strain 0.200 %', '']","['Elongation at Break', '35 %', '35 %', 'In 4D']"
"Carpenter Chrome Core® 18-FM Solenoid Quality Stainless Steel, Annealed","['Iron, Fe', '79 %', '79 %', 'as remainder']","['Tensile Strength, Ultimate', '517 MPa', '75000 psi', '']","['Tensile Strength, Yield', '345 MPa@Strain 0.200 %', '50000 psi@Strain 0.200 %', '']","['Elongation at Break', '35 %', '35 %', 'In 4D']"
"Carpenter Chrome Core® 18-FM Solenoid Quality Stainless Steel, Annealed","['Manganese, Mn', '0.40 %', '0.40 %', '']","['Tensile Strength, Ultimate', '517 MPa', '75000 psi', '']","['Tensile Strength, Yield', '345 MPa@Strain 0.200 %', '50000 psi@Strain 0.200 %', '']","['Elongation at Break', '35 %', '35 %', 'In 4D']"
"Carpenter Chrome Core® 18-FM Solenoid Quality Stainless Steel, Annealed","['Molybdenum, Mo', '1.75 %', '1.75 %', '']","['Tensile Strength, Ultimate', '517 MPa', '75000 psi', '']","['Tensile Strength, Yield', '345 MPa@Strain 0.200 %', '50000 psi@Strain 0.200 %', '']","['Elongation at Break', '35 %', '35 %', 'In 4D']"
"Carpenter Chrome Core® 18-FM Solenoid Quality Stainless Steel, Annealed","['Nickel, Ni', '0.20 %', '0.20 %', '']","['Tensile Strength, Ultimate', '517 MPa', '75000 psi', '']","['Tensile Strength, Yield', '345 MPa@Strain 0.200 %', '50000 psi@Strain 0.200 %', '']","['Elongation at Break', '35 %', '35 %', 'In 4D']"
"Carpenter Chrome Core® 18-FM Solenoid Quality Stainless Steel, Annealed","['Niobium, Nb (Columbium, Cb)', '0.25 %', '0.25 %', '']","['Tensile Strength, Ultimate', '517 MPa', '75000 psi', '']","['Tensile Strength, Yield', '345 MPa@Strain 0.200 %', '50000 psi@Strain 0.200 %', '']","['Elongation at Break', '35 %', '35 %', 'In 4D']"
"Carpenter Chrome Core® 18-FM Solenoid Quality Stainless Steel, Annealed","['Phosphorous, P', '0.020 %', '0.020 %', '']","['Tensile Strength, Ultimate', '517 MPa', '75000 psi', '']","['Tensile Strength, Yield', '345 MPa@Strain 0.200 %', '50000 psi@Strain 0.200 %', '']","['Elongation at Break', '35 %', '35 %', 'In 4D']"
"Carpenter Chrome Core® 18-FM Solenoid Quality Stainless Steel, Annealed","['Silicon, Si', '0.90 %', '0.90 %', '']","['Tensile Strength, Ultimate', '517 MPa', '75000 psi', '']","['Tensile Strength, Yield', '345 MPa@Strain 0.200 %', '50000 psi@Strain 0.200 %', '']","['Elongation at Break', '35 %', '35 %', 'In 4D']"
"Carpenter Chrome Core® 18-FM Solenoid Quality Stainless Steel, Annealed","['Sulfur, S', '0.30 %', '0.30 %', '']","['Tensile Strength, Ultimate', '517 MPa', '75000 psi', '']","['Tensile Strength, Yield', '345 MPa@Strain 0.200 %', '50000 psi@Strain 0.200 %', '']","['Elongation at Break', '35 %', '35 %', 'In 4D']"
"Carpenter Chrome Core® 18-FM Solenoid Quality Stainless Steel, Stress Relieved","['Carbon, C', '0.015 %', '0.015 %', '']","['Tensile Strength, Ultimate', '517 MPa', '75000 psi', '']","['Tensile Strength, Yield', '345 MPa@Strain 0.200 %', '50000 psi@Strain 0.200 %', '']","['Elongation at Break', '35 %', '35 %', 'In 4D']"
"Carpenter Chrome Core® 18-FM Solenoid Quality Stainless Steel, Stress Relieved","['Chromium, Cr', '17.5 %', '17.5 %', '']","['Tensile Strength, Ultimate', '517 MPa', '75000 psi', '']","['Tensile Strength, Yield', '345 MPa@Strain 0.200 %', '50000 psi@Strain 0.200 %', '']","['Elongation at Break', '35 %', '35 %', 'In 4D']"
"Carpenter Chrome Core® 18-FM Solenoid Quality Stainless Steel, Stress Relieved","['Iron, Fe', '79 %', '79 %', 'as remainder']","['Tensile Strength, Ultimate', '517 MPa', '75000 psi', '']","['Tensile Strength, Yield', '345 MPa@Strain 0.200 %', '50000 psi@Strain 0.200 %', '']","['Elongation at Break', '35 %', '35 %', 'In 4D']"
"Carpenter Chrome Core® 18-FM Solenoid Quality Stainless Steel, Stress Relieved","['Manganese, Mn', '0.40 %', '0.40 %', '']","['Tensile Strength, Ultimate', '517 MPa', '75000 psi', '']","['Tensile Strength, Yield', '345 MPa@Strain 0.200 %', '50000 psi@Strain 0.200 %', '']","['Elongation at Break', '35 %', '35 %', 'In 4D']"
"Carpenter Chrome Core® 18-FM Solenoid Quality Stainless Steel, Stress Relieved","['Molybdenum, Mo', '1.75 %', '1.75 %', '']","['Tensile Strength, Ultimate', '517 MPa', '75000 psi', '']","['Tensile Strength, Yield', '345 MPa@Strain 0.200 %', '50000 psi@Strain 0.200 %', '']","['Elongation at Break', '35 %', '35 %', 'In 4D']"
"Carpenter Chrome Core® 18-FM Solenoid Quality Stainless Steel, Stress Relieved","['Nickel, Ni', '0.20 %', '0.20 %', '']","['Tensile Strength, Ultimate', '517 MPa', '75000 psi', '']","['Tensile Strength, Yield', '345 MPa@Strain 0.200 %', '50000 psi@Strain 0.200 %', '']","['Elongation at Break', '35 %', '35 %', 'In 4D']"
"Carpenter Chrome Core® 18-FM Solenoid Quality Stainless Steel, Stress Relieved","['Niobium, Nb (Columbium, Cb)', '0.25 %', '0.25 %', '']","['Tensile Strength, Ultimate', '517 MPa', '75000 psi', '']","['Tensile Strength, Yield', '345 MPa@Strain 0.200 %', '50000 psi@Strain 0.200 %', '']","['Elongation at Break', '35 %', '35 %', 'In 4D']"
"Carpenter Chrome Core® 18-FM Solenoid Quality Stainless Steel, Stress Relieved","['Phosphorous, P', '0.020 %', '0.020 %', '']","['Tensile Strength, Ultimate', '517 MPa', '75000 psi', '']","['Tensile Strength, Yield', '345 MPa@Strain 0.200 %', '50000 psi@Strain 0.200 %', '']","['Elongation at Break', '35 %', '35 %', 'In 4D']"
"Carpenter Chrome Core® 18-FM Solenoid Quality Stainless Steel, Stress Relieved","['Silicon, Si', '0.90 %', '0.90 %', '']","['Tensile Strength, Ultimate', '517 MPa', '75000 psi', '']","['Tensile Strength, Yield', '345 MPa@Strain 0.200 %', '50000 psi@Strain 0.200 %', '']","['Elongation at Break', '35 %', '35 %', 'In 4D']"
"Carpenter Chrome Core® 18-FM Solenoid Quality Stainless Steel, Stress Relieved","['Sulfur, S', '0.30 %', '0.30 %', '']","['Tensile Strength, Ultimate', '517 MPa', '75000 psi', '']","['Tensile Strength, Yield', '345 MPa@Strain 0.200 %', '50000 psi@Strain 0.200 %', '']","['Elongation at Break', '35 %', '35 %', 'In 4D']"
Ed Fagan EFI Alloy 50 Soft Magnetic Alloy,"['Carbon, C', '<= 0.020 %', '<= 0.020 %', '']","['Tensile Strength, Ultimate', '518 MPa', '75100 psi', '']","['Tensile Strength, Yield', '159 MPa', '23100 psi', '']","['Elongation at Break', '40 %', '40 %', 'in 2""']"
Ed Fagan EFI Alloy 50 Soft Magnetic Alloy,"['Iron, Fe', '<= 49 %', '<= 49 %', '']","['Tensile Strength, Ultimate', '518 MPa', '75100 psi', '']","['Tensile Strength, Yield', '159 MPa', '23100 psi', '']","['Elongation at Break', '40 %', '40 %', 'in 2""']"
Ed Fagan EFI Alloy 50 Soft Magnetic Alloy,"['Manganese, Mn', '<= 0.50 %', '<= 0.50 %', '']","['Tensile Strength, Ultimate', '518 MPa', '75100 psi', '']","['Tensile Strength, Yield', '159 MPa', '23100 psi', '']","['Elongation at Break', '40 %', '40 %', 'in 2""']"
Ed Fagan EFI Alloy 50 Soft Magnetic Alloy,"['Nickel, Ni', '50 %', '50 %', '']","['Tensile Strength, Ultimate', '518 MPa', '75100 psi', '']","['Tensile Strength, Yield', '159 MPa', '23100 psi', '']","['Elongation at Break', '40 %', '40 %', 'in 2""']"
Ed Fagan EFI Alloy 50 Soft Magnetic Alloy,"['Silicon, Si', '<= 0.35 %', '<= 0.35 %', '']","['Tensile Strength, Ultimate', '518 MPa', '75100 psi', '']","['Tensile Strength, Yield', '159 MPa', '23100 psi', '']","['Elongation at Break', '40 %', '40 %', 'in 2""']"
Ed Fagan Alloy 52 Controlled Expansion Alloy,"['Carbon, C', '<= 0.05 %', '<= 0.05 %', '']","['Tensile Strength, Ultimate', '552 MPa', '80100 psi', '']","['Tensile Strength, Yield', '276 MPa', '40000 psi', '']","['Elongation at Break', '35 %', '35 %', 'in 2""']"
Ed Fagan Alloy 52 Controlled Expansion Alloy,"['Iron, Fe', '49.5 %', '49.5 %', 'as Balance']","['Tensile Strength, Ultimate', '552 MPa', '80100 psi', '']","['Tensile Strength, Yield', '276 MPa', '40000 psi', '']","['Elongation at Break', '35 %', '35 %', 'in 2""']"
Ed Fagan Alloy 52 Controlled Expansion Alloy,"['Nickel, Ni', '51 %', '51 %', '']","['Tensile Strength, Ultimate', '552 MPa', '80100 psi', '']","['Tensile Strength, Yield', '276 MPa', '40000 psi', '']","['Elongation at Break', '35 %', '35 %', 'in 2""']"
Ed Fagan Alloy 52 Controlled Expansion Alloy,"['Silicon, Si', '<= 0.30 %', '<= 0.30 %', '']","['Tensile Strength, Ultimate', '552 MPa', '80100 psi', '']","['Tensile Strength, Yield', '276 MPa', '40000 psi', '']","['Elongation at Break', '35 %', '35 %', 'in 2""']"
Ed Fagan Alloy 52 Controlled Expansion Alloy,"['Sulfur, S', '<= 0.025 %', '<= 0.025 %', '']","['Tensile Strength, Ultimate', '552 MPa', '80100 psi', '']","['Tensile Strength, Yield', '276 MPa', '40000 psi', '']","['Elongation at Break', '35 %', '35 %', 'in 2""']"
Ed Fagan EFI Alloy 79 Soft Magnetic Alloy,"['Carbon, C', '<= 0.03 %', '<= 0.03 %', '']","['Tensile Strength, Ultimate', '676 MPa', '98000 psi', '']","['Tensile Strength, Yield', '262 MPa', '38000 psi', '']","['Elongation at Break', '40 %', '40 %', 'in 2""']"
Ed Fagan EFI Alloy 79 Soft Magnetic Alloy,"['Iron, Fe', '15 %', '15 %', 'as Balance']","['Tensile Strength, Ultimate', '676 MPa', '98000 psi', '']","['Tensile Strength, Yield', '262 MPa', '38000 psi', '']","['Elongation at Break', '40 %', '40 %', 'in 2""']"
Ed Fagan EFI Alloy 79 Soft Magnetic Alloy,"['Manganese, Mn', '<= 0.95 %', '<= 0.95 %', '']","['Tensile Strength, Ultimate', '676 MPa', '98000 psi', '']","['Tensile Strength, Yield', '262 MPa', '38000 psi', '']","['Elongation at Break', '40 %', '40 %', 'in 2""']"
Ed Fagan EFI Alloy 79 Soft Magnetic Alloy,"['Molybdenum, Mo', '<= 5.0 %', '<= 5.0 %', '']","['Tensile Strength, Ultimate', '676 MPa', '98000 psi', '']","['Tensile Strength, Yield', '262 MPa', '38000 psi', '']","['Elongation at Break', '40 %', '40 %', 'in 2""']"
Ed Fagan EFI Alloy 79 Soft Magnetic Alloy,"['Nickel, Ni', '80 %', '80 %', 'Nominal']","['Tensile Strength, Ultimate', '676 MPa', '98000 psi', '']","['Tensile Strength, Yield', '262 MPa', '38000 psi', '']","['Elongation at Break', '40 %', '40 %', 'in 2""']"
Ed Fagan EFI Alloy 79 Soft Magnetic Alloy,"['Phosphorous, P', '<= 0.02 %', '<= 0.02 %', '']","['Tensile Strength, Ultimate', '676 MPa', '98000 psi', '']","['Tensile Strength, Yield', '262 MPa', '38000 psi', '']","['Elongation at Break', '40 %', '40 %', 'in 2""']"
Ed Fagan EFI Alloy 79 Soft Magnetic Alloy,"['Silicon, Si', '<= 0.42 %', '<= 0.42 %', '']","['Tensile Strength, Ultimate', '676 MPa', '98000 psi', '']","['Tensile Strength, Yield', '262 MPa', '38000 psi', '']","['Elongation at Break', '40 %', '40 %', 'in 2""']"
Ed Fagan EFI Alloy 79 Soft Magnetic Alloy,"['Sulfur, S', '<= 0.008 %', '<= 0.008 %', '']","['Tensile Strength, Ultimate', '676 MPa', '98000 psi', '']","['Tensile Strength, Yield', '262 MPa', '38000 psi', '']","['Elongation at Break', '40 %', '40 %', 'in 2""']"
"High Temp Metals Alloy 49 Iron-Nickel High Permeability Alloy, Bar, Cold Drawn","['Carbon, C', '<= 0.020 %', '<= 0.020 %', '']","['Tensile Strength, Ultimate', '655 MPa', '95000 psi', '']","['Tensile Strength, Yield', '552 MPa', '80000 psi', '']","['Elongation at Break', '25 %', '25 %', '']"
"High Temp Metals Alloy 49 Iron-Nickel High Permeability Alloy, Bar, Cold Drawn","['Iron, Fe', '>= 51 %', '>= 51 %', 'As Balance']","['Tensile Strength, Ultimate', '655 MPa', '95000 psi', '']","['Tensile Strength, Yield', '552 MPa', '80000 psi', '']","['Elongation at Break', '25 %', '25 %', '']"
"High Temp Metals Alloy 49 Iron-Nickel High Permeability Alloy, Bar, Cold Drawn","['Manganese, Mn', '<= 0.50 %', '<= 0.50 %', '']","['Tensile Strength, Ultimate', '655 MPa', '95000 psi', '']","['Tensile Strength, Yield', '552 MPa', '80000 psi', '']","['Elongation at Break', '25 %', '25 %', '']"
"High Temp Metals Alloy 49 Iron-Nickel High Permeability Alloy, Bar, Cold Drawn","['Nickel, Ni', '<= 48 %', '<= 48 %', '']","['Tensile Strength, Ultimate', '655 MPa', '95000 psi', '']","['Tensile Strength, Yield', '552 MPa', '80000 psi', '']","['Elongation at Break', '25 %', '25 %', '']"
"High Temp Metals Alloy 49 Iron-Nickel High Permeability Alloy, Bar, Cold Drawn","['Silicon, Si', '<= 0.35 %', '<= 0.35 %', '']","['Tensile Strength, Ultimate', '655 MPa', '95000 psi', '']","['Tensile Strength, Yield', '552 MPa', '80000 psi', '']","['Elongation at Break', '25 %', '25 %', '']"
"High Temp Metals Alloy 49 Iron-Nickel High Permeability Alloy, Bar, Hydrogen Annealed at 2150°F (1177°C)","['Carbon, C', '<= 0.020 %', '<= 0.020 %', '']","['Tensile Strength, Ultimate', '483 MPa', '70000 psi', '']","['Tensile Strength, Yield', '152 MPa', '22000 psi', '']","['Elongation at Break', '45 %', '45 %', '']"
"High Temp Metals Alloy 49 Iron-Nickel High Permeability Alloy, Bar, Hydrogen Annealed at 2150°F (1177°C)","['Iron, Fe', '>= 51 %', '>= 51 %', 'As Balance']","['Tensile Strength, Ultimate', '483 MPa', '70000 psi', '']","['Tensile Strength, Yield', '152 MPa', '22000 psi', '']","['Elongation at Break', '45 %', '45 %', '']"
"High Temp Metals Alloy 49 Iron-Nickel High Permeability Alloy, Bar, Hydrogen Annealed at 2150°F (1177°C)","['Manganese, Mn', '<= 0.50 %', '<= 0.50 %', '']","['Tensile Strength, Ultimate', '483 MPa', '70000 psi', '']","['Tensile Strength, Yield', '152 MPa', '22000 psi', '']","['Elongation at Break', '45 %', '45 %', '']"
"High Temp Metals Alloy 49 Iron-Nickel High Permeability Alloy, Bar, Hydrogen Annealed at 2150°F (1177°C)","['Nickel, Ni', '<= 48 %', '<= 48 %', '']","['Tensile Strength, Ultimate', '483 MPa', '70000 psi', '']","['Tensile Strength, Yield', '152 MPa', '22000 psi', '']","['Elongation at Break', '45 %', '45 %', '']"
"High Temp Metals Alloy 49 Iron-Nickel High Permeability Alloy, Bar, Hydrogen Annealed at 2150°F (1177°C)","['Silicon, Si', '<= 0.35 %', '<= 0.35 %', '']","['Tensile Strength, Ultimate', '483 MPa', '70000 psi', '']","['Tensile Strength, Yield', '152 MPa', '22000 psi', '']","['Elongation at Break', '45 %', '45 %', '']"
"High Temp Metals Alloy 49 Iron-Nickel High Permeability Alloy, Bar, After Process Annealed at 1600°F (871°C)","['Carbon, C', '<= 0.020 %', '<= 0.020 %', '']","['Tensile Strength, Ultimate', '517 MPa', '75000 psi', '']","['Tensile Strength, Yield', '159 MPa', '23000 psi', '']","['Elongation at Break', '43 %', '43 %', '']"
"High Temp Metals Alloy 49 Iron-Nickel High Permeability Alloy, Bar, After Process Annealed at 1600°F (871°C)","['Iron, Fe', '>= 51 %', '>= 51 %', 'As Balance']","['Tensile Strength, Ultimate', '517 MPa', '75000 psi', '']","['Tensile Strength, Yield', '159 MPa', '23000 psi', '']","['Elongation at Break', '43 %', '43 %', '']"
"High Temp Metals Alloy 49 Iron-Nickel High Permeability Alloy, Bar, After Process Annealed at 1600°F (871°C)","['Manganese, Mn', '<= 0.50 %', '<= 0.50 %', '']","['Tensile Strength, Ultimate', '517 MPa', '75000 psi', '']","['Tensile Strength, Yield', '159 MPa', '23000 psi', '']","['Elongation at Break', '43 %', '43 %', '']"
"High Temp Metals Alloy 49 Iron-Nickel High Permeability Alloy, Bar, After Process Annealed at 1600°F (871°C)","['Nickel, Ni', '<= 48 %', '<= 48 %', '']","['Tensile Strength, Ultimate', '517 MPa', '75000 psi', '']","['Tensile Strength, Yield', '159 MPa', '23000 psi', '']","['Elongation at Break', '43 %', '43 %', '']"
"High Temp Metals Alloy 49 Iron-Nickel High Permeability Alloy, Bar, After Process Annealed at 1600°F (871°C)","['Silicon, Si', '<= 0.35 %', '<= 0.35 %', '']","['Tensile Strength, Ultimate', '517 MPa', '75000 psi', '']","['Tensile Strength, Yield', '159 MPa', '23000 psi', '']","['Elongation at Break', '43 %', '43 %', '']"
Special Metals Nitinol Superelastic Ni-Ti alloy,"['Carbon, C', '<= 0.050 %', '<= 0.050 %', '']","['Tensile Strength, Ultimate', '1070 MPa', '155000 psi', '']","['Tensile Strength, Yield', '814 MPa', '118000 psi', 'of martensite after transition']","['Elongation at Break', '8.0 %', '8.0 %', 'max strain recovery']"
Special Metals Nitinol Superelastic Ni-Ti alloy,"['Iron, Fe', '<= 0.050 %', '<= 0.050 %', '']","['Tensile Strength, Ultimate', '1070 MPa', '155000 psi', '']","['Tensile Strength, Yield', '814 MPa', '118000 psi', 'of martensite after transition']","['Elongation at Break', '8.0 %', '8.0 %', 'max strain recovery']"
Special Metals Nitinol Superelastic Ni-Ti alloy,"['Nickel, Ni', '55.3 - 56.3 %', '55.3 - 56.3 %', '']","['Tensile Strength, Ultimate', '1070 MPa', '155000 psi', '']","['Tensile Strength, Yield', '814 MPa', '118000 psi', 'of martensite after transition']","['Elongation at Break', '8.0 %', '8.0 %', 'max strain recovery']"
Special Metals Nitinol Superelastic Ni-Ti alloy,"['Oxygen, O', '<= 0.050 %', '<= 0.050 %', '']","['Tensile Strength, Ultimate', '1070 MPa', '155000 psi', '']","['Tensile Strength, Yield', '814 MPa', '118000 psi', 'of martensite after transition']","['Elongation at Break', '8.0 %', '8.0 %', 'max strain recovery']"
Special Metals Nitinol Superelastic Ni-Ti alloy,"['Titanium, Ti', '43.55 - 44.7 %', '43.55 - 44.7 %', '']","['Tensile Strength, Ultimate', '1070 MPa', '155000 psi', '']","['Tensile Strength, Yield', '814 MPa', '118000 psi', 'of martensite after transition']","['Elongation at Break', '8.0 %', '8.0 %', 'max strain recovery']"
Special Metals Nitinol Superelastic Ni-Ti alloy,['Descriptive Properties'],"['Tensile Strength, Ultimate', '1070 MPa', '155000 psi', '']","['Tensile Strength, Yield', '814 MPa', '118000 psi', 'of martensite after transition']","['Elongation at Break', '8.0 %', '8.0 %', 'max strain recovery']"
Special Metals Nitinol High-Strength Superelastic Ni-Ti alloy,"['Carbon, C', '<= 0.050 %', '<= 0.050 %', '']","['Tensile Strength, Ultimate', '1450 MPa', '210000 psi', '']","['Tensile Strength, Yield', '1280 MPa', '185000 psi', 'of martensite after transition']","['Elongation at Break', '8.0 %', '8.0 %', 'max strain recovery']"
Special Metals Nitinol High-Strength Superelastic Ni-Ti alloy,"['Iron, Fe', '<= 0.050 %', '<= 0.050 %', '']","['Tensile Strength, Ultimate', '1450 MPa', '210000 psi', '']","['Tensile Strength, Yield', '1280 MPa', '185000 psi', 'of martensite after transition']","['Elongation at Break', '8.0 %', '8.0 %', 'max strain recovery']"
Special Metals Nitinol High-Strength Superelastic Ni-Ti alloy,"['Nickel, Ni', '55.4 - 56.4 %', '55.4 - 56.4 %', '']","['Tensile Strength, Ultimate', '1450 MPa', '210000 psi', '']","['Tensile Strength, Yield', '1280 MPa', '185000 psi', 'of martensite after transition']","['Elongation at Break', '8.0 %', '8.0 %', 'max strain recovery']"
Special Metals Nitinol High-Strength Superelastic Ni-Ti alloy,"['Oxygen, O', '<= 0.050 %', '<= 0.050 %', '']","['Tensile Strength, Ultimate', '1450 MPa', '210000 psi', '']","['Tensile Strength, Yield', '1280 MPa', '185000 psi', 'of martensite after transition']","['Elongation at Break', '8.0 %', '8.0 %', 'max strain recovery']"
Special Metals Nitinol High-Strength Superelastic Ni-Ti alloy,"['Titanium, Ti', '43.54 - 44.6 %', '43.54 - 44.6 %', '']","['Tensile Strength, Ultimate', '1450 MPa', '210000 psi', '']","['Tensile Strength, Yield', '1280 MPa', '185000 psi', 'of martensite after transition']","['Elongation at Break', '8.0 %', '8.0 %', 'max strain recovery']"
Special Metals Nitinol High-Strength Superelastic Ni-Ti alloy,['Descriptive Properties'],"['Tensile Strength, Ultimate', '1450 MPa', '210000 psi', '']","['Tensile Strength, Yield', '1280 MPa', '185000 psi', 'of martensite after transition']","['Elongation at Break', '8.0 %', '8.0 %', 'max strain recovery']"
Kinetics MIM F15 (Kovar™) Low CTE Alloy,"['Carbon, C', '0.040 %', '0.040 %', '']","['Tensile Strength, Ultimate', '427 MPa', '62000 psi', '']","['Tensile Strength, Yield', '276 MPa', '40000 psi', '']","['Elongation at Break', '30 %', '30 %', 'in 1 inch']"
Kinetics MIM F15 (Kovar™) Low CTE Alloy,"['Cobalt, Co', '17 %', '17 %', '']","['Tensile Strength, Ultimate', '427 MPa', '62000 psi', '']","['Tensile Strength, Yield', '276 MPa', '40000 psi', '']","['Elongation at Break', '30 %', '30 %', 'in 1 inch']"
Kinetics MIM F15 (Kovar™) Low CTE Alloy,"['Iron, Fe', '54 %', '54 %', 'by difference']","['Tensile Strength, Ultimate', '427 MPa', '62000 psi', '']","['Tensile Strength, Yield', '276 MPa', '40000 psi', '']","['Elongation at Break', '30 %', '30 %', 'in 1 inch']"
Kinetics MIM F15 (Kovar™) Low CTE Alloy,"['Nickel, Ni', '29 %', '29 %', '']","['Tensile Strength, Ultimate', '427 MPa', '62000 psi', '']","['Tensile Strength, Yield', '276 MPa', '40000 psi', '']","['Elongation at Break', '30 %', '30 %', 'in 1 inch']"
Kinetics MIM F15 (Kovar™) Low CTE Alloy,['Descriptive Properties'],"['Tensile Strength, Ultimate', '427 MPa', '62000 psi', '']","['Tensile Strength, Yield', '276 MPa', '40000 psi', '']","['Elongation at Break', '30 %', '30 %', 'in 1 inch']"
Kinetics MIM 2.5% SiFe Soft Magnetic Steel,"['Carbon, C', '<= 0.060 %', '<= 0.060 %', '']","['Tensile Strength, Ultimate', '483 MPa', '70000 psi', '']","['Tensile Strength, Yield', '338 MPa', '49000 psi', '']","['Elongation at Break', '24 %', '24 %', 'in 1 inch']"
Kinetics MIM 2.5% SiFe Soft Magnetic Steel,"['Iron, Fe', '97.19 - 97.85 %', '97.19 - 97.85 %', 'Iron content calculated by difference.']","['Tensile Strength, Ultimate', '483 MPa', '70000 psi', '']","['Tensile Strength, Yield', '338 MPa', '49000 psi', '']","['Elongation at Break', '24 %', '24 %', 'in 1 inch']"
Kinetics MIM 2.5% SiFe Soft Magnetic Steel,"['Silicon, Si', '2.15 - 2.75 %', '2.15 - 2.75 %', '']","['Tensile Strength, Ultimate', '483 MPa', '70000 psi', '']","['Tensile Strength, Yield', '338 MPa', '49000 psi', '']","['Elongation at Break', '24 %', '24 %', 'in 1 inch']"
Kinetics MIM 2.5% SiFe Soft Magnetic Steel,['Descriptive Properties'],"['Tensile Strength, Ultimate', '483 MPa', '70000 psi', '']","['Tensile Strength, Yield', '338 MPa', '49000 psi', '']","['Elongation at Break', '24 %', '24 %', 'in 1 inch']"
Kinetics MIM 12 Chrome,"['Carbon, C', '<= 0.060 %', '<= 0.060 %', '']","['Tensile Strength, Ultimate', '372 MPa', '54000 psi', '']","['Tensile Strength, Yield', '203 MPa', '29500 psi', '']","['Elongation at Break', '30 %', '30 %', 'in 1 inch']"
Kinetics MIM 12 Chrome,"['Chromium, Cr', '12 - 14 %', '12 - 14 %', '']","['Tensile Strength, Ultimate', '372 MPa', '54000 psi', '']","['Tensile Strength, Yield', '203 MPa', '29500 psi', '']","['Elongation at Break', '30 %', '30 %', 'in 1 inch']"
Kinetics MIM 12 Chrome,"['Iron, Fe', '84.04 - 88 %', '84.04 - 88 %', 'by difference']","['Tensile Strength, Ultimate', '372 MPa', '54000 psi', '']","['Tensile Strength, Yield', '203 MPa', '29500 psi', '']","['Elongation at Break', '30 %', '30 %', 'in 1 inch']"
Kinetics MIM 12 Chrome,"['Magnesium, Mg', '<= 0.50 %', '<= 0.50 %', '']","['Tensile Strength, Ultimate', '372 MPa', '54000 psi', '']","['Tensile Strength, Yield', '203 MPa', '29500 psi', '']","['Elongation at Break', '30 %', '30 %', 'in 1 inch']"
Kinetics MIM 12 Chrome,"['Molybdenum, Mo', '<= 0.40 %', '<= 0.40 %', '']","['Tensile Strength, Ultimate', '372 MPa', '54000 psi', '']","['Tensile Strength, Yield', '203 MPa', '29500 psi', '']","['Elongation at Break', '30 %', '30 %', 'in 1 inch']"
Kinetics MIM 12 Chrome,"['Silicon, Si', '<= 1.0 %', '<= 1.0 %', '']","['Tensile Strength, Ultimate', '372 MPa', '54000 psi', '']","['Tensile Strength, Yield', '203 MPa', '29500 psi', '']","['Elongation at Break', '30 %', '30 %', 'in 1 inch']"
Kinetics MIM 12 Chrome,['Descriptive Properties'],"['Tensile Strength, Ultimate', '372 MPa', '54000 psi', '']","['Tensile Strength, Yield', '203 MPa', '29500 psi', '']","['Elongation at Break', '30 %', '30 %', 'in 1 inch']"
ATI Allegheny Ludlum AL 36™ Electrical Alloy (Cryogenic and Bimetal) UNS K93600 or UNS K93603,"['Aluminum, Al', '<= 0.030 %', '<= 0.030 %', '']","['Tensile Strength, Ultimate', '462 MPa', '67000 psi', 'Typical Annealed']","['Tensile Strength, Yield', '261 MPa@Strain 0.200 %', '37900 psi@Strain 0.200 %', 'Typical; Annealed']","['Elongation at Break', '32 %', '32 %', 'typical in 2""; Annealed']"
ATI Allegheny Ludlum AL 36™ Electrical Alloy (Cryogenic and Bimetal) UNS K93600 or UNS K93603,"['Carbon, C', '0.0080 %', '0.0080 %', '']","['Tensile Strength, Ultimate', '462 MPa', '67000 psi', 'Typical Annealed']","['Tensile Strength, Yield', '261 MPa@Strain 0.200 %', '37900 psi@Strain 0.200 %', 'Typical; Annealed']","['Elongation at Break', '32 %', '32 %', 'typical in 2""; Annealed']"
ATI Allegheny Ludlum AL 36™ Electrical Alloy (Cryogenic and Bimetal) UNS K93600 or UNS K93603,"['Cobalt, Co', '<= 0.35 %', '<= 0.35 %', '']","['Tensile Strength, Ultimate', '462 MPa', '67000 psi', 'Typical Annealed']","['Tensile Strength, Yield', '261 MPa@Strain 0.200 %', '37900 psi@Strain 0.200 %', 'Typical; Annealed']","['Elongation at Break', '32 %', '32 %', 'typical in 2""; Annealed']"
ATI Allegheny Ludlum AL 36™ Electrical Alloy (Cryogenic and Bimetal) UNS K93600 or UNS K93603,"['Iron, Fe', '63 %', '63 %', '']","['Tensile Strength, Ultimate', '462 MPa', '67000 psi', 'Typical Annealed']","['Tensile Strength, Yield', '261 MPa@Strain 0.200 %', '37900 psi@Strain 0.200 %', 'Typical; Annealed']","['Elongation at Break', '32 %', '32 %', 'typical in 2""; Annealed']"
ATI Allegheny Ludlum AL 36™ Electrical Alloy (Cryogenic and Bimetal) UNS K93600 or UNS K93603,"['Manganese, Mn', '0.30 %', '0.30 %', '']","['Tensile Strength, Ultimate', '462 MPa', '67000 psi', 'Typical Annealed']","['Tensile Strength, Yield', '261 MPa@Strain 0.200 %', '37900 psi@Strain 0.200 %', 'Typical; Annealed']","['Elongation at Break', '32 %', '32 %', 'typical in 2""; Annealed']"
ATI Allegheny Ludlum AL 36™ Electrical Alloy (Cryogenic and Bimetal) UNS K93600 or UNS K93603,"['Molybdenum, Mo', '<= 0.020 %', '<= 0.020 %', '']","['Tensile Strength, Ultimate', '462 MPa', '67000 psi', 'Typical Annealed']","['Tensile Strength, Yield', '261 MPa@Strain 0.200 %', '37900 psi@Strain 0.200 %', 'Typical; Annealed']","['Elongation at Break', '32 %', '32 %', 'typical in 2""; Annealed']"
ATI Allegheny Ludlum AL 36™ Electrical Alloy (Cryogenic and Bimetal) UNS K93600 or UNS K93603,"['Nickel, Ni', '36 %', '36 %', '']","['Tensile Strength, Ultimate', '462 MPa', '67000 psi', 'Typical Annealed']","['Tensile Strength, Yield', '261 MPa@Strain 0.200 %', '37900 psi@Strain 0.200 %', 'Typical; Annealed']","['Elongation at Break', '32 %', '32 %', 'typical in 2""; Annealed']"
ATI Allegheny Ludlum AL 36™ Electrical Alloy (Cryogenic and Bimetal) UNS K93600 or UNS K93603,"['Silicon, Si', '0.15 %', '0.15 %', '']","['Tensile Strength, Ultimate', '462 MPa', '67000 psi', 'Typical Annealed']","['Tensile Strength, Yield', '261 MPa@Strain 0.200 %', '37900 psi@Strain 0.200 %', 'Typical; Annealed']","['Elongation at Break', '32 %', '32 %', 'typical in 2""; Annealed']"
ATI Allegheny Ludlum AL 36™ Electrical Alloy (Cryogenic and Bimetal) UNS K93600 or UNS K93603,"['Sulfur, S', '0.0010 %', '0.0010 %', '']","['Tensile Strength, Ultimate', '462 MPa', '67000 psi', 'Typical Annealed']","['Tensile Strength, Yield', '261 MPa@Strain 0.200 %', '37900 psi@Strain 0.200 %', 'Typical; Annealed']","['Elongation at Break', '32 %', '32 %', 'typical in 2""; Annealed']"
"ATI Allegheny Ludlum AL 42™ Electrical Alloy, UNS K94100","['Aluminum, Al', '0.0010 %', '0.0010 %', '']","['Tensile Strength, Ultimate', '482 MPa', '69900 psi', 'Typical Annealed']","['Tensile Strength, Yield', '275 MPa@Strain 0.200 %', '39900 psi@Strain 0.200 %', 'Typical; Annealed']","['Elongation at Break', '28 %', '28 %', 'typical in 2""; Annealed']"
"ATI Allegheny Ludlum AL 42™ Electrical Alloy, UNS K94100","['Carbon, C', '0.010 %', '0.010 %', '']","['Tensile Strength, Ultimate', '482 MPa', '69900 psi', 'Typical Annealed']","['Tensile Strength, Yield', '275 MPa@Strain 0.200 %', '39900 psi@Strain 0.200 %', 'Typical; Annealed']","['Elongation at Break', '28 %', '28 %', 'typical in 2""; Annealed']"
"ATI Allegheny Ludlum AL 42™ Electrical Alloy, UNS K94100","['Chromium, Cr', '0.15 %', '0.15 %', '']","['Tensile Strength, Ultimate', '482 MPa', '69900 psi', 'Typical Annealed']","['Tensile Strength, Yield', '275 MPa@Strain 0.200 %', '39900 psi@Strain 0.200 %', 'Typical; Annealed']","['Elongation at Break', '28 %', '28 %', 'typical in 2""; Annealed']"
"ATI Allegheny Ludlum AL 42™ Electrical Alloy, UNS K94100","['Cobalt, Co', '0.0040 %', '0.0040 %', '']","['Tensile Strength, Ultimate', '482 MPa', '69900 psi', 'Typical Annealed']","['Tensile Strength, Yield', '275 MPa@Strain 0.200 %', '39900 psi@Strain 0.200 %', 'Typical; Annealed']","['Elongation at Break', '28 %', '28 %', 'typical in 2""; Annealed']"
"ATI Allegheny Ludlum AL 42™ Electrical Alloy, UNS K94100","['Iron, Fe', '58.4 %', '58.4 %', 'as balance']","['Tensile Strength, Ultimate', '482 MPa', '69900 psi', 'Typical Annealed']","['Tensile Strength, Yield', '275 MPa@Strain 0.200 %', '39900 psi@Strain 0.200 %', 'Typical; Annealed']","['Elongation at Break', '28 %', '28 %', 'typical in 2""; Annealed']"
"ATI Allegheny Ludlum AL 42™ Electrical Alloy, UNS K94100","['Manganese, Mn', '0.50 %', '0.50 %', '']","['Tensile Strength, Ultimate', '482 MPa', '69900 psi', 'Typical Annealed']","['Tensile Strength, Yield', '275 MPa@Strain 0.200 %', '39900 psi@Strain 0.200 %', 'Typical; Annealed']","['Elongation at Break', '28 %', '28 %', 'typical in 2""; Annealed']"
"ATI Allegheny Ludlum AL 42™ Electrical Alloy, UNS K94100","['Nickel, Ni', '40.75 %', '40.75 %', '']","['Tensile Strength, Ultimate', '482 MPa', '69900 psi', 'Typical Annealed']","['Tensile Strength, Yield', '275 MPa@Strain 0.200 %', '39900 psi@Strain 0.200 %', 'Typical; Annealed']","['Elongation at Break', '28 %', '28 %', 'typical in 2""; Annealed']"
"ATI Allegheny Ludlum AL 42™ Electrical Alloy, UNS K94100","['Phosphorous, P', '0.010 %', '0.010 %', '']","['Tensile Strength, Ultimate', '482 MPa', '69900 psi', 'Typical Annealed']","['Tensile Strength, Yield', '275 MPa@Strain 0.200 %', '39900 psi@Strain 0.200 %', 'Typical; Annealed']","['Elongation at Break', '28 %', '28 %', 'typical in 2""; Annealed']"
"ATI Allegheny Ludlum AL 42™ Electrical Alloy, UNS K94100","['Silicon, Si', '0.20 %', '0.20 %', '']","['Tensile Strength, Ultimate', '482 MPa', '69900 psi', 'Typical Annealed']","['Tensile Strength, Yield', '275 MPa@Strain 0.200 %', '39900 psi@Strain 0.200 %', 'Typical; Annealed']","['Elongation at Break', '28 %', '28 %', 'typical in 2""; Annealed']"
"ATI Allegheny Ludlum AL 42™ Electrical Alloy, UNS K94100","['Sulfur, S', '0.0070 %', '0.0070 %', '']","['Tensile Strength, Ultimate', '482 MPa', '69900 psi', 'Typical Annealed']","['Tensile Strength, Yield', '275 MPa@Strain 0.200 %', '39900 psi@Strain 0.200 %', 'Typical; Annealed']","['Elongation at Break', '28 %', '28 %', 'typical in 2""; Annealed']"
"ATI Allegheny Ludlum AL 4750™ Electrical Alloy, UNS K94800 or UNS K95000","['Carbon, C', '<= 0.010 %', '<= 0.010 %', '']","['Tensile Strength, Ultimate', '503 MPa', '73000 psi', 'Typical Annealed']","['Tensile Strength, Yield', '206 MPa@Strain 0.200 %', '29900 psi@Strain 0.200 %', 'Typical; Annealed']","['Elongation at Break', '38 %', '38 %', 'typical in 2""; Annealed']"
"ATI Allegheny Ludlum AL 4750™ Electrical Alloy, UNS K94800 or UNS K95000","['Chromium, Cr', '<= 0.10 %', '<= 0.10 %', '']","['Tensile Strength, Ultimate', '503 MPa', '73000 psi', 'Typical Annealed']","['Tensile Strength, Yield', '206 MPa@Strain 0.200 %', '29900 psi@Strain 0.200 %', 'Typical; Annealed']","['Elongation at Break', '38 %', '38 %', 'typical in 2""; Annealed']"
"ATI Allegheny Ludlum AL 4750™ Electrical Alloy, UNS K94800 or UNS K95000","['Cobalt, Co', '<= 0.50 %', '<= 0.50 %', '']","['Tensile Strength, Ultimate', '503 MPa', '73000 psi', 'Typical Annealed']","['Tensile Strength, Yield', '206 MPa@Strain 0.200 %', '29900 psi@Strain 0.200 %', 'Typical; Annealed']","['Elongation at Break', '38 %', '38 %', 'typical in 2""; Annealed']"
"ATI Allegheny Ludlum AL 4750™ Electrical Alloy, UNS K94800 or UNS K95000","['Copper, Cu', '<= 0.30 %', '<= 0.30 %', '']","['Tensile Strength, Ultimate', '503 MPa', '73000 psi', 'Typical Annealed']","['Tensile Strength, Yield', '206 MPa@Strain 0.200 %', '29900 psi@Strain 0.200 %', 'Typical; Annealed']","['Elongation at Break', '38 %', '38 %', 'typical in 2""; Annealed']"
"ATI Allegheny Ludlum AL 4750™ Electrical Alloy, UNS K94800 or UNS K95000","['Iron, Fe', '50 - 52 %', '50 - 52 %', 'as balance']","['Tensile Strength, Ultimate', '503 MPa', '73000 psi', 'Typical Annealed']","['Tensile Strength, Yield', '206 MPa@Strain 0.200 %', '29900 psi@Strain 0.200 %', 'Typical; Annealed']","['Elongation at Break', '38 %', '38 %', 'typical in 2""; Annealed']"
"ATI Allegheny Ludlum AL 4750™ Electrical Alloy, UNS K94800 or UNS K95000","['Manganese, Mn', '0.45 %', '0.45 %', '']","['Tensile Strength, Ultimate', '503 MPa', '73000 psi', 'Typical Annealed']","['Tensile Strength, Yield', '206 MPa@Strain 0.200 %', '29900 psi@Strain 0.200 %', 'Typical; Annealed']","['Elongation at Break', '38 %', '38 %', 'typical in 2""; Annealed']"
"ATI Allegheny Ludlum AL 4750™ Electrical Alloy, UNS K94800 or UNS K95000","['Molybdenum, Mo', '<= 0.30 %', '<= 0.30 %', '']","['Tensile Strength, Ultimate', '503 MPa', '73000 psi', 'Typical Annealed']","['Tensile Strength, Yield', '206 MPa@Strain 0.200 %', '29900 psi@Strain 0.200 %', 'Typical; Annealed']","['Elongation at Break', '38 %', '38 %', 'typical in 2""; Annealed']"
"ATI Allegheny Ludlum AL 4750™ Electrical Alloy, UNS K94800 or UNS K95000","['Nickel, Ni', '48.25 %', '48.25 %', '']","['Tensile Strength, Ultimate', '503 MPa', '73000 psi', 'Typical Annealed']","['Tensile Strength, Yield', '206 MPa@Strain 0.200 %', '29900 psi@Strain 0.200 %', 'Typical; Annealed']","['Elongation at Break', '38 %', '38 %', 'typical in 2""; Annealed']"
"ATI Allegheny Ludlum AL 4750™ Electrical Alloy, UNS K94800 or UNS K95000","['Phosphorous, P', '<= 0.030 %', '<= 0.030 %', '']","['Tensile Strength, Ultimate', '503 MPa', '73000 psi', 'Typical Annealed']","['Tensile Strength, Yield', '206 MPa@Strain 0.200 %', '29900 psi@Strain 0.200 %', 'Typical; Annealed']","['Elongation at Break', '38 %', '38 %', 'typical in 2""; Annealed']"
"ATI Allegheny Ludlum AL 4750™ Electrical Alloy, UNS K94800 or UNS K95000","['Silicon, Si', '0.30 %', '0.30 %', '']","['Tensile Strength, Ultimate', '503 MPa', '73000 psi', 'Typical Annealed']","['Tensile Strength, Yield', '206 MPa@Strain 0.200 %', '29900 psi@Strain 0.200 %', 'Typical; Annealed']","['Elongation at Break', '38 %', '38 %', 'typical in 2""; Annealed']"
"ATI Allegheny Ludlum AL 4750™ Electrical Alloy, UNS K94800 or UNS K95000","['Sulfur, S', '<= 0.010 %', '<= 0.010 %', '']","['Tensile Strength, Ultimate', '503 MPa', '73000 psi', 'Typical Annealed']","['Tensile Strength, Yield', '206 MPa@Strain 0.200 %', '29900 psi@Strain 0.200 %', 'Typical; Annealed']","['Elongation at Break', '38 %', '38 %', 'typical in 2""; Annealed']"
ATI Allegheny Ludlum Moly Permalloy Electrical Alloy,"['Aluminum, Al', '<= 0.010 %', '<= 0.010 %', '']","['Tensile Strength, Ultimate', '682 MPa', '98900 psi', 'Typical Annealed']","['Tensile Strength, Yield', '338 MPa@Strain 0.200 %', '49000 psi@Strain 0.200 %', 'Typical; Annealed']","['Elongation at Break', '32 %', '32 %', 'typical in 2""; Annealed']"
ATI Allegheny Ludlum Moly Permalloy Electrical Alloy,"['Carbon, C', '0.015 %', '0.015 %', '']","['Tensile Strength, Ultimate', '682 MPa', '98900 psi', 'Typical Annealed']","['Tensile Strength, Yield', '338 MPa@Strain 0.200 %', '49000 psi@Strain 0.200 %', 'Typical; Annealed']","['Elongation at Break', '32 %', '32 %', 'typical in 2""; Annealed']"
ATI Allegheny Ludlum Moly Permalloy Electrical Alloy,"['Chromium, Cr', '<= 0.020 %', '<= 0.020 %', '']","['Tensile Strength, Ultimate', '682 MPa', '98900 psi', 'Typical Annealed']","['Tensile Strength, Yield', '338 MPa@Strain 0.200 %', '49000 psi@Strain 0.200 %', 'Typical; Annealed']","['Elongation at Break', '32 %', '32 %', 'typical in 2""; Annealed']"
ATI Allegheny Ludlum Moly Permalloy Electrical Alloy,"['Cobalt, Co', '<= 0.020 %', '<= 0.020 %', '']","['Tensile Strength, Ultimate', '682 MPa', '98900 psi', 'Typical Annealed']","['Tensile Strength, Yield', '338 MPa@Strain 0.200 %', '49000 psi@Strain 0.200 %', 'Typical; Annealed']","['Elongation at Break', '32 %', '32 %', 'typical in 2""; Annealed']"
ATI Allegheny Ludlum Moly Permalloy Electrical Alloy,"['Iron, Fe', '14 %', '14 %', 'as balance']","['Tensile Strength, Ultimate', '682 MPa', '98900 psi', 'Typical Annealed']","['Tensile Strength, Yield', '338 MPa@Strain 0.200 %', '49000 psi@Strain 0.200 %', 'Typical; Annealed']","['Elongation at Break', '32 %', '32 %', 'typical in 2""; Annealed']"
ATI Allegheny Ludlum Moly Permalloy Electrical Alloy,"['Manganese, Mn', '0.50 %', '0.50 %', '']","['Tensile Strength, Ultimate', '682 MPa', '98900 psi', 'Typical Annealed']","['Tensile Strength, Yield', '338 MPa@Strain 0.200 %', '49000 psi@Strain 0.200 %', 'Typical; Annealed']","['Elongation at Break', '32 %', '32 %', 'typical in 2""; Annealed']"
ATI Allegheny Ludlum Moly Permalloy Electrical Alloy,"['Molybdenum, Mo', '4.85 %', '4.85 %', '']","['Tensile Strength, Ultimate', '682 MPa', '98900 psi', 'Typical Annealed']","['Tensile Strength, Yield', '338 MPa@Strain 0.200 %', '49000 psi@Strain 0.200 %', 'Typical; Annealed']","['Elongation at Break', '32 %', '32 %', 'typical in 2""; Annealed']"
ATI Allegheny Ludlum Moly Permalloy Electrical Alloy,"['Nickel, Ni', '80.2 %', '80.2 %', '']","['Tensile Strength, Ultimate', '682 MPa', '98900 psi', 'Typical Annealed']","['Tensile Strength, Yield', '338 MPa@Strain 0.200 %', '49000 psi@Strain 0.200 %', 'Typical; Annealed']","['Elongation at Break', '32 %', '32 %', 'typical in 2""; Annealed']"
ATI Allegheny Ludlum Moly Permalloy Electrical Alloy,"['Phosphorous, P', '<= 0.0050 %', '<= 0.0050 %', '']","['Tensile Strength, Ultimate', '682 MPa', '98900 psi', 'Typical Annealed']","['Tensile Strength, Yield', '338 MPa@Strain 0.200 %', '49000 psi@Strain 0.200 %', 'Typical; Annealed']","['Elongation at Break', '32 %', '32 %', 'typical in 2""; Annealed']"
ATI Allegheny Ludlum Moly Permalloy Electrical Alloy,"['Silicon, Si', '0.30 %', '0.30 %', '']","['Tensile Strength, Ultimate', '682 MPa', '98900 psi', 'Typical Annealed']","['Tensile Strength, Yield', '338 MPa@Strain 0.200 %', '49000 psi@Strain 0.200 %', 'Typical; Annealed']","['Elongation at Break', '32 %', '32 %', 'typical in 2""; Annealed']"
ATI Allegheny Ludlum Moly Permalloy Electrical Alloy,"['Sulfur, S', '<= 0.0010 %', '<= 0.0010 %', '']","['Tensile Strength, Ultimate', '682 MPa', '98900 psi', 'Typical Annealed']","['Tensile Strength, Yield', '338 MPa@Strain 0.200 %', '49000 psi@Strain 0.200 %', 'Typical; Annealed']","['Elongation at Break', '32 %', '32 %', 'typical in 2""; Annealed']"
ATI Allegheny Ludlum Ohmaloy® 30 Resistance Alloy,"['Aluminum, Al', '3.95 %', '3.95 %', '']","['Tensile Strength, Ultimate', '524 MPa', '76000 psi', 'Typical']","['Tensile Strength, Yield', '379 MPa', '55000 psi', 'Typical']","['Elongation at Break', '28 %', '28 %', 'typical in 2""']"
ATI Allegheny Ludlum Ohmaloy® 30 Resistance Alloy,"['Carbon, C', '0.025 %', '0.025 %', '']","['Tensile Strength, Ultimate', '524 MPa', '76000 psi', 'Typical']","['Tensile Strength, Yield', '379 MPa', '55000 psi', 'Typical']","['Elongation at Break', '28 %', '28 %', 'typical in 2""']"
ATI Allegheny Ludlum Ohmaloy® 30 Resistance Alloy,"['Chromium, Cr', '13 %', '13 %', '']","['Tensile Strength, Ultimate', '524 MPa', '76000 psi', 'Typical']","['Tensile Strength, Yield', '379 MPa', '55000 psi', 'Typical']","['Elongation at Break', '28 %', '28 %', 'typical in 2""']"
ATI Allegheny Ludlum Ohmaloy® 30 Resistance Alloy,"['Iron, Fe', '82 %', '82 %', 'as balance']","['Tensile Strength, Ultimate', '524 MPa', '76000 psi', 'Typical']","['Tensile Strength, Yield', '379 MPa', '55000 psi', 'Typical']","['Elongation at Break', '28 %', '28 %', 'typical in 2""']"
ATI Allegheny Ludlum Ohmaloy® 30 Resistance Alloy,"['Manganese, Mn', '0.35 %', '0.35 %', '']","['Tensile Strength, Ultimate', '524 MPa', '76000 psi', 'Typical']","['Tensile Strength, Yield', '379 MPa', '55000 psi', 'Typical']","['Elongation at Break', '28 %', '28 %', 'typical in 2""']"
ATI Allegheny Ludlum Ohmaloy® 30 Resistance Alloy,"['Silicon, Si', '0.30 %', '0.30 %', '']","['Tensile Strength, Ultimate', '524 MPa', '76000 psi', 'Typical']","['Tensile Strength, Yield', '379 MPa', '55000 psi', 'Typical']","['Elongation at Break', '28 %', '28 %', 'typical in 2""']"
ATI Allegheny Ludlum Ohmaloy® 30 Resistance Alloy,"['Titanium, Ti', '0.30 %', '0.30 %', '']","['Tensile Strength, Ultimate', '524 MPa', '76000 psi', 'Typical']","['Tensile Strength, Yield', '379 MPa', '55000 psi', 'Typical']","['Elongation at Break', '28 %', '28 %', 'typical in 2""']"
ATI Allegheny Ludlum Stainless Steel Ohmaloy® 40 Resistance Alloy,"['Aluminum, Al', '3.95 %', '3.95 %', '']","['Tensile Strength, Ultimate', '600 MPa', '87000 psi', 'Typical']","['Tensile Strength, Yield', '448 MPa', '65000 psi', 'Typical']","['Elongation at Break', '23 %', '23 %', 'typical in 2""']"
ATI Allegheny Ludlum Stainless Steel Ohmaloy® 40 Resistance Alloy,"['Carbon, C', '0.025 %', '0.025 %', '']","['Tensile Strength, Ultimate', '600 MPa', '87000 psi', 'Typical']","['Tensile Strength, Yield', '448 MPa', '65000 psi', 'Typical']","['Elongation at Break', '23 %', '23 %', 'typical in 2""']"
ATI Allegheny Ludlum Stainless Steel Ohmaloy® 40 Resistance Alloy,"['Chromium, Cr', '13 %', '13 %', '']","['Tensile Strength, Ultimate', '600 MPa', '87000 psi', 'Typical']","['Tensile Strength, Yield', '448 MPa', '65000 psi', 'Typical']","['Elongation at Break', '23 %', '23 %', 'typical in 2""']"
ATI Allegheny Ludlum Stainless Steel Ohmaloy® 40 Resistance Alloy,"['Iron, Fe', '82 %', '82 %', 'as balance']","['Tensile Strength, Ultimate', '600 MPa', '87000 psi', 'Typical']","['Tensile Strength, Yield', '448 MPa', '65000 psi', 'Typical']","['Elongation at Break', '23 %', '23 %', 'typical in 2""']"
ATI Allegheny Ludlum Stainless Steel Ohmaloy® 40 Resistance Alloy,"['Manganese, Mn', '0.35 %', '0.35 %', '']","['Tensile Strength, Ultimate', '600 MPa', '87000 psi', 'Typical']","['Tensile Strength, Yield', '448 MPa', '65000 psi', 'Typical']","['Elongation at Break', '23 %', '23 %', 'typical in 2""']"
ATI Allegheny Ludlum Stainless Steel Ohmaloy® 40 Resistance Alloy,"['Silicon, Si', '0.30 %', '0.30 %', '']","['Tensile Strength, Ultimate', '600 MPa', '87000 psi', 'Typical']","['Tensile Strength, Yield', '448 MPa', '65000 psi', 'Typical']","['Elongation at Break', '23 %', '23 %', 'typical in 2""']"
ATI Allegheny Ludlum Stainless Steel Ohmaloy® 40 Resistance Alloy,"['Titanium, Ti', '0.30 %', '0.30 %', '']","['Tensile Strength, Ultimate', '600 MPa', '87000 psi', 'Typical']","['Tensile Strength, Yield', '448 MPa', '65000 psi', 'Typical']","['Elongation at Break', '23 %', '23 %', 'typical in 2""']"
Resistalloy International Resistalloy 8020 Nickel Chromium Electrical Resistance Alloy,"['Chromium, Cr', '20 %', '20 %', '']","['Tensile Strength, Ultimate', '750 MPa', '109000 psi', '']","['Tensile Strength, Yield', '450 MPa', '65300 psi', '']","['Elongation at Break', '25 - 30 %@Thickness 50.0 mm', '25 - 30 %@Thickness 1.97 in', '']"
Resistalloy International Resistalloy 8020 Nickel Chromium Electrical Resistance Alloy,"['Nickel, Ni', '80 %', '80 %', '']","['Tensile Strength, Ultimate', '750 MPa', '109000 psi', '']","['Tensile Strength, Yield', '450 MPa', '65300 psi', '']","['Elongation at Break', '25 - 30 %@Thickness 50.0 mm', '25 - 30 %@Thickness 1.97 in', '']"
Resistalloy International Resistalloy 6015 Nickel Chromium Electrical Resistance Alloy,"['Chromium, Cr', '15 %', '15 %', '']","['Tensile Strength, Ultimate', '750 MPa', '109000 psi', '']","['Tensile Strength, Yield', '450 MPa', '65300 psi', '']","['Elongation at Break', '25 - 30 %@Thickness 50.0 mm', '25 - 30 %@Thickness 1.97 in', '']"
Resistalloy International Resistalloy 6015 Nickel Chromium Electrical Resistance Alloy,"['Iron, Fe', '25 %', '25 %', '']","['Tensile Strength, Ultimate', '750 MPa', '109000 psi', '']","['Tensile Strength, Yield', '450 MPa', '65300 psi', '']","['Elongation at Break', '25 - 30 %@Thickness 50.0 mm', '25 - 30 %@Thickness 1.97 in', '']"
Resistalloy International Resistalloy 6015 Nickel Chromium Electrical Resistance Alloy,"['Nickel, Ni', '60 %', '60 %', '']","['Tensile Strength, Ultimate', '750 MPa', '109000 psi', '']","['Tensile Strength, Yield', '450 MPa', '65300 psi', '']","['Elongation at Break', '25 - 30 %@Thickness 50.0 mm', '25 - 30 %@Thickness 1.97 in', '']"
Resistalloy International Resistalloy 3718 Nickel Chromium Electrical Resistance Alloy,"['Chromium, Cr', '20 %', '20 %', '']","['Tensile Strength, Ultimate', '750 MPa', '109000 psi', '']","['Tensile Strength, Yield', '450 MPa', '65300 psi', '']","['Elongation at Break', '25 - 30 %', '25 - 30 %', '50 mm (2 in)']"
Resistalloy International Resistalloy 3718 Nickel Chromium Electrical Resistance Alloy,"['Iron, Fe', '45 %', '45 %', '']","['Tensile Strength, Ultimate', '750 MPa', '109000 psi', '']","['Tensile Strength, Yield', '450 MPa', '65300 psi', '']","['Elongation at Break', '25 - 30 %', '25 - 30 %', '50 mm (2 in)']"
Resistalloy International Resistalloy 3718 Nickel Chromium Electrical Resistance Alloy,"['Nickel, Ni', '35 %', '35 %', '']","['Tensile Strength, Ultimate', '750 MPa', '109000 psi', '']","['Tensile Strength, Yield', '450 MPa', '65300 psi', '']","['Elongation at Break', '25 - 30 %', '25 - 30 %', '50 mm (2 in)']"
Resistalloy International Fecralloy™ Electrical Resistance Steel,"['Aluminum, Al', '5.3 %', '5.3 %', '']","['Tensile Strength, Ultimate', '750 MPa', '109000 psi', '']","['Tensile Strength, Yield', '550 MPa', '79800 psi', '']","['Elongation at Break', '16 - 20 %', '16 - 20 %', '50 mm (2 in)']"
Resistalloy International Fecralloy™ Electrical Resistance Steel,"['Chromium, Cr', '22 %', '22 %', '']","['Tensile Strength, Ultimate', '750 MPa', '109000 psi', '']","['Tensile Strength, Yield', '550 MPa', '79800 psi', '']","['Elongation at Break', '16 - 20 %', '16 - 20 %', '50 mm (2 in)']"
Resistalloy International Fecralloy™ Electrical Resistance Steel,"['Iron, Fe', '73 %', '73 %', 'As remainder']","['Tensile Strength, Ultimate', '750 MPa', '109000 psi', '']","['Tensile Strength, Yield', '550 MPa', '79800 psi', '']","['Elongation at Break', '16 - 20 %', '16 - 20 %', '50 mm (2 in)']"
Resistalloy International Fecralloy™ 145 Electrical Resistance Steel,"['Aluminum, Al', '5.8 %', '5.8 %', '']","['Tensile Strength, Ultimate', '750 MPa', '109000 psi', '']","['Tensile Strength, Yield', '550 MPa', '79800 psi', '']","['Elongation at Break', '16 - 20 %@Thickness 50.0 mm', '16 - 20 %@Thickness 1.97 in', '']"
Resistalloy International Fecralloy™ 145 Electrical Resistance Steel,"['Chromium, Cr', '22 %', '22 %', '']","['Tensile Strength, Ultimate', '750 MPa', '109000 psi', '']","['Tensile Strength, Yield', '550 MPa', '79800 psi', '']","['Elongation at Break', '16 - 20 %@Thickness 50.0 mm', '16 - 20 %@Thickness 1.97 in', '']"
Resistalloy International Fecralloy™ 145 Electrical Resistance Steel,"['Iron, Fe', '72 %', '72 %', 'As remainder']","['Tensile Strength, Ultimate', '750 MPa', '109000 psi', '']","['Tensile Strength, Yield', '550 MPa', '79800 psi', '']","['Elongation at Break', '16 - 20 %@Thickness 50.0 mm', '16 - 20 %@Thickness 1.97 in', '']"
Resistalloy International Fecralloy™ 135 Electrical Resistance Steel,"['Aluminum, Al', '4.8 %', '4.8 %', '']","['Tensile Strength, Ultimate', '750 MPa', '109000 psi', '']","['Tensile Strength, Yield', '550 MPa', '79800 psi', '']","['Elongation at Break', '16 - 20 %@Thickness 50.0 mm', '16 - 20 %@Thickness 1.97 in', '']"
Resistalloy International Fecralloy™ 135 Electrical Resistance Steel,"['Chromium, Cr', '22 %', '22 %', '']","['Tensile Strength, Ultimate', '750 MPa', '109000 psi', '']","['Tensile Strength, Yield', '550 MPa', '79800 psi', '']","['Elongation at Break', '16 - 20 %@Thickness 50.0 mm', '16 - 20 %@Thickness 1.97 in', '']"
Resistalloy International Fecralloy™ 135 Electrical Resistance Steel,"['Iron, Fe', '73 %', '73 %', 'As remainder']","['Tensile Strength, Ultimate', '750 MPa', '109000 psi', '']","['Tensile Strength, Yield', '550 MPa', '79800 psi', '']","['Elongation at Break', '16 - 20 %@Thickness 50.0 mm', '16 - 20 %@Thickness 1.97 in', '']"
Resistalloy International Fecralloy™ 134 Electrical Resistance Steel,"['Aluminum, Al', '4.3 %', '4.3 %', '']","['Tensile Strength, Ultimate', '750 MPa', '109000 psi', '']","['Tensile Strength, Yield', '550 MPa', '79800 psi', '']","['Elongation at Break', '16 - 20 %@Thickness 50.0 mm', '16 - 20 %@Thickness 1.97 in', '']"
Resistalloy International Fecralloy™ 134 Electrical Resistance Steel,"['Chromium, Cr', '15 %', '15 %', '']","['Tensile Strength, Ultimate', '750 MPa', '109000 psi', '']","['Tensile Strength, Yield', '550 MPa', '79800 psi', '']","['Elongation at Break', '16 - 20 %@Thickness 50.0 mm', '16 - 20 %@Thickness 1.97 in', '']"
Resistalloy International Fecralloy™ 134 Electrical Resistance Steel,"['Iron, Fe', '81 %', '81 %', 'As remainder']","['Tensile Strength, Ultimate', '750 MPa', '109000 psi', '']","['Tensile Strength, Yield', '550 MPa', '79800 psi', '']","['Elongation at Break', '16 - 20 %@Thickness 50.0 mm', '16 - 20 %@Thickness 1.97 in', '']"
FloMet 430L Stainless Steel,"['Carbon, C', '<= 0.050 %', '<= 0.050 %', '']","['Tensile Strength, Ultimate', '379 MPa', '55000 psi', '']","['Tensile Strength, Yield', '241 MPa@Strain 0.200 %', '35000 psi@Strain 0.200 %', '']","['Elongation at Break', '25 %', '25 %', '']"
FloMet 430L Stainless Steel,"['Chromium, Cr', '17 %', '17 %', '']","['Tensile Strength, Ultimate', '379 MPa', '55000 psi', '']","['Tensile Strength, Yield', '241 MPa@Strain 0.200 %', '35000 psi@Strain 0.200 %', '']","['Elongation at Break', '25 %', '25 %', '']"
FloMet 430L Stainless Steel,"['Iron, Fe', '83 %', '83 %', 'As remainder']","['Tensile Strength, Ultimate', '379 MPa', '55000 psi', '']","['Tensile Strength, Yield', '241 MPa@Strain 0.200 %', '35000 psi@Strain 0.200 %', '']","['Elongation at Break', '25 %', '25 %', '']"
FloMet Fe-50%Co Soft Magnetic Alloy,"['Carbon, C', '<= 0.050 %', '<= 0.050 %', '']","['Tensile Strength, Ultimate', '207 MPa', '30000 psi', '']","['Tensile Strength, Yield', '207 MPa@Strain 0.200 %', '30000 psi@Strain 0.200 %', '']","['Elongation at Break', '<= 1.0 %', '<= 1.0 %', '']"
FloMet Fe-50%Co Soft Magnetic Alloy,"['Cobalt, Co', '50 %', '50 %', '']","['Tensile Strength, Ultimate', '207 MPa', '30000 psi', '']","['Tensile Strength, Yield', '207 MPa@Strain 0.200 %', '30000 psi@Strain 0.200 %', '']","['Elongation at Break', '<= 1.0 %', '<= 1.0 %', '']"
FloMet Fe-50%Co Soft Magnetic Alloy,"['Iron, Fe', '50 %', '50 %', 'As remainder']","['Tensile Strength, Ultimate', '207 MPa', '30000 psi', '']","['Tensile Strength, Yield', '207 MPa@Strain 0.200 %', '30000 psi@Strain 0.200 %', '']","['Elongation at Break', '<= 1.0 %', '<= 1.0 %', '']"
FloMet Fe-3% Si Soft Magnetic Alloy,"['Carbon, C', '<= 0.050 %', '<= 0.050 %', '']","['Tensile Strength, Ultimate', '483 MPa', '70000 psi', '']","['Tensile Strength, Yield', '345 MPa@Strain 0.200 %', '50000 psi@Strain 0.200 %', '']","['Elongation at Break', '20 %', '20 %', '']"
FloMet Fe-3% Si Soft Magnetic Alloy,"['Iron, Fe', '97 %', '97 %', 'As remainder']","['Tensile Strength, Ultimate', '483 MPa', '70000 psi', '']","['Tensile Strength, Yield', '345 MPa@Strain 0.200 %', '50000 psi@Strain 0.200 %', '']","['Elongation at Break', '20 %', '20 %', '']"
FloMet Fe-3% Si Soft Magnetic Alloy,"['Silicon, Si', '3.0 %', '3.0 %', '']","['Tensile Strength, Ultimate', '483 MPa', '70000 psi', '']","['Tensile Strength, Yield', '345 MPa@Strain 0.200 %', '50000 psi@Strain 0.200 %', '']","['Elongation at Break', '20 %', '20 %', '']"
FloMet Fe-50% Ni Soft Magnetic Alloy,"['Carbon, C', '<= 0.050 %', '<= 0.050 %', '']","['Tensile Strength, Ultimate', '414 MPa', '60000 psi', '']","['Tensile Strength, Yield', '138 MPa@Strain 0.200 %', '20000 psi@Strain 0.200 %', '']","['Elongation at Break', '25 %', '25 %', '']"
FloMet Fe-50% Ni Soft Magnetic Alloy,"['Iron, Fe', '50 %', '50 %', 'As remainder']","['Tensile Strength, Ultimate', '414 MPa', '60000 psi', '']","['Tensile Strength, Yield', '138 MPa@Strain 0.200 %', '20000 psi@Strain 0.200 %', '']","['Elongation at Break', '25 %', '25 %', '']"
FloMet Fe-50% Ni Soft Magnetic Alloy,"['Nickel, Ni', '50 %', '50 %', '']","['Tensile Strength, Ultimate', '414 MPa', '60000 psi', '']","['Tensile Strength, Yield', '138 MPa@Strain 0.200 %', '20000 psi@Strain 0.200 %', '']","['Elongation at Break', '25 %', '25 %', '']"
FloMet ASTM F-15 Controlled Thermal Expansivity Alloy,"['Carbon, C', '<= 0.10 %', '<= 0.10 %', '']","['Tensile Strength, Ultimate', '462 MPa', '67000 psi', '']","['Tensile Strength, Yield', '296 MPa@Strain 0.200 %', '43000 psi@Strain 0.200 %', '']","['Elongation at Break', '36 %', '36 %', '']"
FloMet ASTM F-15 Controlled Thermal Expansivity Alloy,"['Cobalt, Co', '17 %', '17 %', '']","['Tensile Strength, Ultimate', '462 MPa', '67000 psi', '']","['Tensile Strength, Yield', '296 MPa@Strain 0.200 %', '43000 psi@Strain 0.200 %', '']","['Elongation at Break', '36 %', '36 %', '']"
FloMet ASTM F-15 Controlled Thermal Expansivity Alloy,"['Iron, Fe', '54 %', '54 %', 'As remainder']","['Tensile Strength, Ultimate', '462 MPa', '67000 psi', '']","['Tensile Strength, Yield', '296 MPa@Strain 0.200 %', '43000 psi@Strain 0.200 %', '']","['Elongation at Break', '36 %', '36 %', '']"
FloMet ASTM F-15 Controlled Thermal Expansivity Alloy,"['Nickel, Ni', '29 %', '29 %', '']","['Tensile Strength, Ultimate', '462 MPa', '67000 psi', '']","['Tensile Strength, Yield', '296 MPa@Strain 0.200 %', '43000 psi@Strain 0.200 %', '']","['Elongation at Break', '36 %', '36 %', '']"
