"Magnesium, Mg; Sand Cast","['Magnesium, Mg', '100 %', '100 %', '']","['Tensile Strength, Ultimate', '90.0 MPa', '13100 psi', '']","['Tensile Strength, Yield', '21.0 MPa', '3050 psi', '']","['Elongation at Break', '2.0 - 6.0 %', '2.0 - 6.0 %', '']"
"Magnesium, Mg; Sand Cast",['Descriptive Properties'],"['Tensile Strength, Ultimate', '90.0 MPa', '13100 psi', '']","['Tensile Strength, Yield', '21.0 MPa', '3050 psi', '']","['Elongation at Break', '2.0 - 6.0 %', '2.0 - 6.0 %', '']"
"Magnesium, Mg; Extruded","['Magnesium, Mg', '100 %', '100 %', '']","['Tensile Strength, Ultimate', '165 - 205 MPa', '23900 - 29700 psi', '']","['Tensile Strength, Yield', '69.0 - 105 MPa', '10000 - 15200 psi', '']","['Elongation at Break', '5.0 - 8.0 %', '5.0 - 8.0 %', '']"
"Magnesium, Mg; Extruded",['Descriptive Properties'],"['Tensile Strength, Ultimate', '165 - 205 MPa', '23900 - 29700 psi', '']","['Tensile Strength, Yield', '69.0 - 105 MPa', '10000 - 15200 psi', '']","['Elongation at Break', '5.0 - 8.0 %', '5.0 - 8.0 %', '']"
"Magnesium, Mg; Hard-Rolled Sheet","['Magnesium, Mg', '100 %', '100 %', '']","['Tensile Strength, Ultimate', '180 - 220 MPa', '26100 - 31900 psi', '']","['Tensile Strength, Yield', '115 - 140 MPa', '16700 - 20300 psi', '']","['Elongation at Break', '2.0 - 10 %', '2.0 - 10 %', '']"
"Magnesium, Mg; Hard-Rolled Sheet",['Descriptive Properties'],"['Tensile Strength, Ultimate', '180 - 220 MPa', '26100 - 31900 psi', '']","['Tensile Strength, Yield', '115 - 140 MPa', '16700 - 20300 psi', '']","['Elongation at Break', '2.0 - 10 %', '2.0 - 10 %', '']"
"Magnesium, Mg; Annealed Sheet","['Magnesium, Mg', '100 %', '100 %', '']","['Tensile Strength, Ultimate', '160 - 196 MPa', '23200 - 28400 psi', '']","['Tensile Strength, Yield', '90.0 - 105 MPa', '13100 - 15200 psi', '']","['Elongation at Break', '3.0 - 15 %', '3.0 - 15 %', '']"
"Magnesium, Mg; Annealed Sheet",['Descriptive Properties'],"['Tensile Strength, Ultimate', '160 - 196 MPa', '23200 - 28400 psi', '']","['Tensile Strength, Yield', '90.0 - 105 MPa', '13100 - 15200 psi', '']","['Elongation at Break', '3.0 - 15 %', '3.0 - 15 %', '']"
Overview of materials for Magnesium Alloy,"['Aluminum, Al', '0.500 - 51.6 %', '0.500 - 51.6 %', 'Average value: 7.05 % Grade Count:109']","['Tensile Strength, Ultimate', '41.0 - 515 MPa', '5950 - 74700 psi', 'Average value: 228 MPa Grade Count:169']","['Tensile Strength, Yield', '21.0 - 460 MPa', '3050 - 66700 psi', 'Average value: 165 MPa Grade Count:149']","['Elongation at Break', '1.00 - 30.5 %', '1.00 - 30.5 %', 'Average value: 7.83 % Grade Count:167']"
Overview of materials for Magnesium Alloy,"['Beryllium, Be', '0.000800 %', '0.000800 %', 'Average value: 0.000800 % Grade Count:8']","['Tensile Strength, Ultimate', '41.0 - 515 MPa', '5950 - 74700 psi', 'Average value: 228 MPa Grade Count:169']","['Tensile Strength, Yield', '21.0 - 460 MPa', '3050 - 66700 psi', 'Average value: 165 MPa Grade Count:149']","['Elongation at Break', '1.00 - 30.5 %', '1.00 - 30.5 %', 'Average value: 7.83 % Grade Count:167']"
Overview of materials for Magnesium Alloy,"['Calcium, Ca', '0.0400 - 0.300 %', '0.0400 - 0.300 %', 'Average value: 0.142 % Grade Count:14']","['Tensile Strength, Ultimate', '41.0 - 515 MPa', '5950 - 74700 psi', 'Average value: 228 MPa Grade Count:169']","['Tensile Strength, Yield', '21.0 - 460 MPa', '3050 - 66700 psi', 'Average value: 165 MPa Grade Count:149']","['Elongation at Break', '1.00 - 30.5 %', '1.00 - 30.5 %', 'Average value: 7.83 % Grade Count:167']"
Overview of materials for Magnesium Alloy,"['Copper, Cu', '0.0100 - 3.00 %', '0.0100 - 3.00 %', 'Average value: 0.206 % Grade Count:91']","['Tensile Strength, Ultimate', '41.0 - 515 MPa', '5950 - 74700 psi', 'Average value: 228 MPa Grade Count:169']","['Tensile Strength, Yield', '21.0 - 460 MPa', '3050 - 66700 psi', 'Average value: 165 MPa Grade Count:149']","['Elongation at Break', '1.00 - 30.5 %', '1.00 - 30.5 %', 'Average value: 7.83 % Grade Count:167']"
Overview of materials for Magnesium Alloy,"['Gadolinium, Gd', '1.00 - 25.0 %', '1.00 - 25.0 %', 'Average value: 6.64 % Grade Count:4']","['Tensile Strength, Ultimate', '41.0 - 515 MPa', '5950 - 74700 psi', 'Average value: 228 MPa Grade Count:169']","['Tensile Strength, Yield', '21.0 - 460 MPa', '3050 - 66700 psi', 'Average value: 165 MPa Grade Count:149']","['Elongation at Break', '1.00 - 30.5 %', '1.00 - 30.5 %', 'Average value: 7.83 % Grade Count:167']"
Overview of materials for Magnesium Alloy,"['Iron, Fe', '0.00350 - 0.150 %', '0.00350 - 0.150 %', 'Average value: 0.0145 % Grade Count:30']","['Tensile Strength, Ultimate', '41.0 - 515 MPa', '5950 - 74700 psi', 'Average value: 228 MPa Grade Count:169']","['Tensile Strength, Yield', '21.0 - 460 MPa', '3050 - 66700 psi', 'Average value: 165 MPa Grade Count:149']","['Elongation at Break', '1.00 - 30.5 %', '1.00 - 30.5 %', 'Average value: 7.83 % Grade Count:167']"
Overview of materials for Magnesium Alloy,"['Lithium, Li', '0.200 - 15.0 %', '0.200 - 15.0 %', 'Average value: 7.10 % Grade Count:4']","['Tensile Strength, Ultimate', '41.0 - 515 MPa', '5950 - 74700 psi', 'Average value: 228 MPa Grade Count:169']","['Tensile Strength, Yield', '21.0 - 460 MPa', '3050 - 66700 psi', 'Average value: 165 MPa Grade Count:149']","['Elongation at Break', '1.00 - 30.5 %', '1.00 - 30.5 %', 'Average value: 7.83 % Grade Count:167']"
Overview of materials for Magnesium Alloy,"['Magnesium, Mg', '48.0 - 100 %', '48.0 - 100 %', 'Average value: 92.9 % Grade Count:213']","['Tensile Strength, Ultimate', '41.0 - 515 MPa', '5950 - 74700 psi', 'Average value: 228 MPa Grade Count:169']","['Tensile Strength, Yield', '21.0 - 460 MPa', '3050 - 66700 psi', 'Average value: 165 MPa Grade Count:149']","['Elongation at Break', '1.00 - 30.5 %', '1.00 - 30.5 %', 'Average value: 7.83 % Grade Count:167']"
Overview of materials for Magnesium Alloy,"['Manganese, Mn', '0.0800 - 1.20 %', '0.0800 - 1.20 %', 'Average value: 0.353 % Grade Count:118']","['Tensile Strength, Ultimate', '41.0 - 515 MPa', '5950 - 74700 psi', 'Average value: 228 MPa Grade Count:169']","['Tensile Strength, Yield', '21.0 - 460 MPa', '3050 - 66700 psi', 'Average value: 165 MPa Grade Count:149']","['Elongation at Break', '1.00 - 30.5 %', '1.00 - 30.5 %', 'Average value: 7.83 % Grade Count:167']"
Overview of materials for Magnesium Alloy,"['Neodymium, Nd', '0.600 - 28.0 %', '0.600 - 28.0 %', 'Average value: 4.79 % Grade Count:17']","['Tensile Strength, Ultimate', '41.0 - 515 MPa', '5950 - 74700 psi', 'Average value: 228 MPa Grade Count:169']","['Tensile Strength, Yield', '21.0 - 460 MPa', '3050 - 66700 psi', 'Average value: 165 MPa Grade Count:149']","['Elongation at Break', '1.00 - 30.5 %', '1.00 - 30.5 %', 'Average value: 7.83 % Grade Count:167']"
Overview of materials for Magnesium Alloy,"['Nickel, Ni', '0.00100 - 0.0300 %', '0.00100 - 0.0300 %', 'Average value: 0.00941 % Grade Count:87']","['Tensile Strength, Ultimate', '41.0 - 515 MPa', '5950 - 74700 psi', 'Average value: 228 MPa Grade Count:169']","['Tensile Strength, Yield', '21.0 - 460 MPa', '3050 - 66700 psi', 'Average value: 165 MPa Grade Count:149']","['Elongation at Break', '1.00 - 30.5 %', '1.00 - 30.5 %', 'Average value: 7.83 % Grade Count:167']"
Overview of materials for Magnesium Alloy,"['Rare Earths', '0.100 - 22.0 %', '0.100 - 22.0 %', 'Average value: 3.33 % Grade Count:40']","['Tensile Strength, Ultimate', '41.0 - 515 MPa', '5950 - 74700 psi', 'Average value: 228 MPa Grade Count:169']","['Tensile Strength, Yield', '21.0 - 460 MPa', '3050 - 66700 psi', 'Average value: 165 MPa Grade Count:149']","['Elongation at Break', '1.00 - 30.5 %', '1.00 - 30.5 %', 'Average value: 7.83 % Grade Count:167']"
Overview of materials for Magnesium Alloy,"['Silicon, Si', '0.0100 - 1.50 %', '0.0100 - 1.50 %', 'Average value: 0.259 % Grade Count:74']","['Tensile Strength, Ultimate', '41.0 - 515 MPa', '5950 - 74700 psi', 'Average value: 228 MPa Grade Count:169']","['Tensile Strength, Yield', '21.0 - 460 MPa', '3050 - 66700 psi', 'Average value: 165 MPa Grade Count:149']","['Elongation at Break', '1.00 - 30.5 %', '1.00 - 30.5 %', 'Average value: 7.83 % Grade Count:167']"
Overview of materials for Magnesium Alloy,"['Silver, Ag', '1.30 - 3.00 %', '1.30 - 3.00 %', 'Average value: 2.13 % Grade Count:17']","['Tensile Strength, Ultimate', '41.0 - 515 MPa', '5950 - 74700 psi', 'Average value: 228 MPa Grade Count:169']","['Tensile Strength, Yield', '21.0 - 460 MPa', '3050 - 66700 psi', 'Average value: 165 MPa Grade Count:149']","['Elongation at Break', '1.00 - 30.5 %', '1.00 - 30.5 %', 'Average value: 7.83 % Grade Count:167']"
Overview of materials for Magnesium Alloy,"['Thorium, Th', '0.600 - 4.00 %', '0.600 - 4.00 %', 'Average value: 2.58 % Grade Count:14']","['Tensile Strength, Ultimate', '41.0 - 515 MPa', '5950 - 74700 psi', 'Average value: 228 MPa Grade Count:169']","['Tensile Strength, Yield', '21.0 - 460 MPa', '3050 - 66700 psi', 'Average value: 165 MPa Grade Count:149']","['Elongation at Break', '1.00 - 30.5 %', '1.00 - 30.5 %', 'Average value: 7.83 % Grade Count:167']"
Overview of materials for Magnesium Alloy,"['Yttrium, Y', '3.70 - 28.0 %', '3.70 - 28.0 %', 'Average value: 6.63 % Grade Count:19']","['Tensile Strength, Ultimate', '41.0 - 515 MPa', '5950 - 74700 psi', 'Average value: 228 MPa Grade Count:169']","['Tensile Strength, Yield', '21.0 - 460 MPa', '3050 - 66700 psi', 'Average value: 165 MPa Grade Count:149']","['Elongation at Break', '1.00 - 30.5 %', '1.00 - 30.5 %', 'Average value: 7.83 % Grade Count:167']"
Overview of materials for Magnesium Alloy,"['Zinc, Zn', '0.120 - 7.00 %', '0.120 - 7.00 %', 'Average value: 1.93 % Grade Count:147']","['Tensile Strength, Ultimate', '41.0 - 515 MPa', '5950 - 74700 psi', 'Average value: 228 MPa Grade Count:169']","['Tensile Strength, Yield', '21.0 - 460 MPa', '3050 - 66700 psi', 'Average value: 165 MPa Grade Count:149']","['Elongation at Break', '1.00 - 30.5 %', '1.00 - 30.5 %', 'Average value: 7.83 % Grade Count:167']"
Overview of materials for Magnesium Alloy,"['Zirconium, Zr', '0.200 - 38.0 %', '0.200 - 38.0 %', 'Average value: 1.54 % Grade Count:75']","['Tensile Strength, Ultimate', '41.0 - 515 MPa', '5950 - 74700 psi', 'Average value: 228 MPa Grade Count:169']","['Tensile Strength, Yield', '21.0 - 460 MPa', '3050 - 66700 psi', 'Average value: 165 MPa Grade Count:149']","['Elongation at Break', '1.00 - 30.5 %', '1.00 - 30.5 %', 'Average value: 7.83 % Grade Count:167']"
"Magnesium AE42-F, Die Cast","['Aluminum, Al', '4.0 %', '4.0 %', '']","['Tensile Strength, Ultimate', '234 MPa', '34000 psi', '']","['Tensile Strength, Yield', '145 MPa', '21000 psi', '']","['Elongation at Break', '11 %', '11 %', 'in 50 mm']"
"Magnesium AE42-F, Die Cast","['Magnesium, Mg', '93.4 %', '93.4 %', 'As Remainder']","['Tensile Strength, Ultimate', '234 MPa', '34000 psi', '']","['Tensile Strength, Yield', '145 MPa', '21000 psi', '']","['Elongation at Break', '11 %', '11 %', 'in 50 mm']"
"Magnesium AE42-F, Die Cast","['Manganese, Mn', '>= 0.10 %', '>= 0.10 %', '']","['Tensile Strength, Ultimate', '234 MPa', '34000 psi', '']","['Tensile Strength, Yield', '145 MPa', '21000 psi', '']","['Elongation at Break', '11 %', '11 %', 'in 50 mm']"
"Magnesium AE42-F, Die Cast","['Rare Earths', '2.5 %', '2.5 %', '']","['Tensile Strength, Ultimate', '234 MPa', '34000 psi', '']","['Tensile Strength, Yield', '145 MPa', '21000 psi', '']","['Elongation at Break', '11 %', '11 %', 'in 50 mm']"
"Magnesium AM100A-T61, Sand Cast","['Aluminum, Al', '9.3 - 10.7 %', '9.3 - 10.7 %', '']","['Tensile Strength, Ultimate', '275 MPa', '39900 psi', '']","['Tensile Strength, Yield', '150 MPa@Strain 0.200 %', '21800 psi@Strain 0.200 %', '']","['Elongation at Break', '1.0 %', '1.0 %', 'in 50 mm']"
"Magnesium AM100A-T61, Sand Cast","['Copper, Cu', '<= 0.10 %', '<= 0.10 %', '']","['Tensile Strength, Ultimate', '275 MPa', '39900 psi', '']","['Tensile Strength, Yield', '150 MPa@Strain 0.200 %', '21800 psi@Strain 0.200 %', '']","['Elongation at Break', '1.0 %', '1.0 %', 'in 50 mm']"
"Magnesium AM100A-T61, Sand Cast","['Magnesium, Mg', '90 %', '90 %', 'As Remainder']","['Tensile Strength, Ultimate', '275 MPa', '39900 psi', '']","['Tensile Strength, Yield', '150 MPa@Strain 0.200 %', '21800 psi@Strain 0.200 %', '']","['Elongation at Break', '1.0 %', '1.0 %', 'in 50 mm']"
"Magnesium AM100A-T61, Sand Cast","['Manganese, Mn', '>= 0.10 %', '>= 0.10 %', '']","['Tensile Strength, Ultimate', '275 MPa', '39900 psi', '']","['Tensile Strength, Yield', '150 MPa@Strain 0.200 %', '21800 psi@Strain 0.200 %', '']","['Elongation at Break', '1.0 %', '1.0 %', 'in 50 mm']"
"Magnesium AM100A-T61, Sand Cast","['Nickel, Ni', '<= 0.010 %', '<= 0.010 %', '']","['Tensile Strength, Ultimate', '275 MPa', '39900 psi', '']","['Tensile Strength, Yield', '150 MPa@Strain 0.200 %', '21800 psi@Strain 0.200 %', '']","['Elongation at Break', '1.0 %', '1.0 %', 'in 50 mm']"
"Magnesium AM100A-T61, Sand Cast","['Silicon, Si', '<= 0.30 %', '<= 0.30 %', '']","['Tensile Strength, Ultimate', '275 MPa', '39900 psi', '']","['Tensile Strength, Yield', '150 MPa@Strain 0.200 %', '21800 psi@Strain 0.200 %', '']","['Elongation at Break', '1.0 %', '1.0 %', 'in 50 mm']"
"Magnesium AM100A-T61, Sand Cast","['Zinc, Zn', '<= 0.30 %', '<= 0.30 %', '']","['Tensile Strength, Ultimate', '275 MPa', '39900 psi', '']","['Tensile Strength, Yield', '150 MPa@Strain 0.200 %', '21800 psi@Strain 0.200 %', '']","['Elongation at Break', '1.0 %', '1.0 %', 'in 50 mm']"
"Magnesium AM100A-F, Cast","['Aluminum, Al', '9.3 - 10.7 %', '9.3 - 10.7 %', '']","['Tensile Strength, Ultimate', '150 MPa', '21800 psi', '']","['Tensile Strength, Yield', '83.0 MPa@Strain 0.200 %', '12000 psi@Strain 0.200 %', '']","['Elongation at Break', '2.0 %', '2.0 %', 'in 50 mm']"
"Magnesium AM100A-F, Cast","['Copper, Cu', '<= 0.10 %', '<= 0.10 %', '']","['Tensile Strength, Ultimate', '150 MPa', '21800 psi', '']","['Tensile Strength, Yield', '83.0 MPa@Strain 0.200 %', '12000 psi@Strain 0.200 %', '']","['Elongation at Break', '2.0 %', '2.0 %', 'in 50 mm']"
"Magnesium AM100A-F, Cast","['Magnesium, Mg', '90 %', '90 %', 'As Remainder']","['Tensile Strength, Ultimate', '150 MPa', '21800 psi', '']","['Tensile Strength, Yield', '83.0 MPa@Strain 0.200 %', '12000 psi@Strain 0.200 %', '']","['Elongation at Break', '2.0 %', '2.0 %', 'in 50 mm']"
"Magnesium AM100A-F, Cast","['Manganese, Mn', '>= 0.10 %', '>= 0.10 %', '']","['Tensile Strength, Ultimate', '150 MPa', '21800 psi', '']","['Tensile Strength, Yield', '83.0 MPa@Strain 0.200 %', '12000 psi@Strain 0.200 %', '']","['Elongation at Break', '2.0 %', '2.0 %', 'in 50 mm']"
"Magnesium AM100A-F, Cast","['Nickel, Ni', '<= 0.010 %', '<= 0.010 %', '']","['Tensile Strength, Ultimate', '150 MPa', '21800 psi', '']","['Tensile Strength, Yield', '83.0 MPa@Strain 0.200 %', '12000 psi@Strain 0.200 %', '']","['Elongation at Break', '2.0 %', '2.0 %', 'in 50 mm']"
"Magnesium AM100A-F, Cast","['Silicon, Si', '<= 0.30 %', '<= 0.30 %', '']","['Tensile Strength, Ultimate', '150 MPa', '21800 psi', '']","['Tensile Strength, Yield', '83.0 MPa@Strain 0.200 %', '12000 psi@Strain 0.200 %', '']","['Elongation at Break', '2.0 %', '2.0 %', 'in 50 mm']"
"Magnesium AM100A-F, Cast","['Zinc, Zn', '<= 0.30 %', '<= 0.30 %', '']","['Tensile Strength, Ultimate', '150 MPa', '21800 psi', '']","['Tensile Strength, Yield', '83.0 MPa@Strain 0.200 %', '12000 psi@Strain 0.200 %', '']","['Elongation at Break', '2.0 %', '2.0 %', 'in 50 mm']"
"Magnesium AM100A-T4, Cast","['Aluminum, Al', '9.3 - 10.7 %', '9.3 - 10.7 %', '']","['Tensile Strength, Ultimate', '275 MPa', '39900 psi', '']","['Tensile Strength, Yield', '90.0 MPa@Strain 0.200 %', '13100 psi@Strain 0.200 %', '']","['Elongation at Break', '10 %', '10 %', 'in 50 mm']"
"Magnesium AM100A-T4, Cast","['Copper, Cu', '<= 0.10 %', '<= 0.10 %', '']","['Tensile Strength, Ultimate', '275 MPa', '39900 psi', '']","['Tensile Strength, Yield', '90.0 MPa@Strain 0.200 %', '13100 psi@Strain 0.200 %', '']","['Elongation at Break', '10 %', '10 %', 'in 50 mm']"
"Magnesium AM100A-T4, Cast","['Magnesium, Mg', '90 %', '90 %', 'As Remainder']","['Tensile Strength, Ultimate', '275 MPa', '39900 psi', '']","['Tensile Strength, Yield', '90.0 MPa@Strain 0.200 %', '13100 psi@Strain 0.200 %', '']","['Elongation at Break', '10 %', '10 %', 'in 50 mm']"
"Magnesium AM100A-T4, Cast","['Manganese, Mn', '>= 0.10 %', '>= 0.10 %', '']","['Tensile Strength, Ultimate', '275 MPa', '39900 psi', '']","['Tensile Strength, Yield', '90.0 MPa@Strain 0.200 %', '13100 psi@Strain 0.200 %', '']","['Elongation at Break', '10 %', '10 %', 'in 50 mm']"
"Magnesium AM100A-T4, Cast","['Nickel, Ni', '<= 0.010 %', '<= 0.010 %', '']","['Tensile Strength, Ultimate', '275 MPa', '39900 psi', '']","['Tensile Strength, Yield', '90.0 MPa@Strain 0.200 %', '13100 psi@Strain 0.200 %', '']","['Elongation at Break', '10 %', '10 %', 'in 50 mm']"
"Magnesium AM100A-T4, Cast","['Silicon, Si', '<= 0.30 %', '<= 0.30 %', '']","['Tensile Strength, Ultimate', '275 MPa', '39900 psi', '']","['Tensile Strength, Yield', '90.0 MPa@Strain 0.200 %', '13100 psi@Strain 0.200 %', '']","['Elongation at Break', '10 %', '10 %', 'in 50 mm']"
"Magnesium AM100A-T4, Cast","['Zinc, Zn', '<= 0.30 %', '<= 0.30 %', '']","['Tensile Strength, Ultimate', '275 MPa', '39900 psi', '']","['Tensile Strength, Yield', '90.0 MPa@Strain 0.200 %', '13100 psi@Strain 0.200 %', '']","['Elongation at Break', '10 %', '10 %', 'in 50 mm']"
"Magnesium AM100A-T5, Cast","['Aluminum, Al', '9.3 - 10.7 %', '9.3 - 10.7 %', '']","['Tensile Strength, Ultimate', '150 MPa', '21800 psi', '']","['Tensile Strength, Yield', '110 MPa@Strain 0.200 %', '16000 psi@Strain 0.200 %', '']","['Elongation at Break', '2.0 %', '2.0 %', 'in 50 mm']"
"Magnesium AM100A-T5, Cast","['Copper, Cu', '<= 0.10 %', '<= 0.10 %', '']","['Tensile Strength, Ultimate', '150 MPa', '21800 psi', '']","['Tensile Strength, Yield', '110 MPa@Strain 0.200 %', '16000 psi@Strain 0.200 %', '']","['Elongation at Break', '2.0 %', '2.0 %', 'in 50 mm']"
"Magnesium AM100A-T5, Cast","['Magnesium, Mg', '90 %', '90 %', 'As Remainder']","['Tensile Strength, Ultimate', '150 MPa', '21800 psi', '']","['Tensile Strength, Yield', '110 MPa@Strain 0.200 %', '16000 psi@Strain 0.200 %', '']","['Elongation at Break', '2.0 %', '2.0 %', 'in 50 mm']"
"Magnesium AM100A-T5, Cast","['Manganese, Mn', '>= 0.10 %', '>= 0.10 %', '']","['Tensile Strength, Ultimate', '150 MPa', '21800 psi', '']","['Tensile Strength, Yield', '110 MPa@Strain 0.200 %', '16000 psi@Strain 0.200 %', '']","['Elongation at Break', '2.0 %', '2.0 %', 'in 50 mm']"
"Magnesium AM100A-T5, Cast","['Nickel, Ni', '<= 0.010 %', '<= 0.010 %', '']","['Tensile Strength, Ultimate', '150 MPa', '21800 psi', '']","['Tensile Strength, Yield', '110 MPa@Strain 0.200 %', '16000 psi@Strain 0.200 %', '']","['Elongation at Break', '2.0 %', '2.0 %', 'in 50 mm']"
"Magnesium AM100A-T5, Cast","['Silicon, Si', '<= 0.30 %', '<= 0.30 %', '']","['Tensile Strength, Ultimate', '150 MPa', '21800 psi', '']","['Tensile Strength, Yield', '110 MPa@Strain 0.200 %', '16000 psi@Strain 0.200 %', '']","['Elongation at Break', '2.0 %', '2.0 %', 'in 50 mm']"
"Magnesium AM100A-T5, Cast","['Zinc, Zn', '<= 0.30 %', '<= 0.30 %', '']","['Tensile Strength, Ultimate', '150 MPa', '21800 psi', '']","['Tensile Strength, Yield', '110 MPa@Strain 0.200 %', '16000 psi@Strain 0.200 %', '']","['Elongation at Break', '2.0 %', '2.0 %', 'in 50 mm']"
"Magnesium AM100A-T7, Cast","['Aluminum, Al', '9.3 - 10.7 %', '9.3 - 10.7 %', '']","['Tensile Strength, Ultimate', '260 MPa', '37700 psi', '']","['Tensile Strength, Yield', '125 MPa@Strain 0.200 %', '18100 psi@Strain 0.200 %', '']","['Elongation at Break', '1.0 %', '1.0 %', 'in 50 mm']"
"Magnesium AM100A-T7, Cast","['Copper, Cu', '<= 0.10 %', '<= 0.10 %', '']","['Tensile Strength, Ultimate', '260 MPa', '37700 psi', '']","['Tensile Strength, Yield', '125 MPa@Strain 0.200 %', '18100 psi@Strain 0.200 %', '']","['Elongation at Break', '1.0 %', '1.0 %', 'in 50 mm']"
"Magnesium AM100A-T7, Cast","['Magnesium, Mg', '90 %', '90 %', 'As Remainder']","['Tensile Strength, Ultimate', '260 MPa', '37700 psi', '']","['Tensile Strength, Yield', '125 MPa@Strain 0.200 %', '18100 psi@Strain 0.200 %', '']","['Elongation at Break', '1.0 %', '1.0 %', 'in 50 mm']"
"Magnesium AM100A-T7, Cast","['Manganese, Mn', '>= 0.10 %', '>= 0.10 %', '']","['Tensile Strength, Ultimate', '260 MPa', '37700 psi', '']","['Tensile Strength, Yield', '125 MPa@Strain 0.200 %', '18100 psi@Strain 0.200 %', '']","['Elongation at Break', '1.0 %', '1.0 %', 'in 50 mm']"
"Magnesium AM100A-T7, Cast","['Nickel, Ni', '<= 0.010 %', '<= 0.010 %', '']","['Tensile Strength, Ultimate', '260 MPa', '37700 psi', '']","['Tensile Strength, Yield', '125 MPa@Strain 0.200 %', '18100 psi@Strain 0.200 %', '']","['Elongation at Break', '1.0 %', '1.0 %', 'in 50 mm']"
"Magnesium AM100A-T7, Cast","['Silicon, Si', '<= 0.30 %', '<= 0.30 %', '']","['Tensile Strength, Ultimate', '260 MPa', '37700 psi', '']","['Tensile Strength, Yield', '125 MPa@Strain 0.200 %', '18100 psi@Strain 0.200 %', '']","['Elongation at Break', '1.0 %', '1.0 %', 'in 50 mm']"
"Magnesium AM100A-T7, Cast","['Zinc, Zn', '<= 0.30 %', '<= 0.30 %', '']","['Tensile Strength, Ultimate', '260 MPa', '37700 psi', '']","['Tensile Strength, Yield', '125 MPa@Strain 0.200 %', '18100 psi@Strain 0.200 %', '']","['Elongation at Break', '1.0 %', '1.0 %', 'in 50 mm']"
"Magnesium AM100A-T6, Cast","['Aluminum, Al', '9.3 - 10.7 %', '9.3 - 10.7 %', '']","['Tensile Strength, Ultimate', '275 MPa', '39900 psi', '']","['Tensile Strength, Yield', '110 MPa', '16000 psi', '']","['Elongation at Break', '4.0 %', '4.0 %', 'in 50 mm']"
"Magnesium AM100A-T6, Cast","['Copper, Cu', '<= 0.10 %', '<= 0.10 %', '']","['Tensile Strength, Ultimate', '275 MPa', '39900 psi', '']","['Tensile Strength, Yield', '110 MPa', '16000 psi', '']","['Elongation at Break', '4.0 %', '4.0 %', 'in 50 mm']"
"Magnesium AM100A-T6, Cast","['Magnesium, Mg', '90 %', '90 %', 'As Remainder']","['Tensile Strength, Ultimate', '275 MPa', '39900 psi', '']","['Tensile Strength, Yield', '110 MPa', '16000 psi', '']","['Elongation at Break', '4.0 %', '4.0 %', 'in 50 mm']"
"Magnesium AM100A-T6, Cast","['Manganese, Mn', '>= 0.10 %', '>= 0.10 %', '']","['Tensile Strength, Ultimate', '275 MPa', '39900 psi', '']","['Tensile Strength, Yield', '110 MPa', '16000 psi', '']","['Elongation at Break', '4.0 %', '4.0 %', 'in 50 mm']"
"Magnesium AM100A-T6, Cast","['Nickel, Ni', '<= 0.010 %', '<= 0.010 %', '']","['Tensile Strength, Ultimate', '275 MPa', '39900 psi', '']","['Tensile Strength, Yield', '110 MPa', '16000 psi', '']","['Elongation at Break', '4.0 %', '4.0 %', 'in 50 mm']"
"Magnesium AM100A-T6, Cast","['Silicon, Si', '<= 0.30 %', '<= 0.30 %', '']","['Tensile Strength, Ultimate', '275 MPa', '39900 psi', '']","['Tensile Strength, Yield', '110 MPa', '16000 psi', '']","['Elongation at Break', '4.0 %', '4.0 %', 'in 50 mm']"
"Magnesium AM100A-T6, Cast","['Zinc, Zn', '<= 0.30 %', '<= 0.30 %', '']","['Tensile Strength, Ultimate', '275 MPa', '39900 psi', '']","['Tensile Strength, Yield', '110 MPa', '16000 psi', '']","['Elongation at Break', '4.0 %', '4.0 %', 'in 50 mm']"
"Magnesium AM20-F, Die Cast","['Aluminum, Al', '2.1 %', '2.1 %', '']","['Tensile Strength, Ultimate', '214 MPa', '31000 psi', '']","['Tensile Strength, Yield', '89.6 MPa', '13000 psi', '']","['Elongation at Break', '20 %', '20 %', 'in 50 mm']"
"Magnesium AM20-F, Die Cast","['Magnesium, Mg', '97.8 %', '97.8 %', 'As Remainder']","['Tensile Strength, Ultimate', '214 MPa', '31000 psi', '']","['Tensile Strength, Yield', '89.6 MPa', '13000 psi', '']","['Elongation at Break', '20 %', '20 %', 'in 50 mm']"
"Magnesium AM20-F, Die Cast","['Manganese, Mn', '>= 0.10 %', '>= 0.10 %', '']","['Tensile Strength, Ultimate', '214 MPa', '31000 psi', '']","['Tensile Strength, Yield', '89.6 MPa', '13000 psi', '']","['Elongation at Break', '20 %', '20 %', 'in 50 mm']"
"Magnesium AM50A-F, Die Cast","['Aluminum, Al', '4.4 - 5.4 %', '4.4 - 5.4 %', '']","['Tensile Strength, Ultimate', '228 MPa', '33000 psi', '']","['Tensile Strength, Yield', '124 MPa', '18000 psi', '']","['Elongation at Break', '15 %', '15 %', 'in 50 mm']"
"Magnesium AM50A-F, Die Cast","['Copper, Cu', '<= 0.010 %', '<= 0.010 %', '']","['Tensile Strength, Ultimate', '228 MPa', '33000 psi', '']","['Tensile Strength, Yield', '124 MPa', '18000 psi', '']","['Elongation at Break', '15 %', '15 %', 'in 50 mm']"
"Magnesium AM50A-F, Die Cast","['Iron, Fe', '<= 0.0040 %', '<= 0.0040 %', '']","['Tensile Strength, Ultimate', '228 MPa', '33000 psi', '']","['Tensile Strength, Yield', '124 MPa', '18000 psi', '']","['Elongation at Break', '15 %', '15 %', 'in 50 mm']"
"Magnesium AM50A-F, Die Cast","['Magnesium, Mg', '94.8 %', '94.8 %', 'As Remainder']","['Tensile Strength, Ultimate', '228 MPa', '33000 psi', '']","['Tensile Strength, Yield', '124 MPa', '18000 psi', '']","['Elongation at Break', '15 %', '15 %', 'in 50 mm']"
"Magnesium AM50A-F, Die Cast","['Manganese, Mn', '0.26 - 0.60 %', '0.26 - 0.60 %', '']","['Tensile Strength, Ultimate', '228 MPa', '33000 psi', '']","['Tensile Strength, Yield', '124 MPa', '18000 psi', '']","['Elongation at Break', '15 %', '15 %', 'in 50 mm']"
"Magnesium AM50A-F, Die Cast","['Nickel, Ni', '<= 0.0020 %', '<= 0.0020 %', '']","['Tensile Strength, Ultimate', '228 MPa', '33000 psi', '']","['Tensile Strength, Yield', '124 MPa', '18000 psi', '']","['Elongation at Break', '15 %', '15 %', 'in 50 mm']"
"Magnesium AM50A-F, Die Cast","['Other, each', '<= 0.020 %', '<= 0.020 %', '']","['Tensile Strength, Ultimate', '228 MPa', '33000 psi', '']","['Tensile Strength, Yield', '124 MPa', '18000 psi', '']","['Elongation at Break', '15 %', '15 %', 'in 50 mm']"
"Magnesium AM50A-F, Die Cast","['Silicon, Si', '<= 0.10 %', '<= 0.10 %', '']","['Tensile Strength, Ultimate', '228 MPa', '33000 psi', '']","['Tensile Strength, Yield', '124 MPa', '18000 psi', '']","['Elongation at Break', '15 %', '15 %', 'in 50 mm']"
"Magnesium AM50A-F, Die Cast","['Zinc, Zn', '<= 0.22 %', '<= 0.22 %', '']","['Tensile Strength, Ultimate', '228 MPa', '33000 psi', '']","['Tensile Strength, Yield', '124 MPa', '18000 psi', '']","['Elongation at Break', '15 %', '15 %', 'in 50 mm']"
Parkway Products Thixomolded® AM50A Magnesium,"['Aluminum, Al', '4.4 - 5.4 %', '4.4 - 5.4 %', '']","['Tensile Strength, Ultimate', '200 MPa', '29000 psi', '']","['Tensile Strength, Yield', '110 MPa', '16000 psi', '']","['Elongation at Break', '10 %', '10 %', '']"
Parkway Products Thixomolded® AM50A Magnesium,"['Copper, Cu', '<= 0.010 %', '<= 0.010 %', '']","['Tensile Strength, Ultimate', '200 MPa', '29000 psi', '']","['Tensile Strength, Yield', '110 MPa', '16000 psi', '']","['Elongation at Break', '10 %', '10 %', '']"
Parkway Products Thixomolded® AM50A Magnesium,"['Iron, Fe', '<= 0.0040 %', '<= 0.0040 %', '']","['Tensile Strength, Ultimate', '200 MPa', '29000 psi', '']","['Tensile Strength, Yield', '110 MPa', '16000 psi', '']","['Elongation at Break', '10 %', '10 %', '']"
Parkway Products Thixomolded® AM50A Magnesium,"['Magnesium, Mg', '94.8 %', '94.8 %', 'As Remainder']","['Tensile Strength, Ultimate', '200 MPa', '29000 psi', '']","['Tensile Strength, Yield', '110 MPa', '16000 psi', '']","['Elongation at Break', '10 %', '10 %', '']"
Parkway Products Thixomolded® AM50A Magnesium,"['Manganese, Mn', '0.26 - 0.60 %', '0.26 - 0.60 %', '']","['Tensile Strength, Ultimate', '200 MPa', '29000 psi', '']","['Tensile Strength, Yield', '110 MPa', '16000 psi', '']","['Elongation at Break', '10 %', '10 %', '']"
Parkway Products Thixomolded® AM50A Magnesium,"['Nickel, Ni', '<= 0.0020 %', '<= 0.0020 %', '']","['Tensile Strength, Ultimate', '200 MPa', '29000 psi', '']","['Tensile Strength, Yield', '110 MPa', '16000 psi', '']","['Elongation at Break', '10 %', '10 %', '']"
Parkway Products Thixomolded® AM50A Magnesium,"['Other, each', '<= 0.020 %', '<= 0.020 %', '']","['Tensile Strength, Ultimate', '200 MPa', '29000 psi', '']","['Tensile Strength, Yield', '110 MPa', '16000 psi', '']","['Elongation at Break', '10 %', '10 %', '']"
Parkway Products Thixomolded® AM50A Magnesium,"['Silicon, Si', '<= 0.10 %', '<= 0.10 %', '']","['Tensile Strength, Ultimate', '200 MPa', '29000 psi', '']","['Tensile Strength, Yield', '110 MPa', '16000 psi', '']","['Elongation at Break', '10 %', '10 %', '']"
Parkway Products Thixomolded® AM50A Magnesium,"['Zinc, Zn', '<= 0.22 %', '<= 0.22 %', '']","['Tensile Strength, Ultimate', '200 MPa', '29000 psi', '']","['Tensile Strength, Yield', '110 MPa', '16000 psi', '']","['Elongation at Break', '10 %', '10 %', '']"
Parkway Products Thixomolded® AM50A Magnesium,['Descriptive Properties'],"['Tensile Strength, Ultimate', '200 MPa', '29000 psi', '']","['Tensile Strength, Yield', '110 MPa', '16000 psi', '']","['Elongation at Break', '10 %', '10 %', '']"
"Magnesium AM60A-F, Die Cast","['Aluminum, Al', '5.5 - 6.5 %', '5.5 - 6.5 %', '']","['Tensile Strength, Ultimate', '241 MPa', '35000 psi', '']","['Tensile Strength, Yield', '131 MPa', '19000 psi', '']","['Elongation at Break', '13 %', '13 %', 'in 50 mm']"
"Magnesium AM60A-F, Die Cast","['Copper, Cu', '<= 0.35 %', '<= 0.35 %', '']","['Tensile Strength, Ultimate', '241 MPa', '35000 psi', '']","['Tensile Strength, Yield', '131 MPa', '19000 psi', '']","['Elongation at Break', '13 %', '13 %', 'in 50 mm']"
"Magnesium AM60A-F, Die Cast","['Magnesium, Mg', '94 %', '94 %', 'As Remainder']","['Tensile Strength, Ultimate', '241 MPa', '35000 psi', '']","['Tensile Strength, Yield', '131 MPa', '19000 psi', '']","['Elongation at Break', '13 %', '13 %', 'in 50 mm']"
"Magnesium AM60A-F, Die Cast","['Manganese, Mn', '0.13 - 0.60 %', '0.13 - 0.60 %', '']","['Tensile Strength, Ultimate', '241 MPa', '35000 psi', '']","['Tensile Strength, Yield', '131 MPa', '19000 psi', '']","['Elongation at Break', '13 %', '13 %', 'in 50 mm']"
"Magnesium AM60A-F, Die Cast","['Nickel, Ni', '<= 0.030 %', '<= 0.030 %', '']","['Tensile Strength, Ultimate', '241 MPa', '35000 psi', '']","['Tensile Strength, Yield', '131 MPa', '19000 psi', '']","['Elongation at Break', '13 %', '13 %', 'in 50 mm']"
"Magnesium AM60A-F, Die Cast","['Silicon, Si', '<= 0.50 %', '<= 0.50 %', '']","['Tensile Strength, Ultimate', '241 MPa', '35000 psi', '']","['Tensile Strength, Yield', '131 MPa', '19000 psi', '']","['Elongation at Break', '13 %', '13 %', 'in 50 mm']"
"Magnesium AM60A-F, Die Cast","['Zinc, Zn', '<= 0.22 %', '<= 0.22 %', '']","['Tensile Strength, Ultimate', '241 MPa', '35000 psi', '']","['Tensile Strength, Yield', '131 MPa', '19000 psi', '']","['Elongation at Break', '13 %', '13 %', 'in 50 mm']"
Parkway Products Thixomolded® AM60A Magnesium,"['Aluminum, Al', '5.5 - 6.5 %', '5.5 - 6.5 %', '']","['Tensile Strength, Ultimate', '221 MPa', '32000 psi', '']","['Tensile Strength, Yield', '131 MPa', '19000 psi', '']","['Elongation at Break', '4.0 %', '4.0 %', '']"
Parkway Products Thixomolded® AM60A Magnesium,"['Copper, Cu', '<= 0.35 %', '<= 0.35 %', '']","['Tensile Strength, Ultimate', '221 MPa', '32000 psi', '']","['Tensile Strength, Yield', '131 MPa', '19000 psi', '']","['Elongation at Break', '4.0 %', '4.0 %', '']"
Parkway Products Thixomolded® AM60A Magnesium,"['Magnesium, Mg', '94 %', '94 %', 'As Remainder']","['Tensile Strength, Ultimate', '221 MPa', '32000 psi', '']","['Tensile Strength, Yield', '131 MPa', '19000 psi', '']","['Elongation at Break', '4.0 %', '4.0 %', '']"
Parkway Products Thixomolded® AM60A Magnesium,"['Manganese, Mn', '0.13 - 0.60 %', '0.13 - 0.60 %', '']","['Tensile Strength, Ultimate', '221 MPa', '32000 psi', '']","['Tensile Strength, Yield', '131 MPa', '19000 psi', '']","['Elongation at Break', '4.0 %', '4.0 %', '']"
Parkway Products Thixomolded® AM60A Magnesium,"['Nickel, Ni', '<= 0.030 %', '<= 0.030 %', '']","['Tensile Strength, Ultimate', '221 MPa', '32000 psi', '']","['Tensile Strength, Yield', '131 MPa', '19000 psi', '']","['Elongation at Break', '4.0 %', '4.0 %', '']"
Parkway Products Thixomolded® AM60A Magnesium,"['Silicon, Si', '<= 0.50 %', '<= 0.50 %', '']","['Tensile Strength, Ultimate', '221 MPa', '32000 psi', '']","['Tensile Strength, Yield', '131 MPa', '19000 psi', '']","['Elongation at Break', '4.0 %', '4.0 %', '']"
Parkway Products Thixomolded® AM60A Magnesium,"['Zinc, Zn', '<= 0.22 %', '<= 0.22 %', '']","['Tensile Strength, Ultimate', '221 MPa', '32000 psi', '']","['Tensile Strength, Yield', '131 MPa', '19000 psi', '']","['Elongation at Break', '4.0 %', '4.0 %', '']"
Parkway Products Thixomolded® AM60A Magnesium,['Descriptive Properties'],"['Tensile Strength, Ultimate', '221 MPa', '32000 psi', '']","['Tensile Strength, Yield', '131 MPa', '19000 psi', '']","['Elongation at Break', '4.0 %', '4.0 %', '']"
"Magnesium AM60B-F, Die Cast","['Aluminum, Al', '5.5 - 6.5 %', '5.5 - 6.5 %', '']","['Tensile Strength, Ultimate', '241 MPa', '35000 psi', '']","['Tensile Strength, Yield', '131 MPa', '19000 psi', '']","['Elongation at Break', '13 %', '13 %', 'in 50 mm']"
"Magnesium AM60B-F, Die Cast","['Copper, Cu', '<= 0.010 %', '<= 0.010 %', '']","['Tensile Strength, Ultimate', '241 MPa', '35000 psi', '']","['Tensile Strength, Yield', '131 MPa', '19000 psi', '']","['Elongation at Break', '13 %', '13 %', 'in 50 mm']"
"Magnesium AM60B-F, Die Cast","['Iron, Fe', '<= 0.0050 %', '<= 0.0050 %', '']","['Tensile Strength, Ultimate', '241 MPa', '35000 psi', '']","['Tensile Strength, Yield', '131 MPa', '19000 psi', '']","['Elongation at Break', '13 %', '13 %', 'in 50 mm']"
"Magnesium AM60B-F, Die Cast","['Magnesium, Mg', '94 %', '94 %', 'As Remainder']","['Tensile Strength, Ultimate', '241 MPa', '35000 psi', '']","['Tensile Strength, Yield', '131 MPa', '19000 psi', '']","['Elongation at Break', '13 %', '13 %', 'in 50 mm']"
"Magnesium AM60B-F, Die Cast","['Manganese, Mn', '0.25 - 0.60 %', '0.25 - 0.60 %', '']","['Tensile Strength, Ultimate', '241 MPa', '35000 psi', '']","['Tensile Strength, Yield', '131 MPa', '19000 psi', '']","['Elongation at Break', '13 %', '13 %', 'in 50 mm']"
"Magnesium AM60B-F, Die Cast","['Nickel, Ni', '<= 0.0020 %', '<= 0.0020 %', '']","['Tensile Strength, Ultimate', '241 MPa', '35000 psi', '']","['Tensile Strength, Yield', '131 MPa', '19000 psi', '']","['Elongation at Break', '13 %', '13 %', 'in 50 mm']"
"Magnesium AM60B-F, Die Cast","['Other, each', '<= 0.20 %', '<= 0.20 %', '']","['Tensile Strength, Ultimate', '241 MPa', '35000 psi', '']","['Tensile Strength, Yield', '131 MPa', '19000 psi', '']","['Elongation at Break', '13 %', '13 %', 'in 50 mm']"
"Magnesium AM60B-F, Die Cast","['Silicon, Si', '<= 0.10 %', '<= 0.10 %', '']","['Tensile Strength, Ultimate', '241 MPa', '35000 psi', '']","['Tensile Strength, Yield', '131 MPa', '19000 psi', '']","['Elongation at Break', '13 %', '13 %', 'in 50 mm']"
"Magnesium AM60B-F, Die Cast","['Zinc, Zn', '<= 0.22 %', '<= 0.22 %', '']","['Tensile Strength, Ultimate', '241 MPa', '35000 psi', '']","['Tensile Strength, Yield', '131 MPa', '19000 psi', '']","['Elongation at Break', '13 %', '13 %', 'in 50 mm']"
"Magnesium AS21-F, Die Cast","['Aluminum, Al', '2.2 %', '2.2 %', '']","['Tensile Strength, Ultimate', '221 MPa', '32000 psi', '']","['Tensile Strength, Yield', '117 MPa', '17000 psi', '']","['Elongation at Break', '13 %', '13 %', 'in 50 mm']"
"Magnesium AS21-F, Die Cast","['Magnesium, Mg', '96.7 %', '96.7 %', 'As Remainder']","['Tensile Strength, Ultimate', '221 MPa', '32000 psi', '']","['Tensile Strength, Yield', '117 MPa', '17000 psi', '']","['Elongation at Break', '13 %', '13 %', 'in 50 mm']"
"Magnesium AS21-F, Die Cast","['Manganese, Mn', '>= 0.10 %', '>= 0.10 %', '']","['Tensile Strength, Ultimate', '221 MPa', '32000 psi', '']","['Tensile Strength, Yield', '117 MPa', '17000 psi', '']","['Elongation at Break', '13 %', '13 %', 'in 50 mm']"
"Magnesium AS21-F, Die Cast","['Silicon, Si', '1.0 %', '1.0 %', '']","['Tensile Strength, Ultimate', '221 MPa', '32000 psi', '']","['Tensile Strength, Yield', '117 MPa', '17000 psi', '']","['Elongation at Break', '13 %', '13 %', 'in 50 mm']"
"Magnesium AS41XA-F, Die Cast","['Aluminum, Al', '3.5 - 5.0 %', '3.5 - 5.0 %', '']","['Tensile Strength, Ultimate', '220 MPa', '31900 psi', '']","['Tensile Strength, Yield', '150 MPa@Strain 0.200 %', '21800 psi@Strain 0.200 %', '']","['Elongation at Break', '4.0 %', '4.0 %', 'in 50 mm']"
"Magnesium AS41XA-F, Die Cast","['Copper, Cu', '<= 0.060 %', '<= 0.060 %', '']","['Tensile Strength, Ultimate', '220 MPa', '31900 psi', '']","['Tensile Strength, Yield', '150 MPa@Strain 0.200 %', '21800 psi@Strain 0.200 %', '']","['Elongation at Break', '4.0 %', '4.0 %', 'in 50 mm']"
"Magnesium AS41XA-F, Die Cast","['Magnesium, Mg', '94 %', '94 %', 'As Remainder']","['Tensile Strength, Ultimate', '220 MPa', '31900 psi', '']","['Tensile Strength, Yield', '150 MPa@Strain 0.200 %', '21800 psi@Strain 0.200 %', '']","['Elongation at Break', '4.0 %', '4.0 %', 'in 50 mm']"
"Magnesium AS41XA-F, Die Cast","['Manganese, Mn', '0.20 - 0.50 %', '0.20 - 0.50 %', '']","['Tensile Strength, Ultimate', '220 MPa', '31900 psi', '']","['Tensile Strength, Yield', '150 MPa@Strain 0.200 %', '21800 psi@Strain 0.200 %', '']","['Elongation at Break', '4.0 %', '4.0 %', 'in 50 mm']"
"Magnesium AS41XA-F, Die Cast","['Nickel, Ni', '<= 0.030 %', '<= 0.030 %', '']","['Tensile Strength, Ultimate', '220 MPa', '31900 psi', '']","['Tensile Strength, Yield', '150 MPa@Strain 0.200 %', '21800 psi@Strain 0.200 %', '']","['Elongation at Break', '4.0 %', '4.0 %', 'in 50 mm']"
"Magnesium AS41XA-F, Die Cast","['Silicon, Si', '0.50 - 1.5 %', '0.50 - 1.5 %', '']","['Tensile Strength, Ultimate', '220 MPa', '31900 psi', '']","['Tensile Strength, Yield', '150 MPa@Strain 0.200 %', '21800 psi@Strain 0.200 %', '']","['Elongation at Break', '4.0 %', '4.0 %', 'in 50 mm']"
"Magnesium AS41XA-F, Die Cast","['Zinc, Zn', '<= 0.12 %', '<= 0.12 %', '']","['Tensile Strength, Ultimate', '220 MPa', '31900 psi', '']","['Tensile Strength, Yield', '150 MPa@Strain 0.200 %', '21800 psi@Strain 0.200 %', '']","['Elongation at Break', '4.0 %', '4.0 %', 'in 50 mm']"
"Magnesium AS41A-F, Die Cast","['Aluminum, Al', '3.5 - 5.0 %', '3.5 - 5.0 %', '']","['Tensile Strength, Ultimate', '214 MPa', '31000 psi', '']","['Tensile Strength, Yield', '138 MPa', '20000 psi', '']","['Elongation at Break', '6.0 - 15 %', '6.0 - 15 %', 'in 50 mm']"
"Magnesium AS41A-F, Die Cast","['Copper, Cu', '<= 0.060 %', '<= 0.060 %', '']","['Tensile Strength, Ultimate', '214 MPa', '31000 psi', '']","['Tensile Strength, Yield', '138 MPa', '20000 psi', '']","['Elongation at Break', '6.0 - 15 %', '6.0 - 15 %', 'in 50 mm']"
"Magnesium AS41A-F, Die Cast","['Magnesium, Mg', '94.6 %', '94.6 %', 'As Remainder']","['Tensile Strength, Ultimate', '214 MPa', '31000 psi', '']","['Tensile Strength, Yield', '138 MPa', '20000 psi', '']","['Elongation at Break', '6.0 - 15 %', '6.0 - 15 %', 'in 50 mm']"
"Magnesium AS41A-F, Die Cast","['Manganese, Mn', '0.20 - 0.50 %', '0.20 - 0.50 %', '']","['Tensile Strength, Ultimate', '214 MPa', '31000 psi', '']","['Tensile Strength, Yield', '138 MPa', '20000 psi', '']","['Elongation at Break', '6.0 - 15 %', '6.0 - 15 %', 'in 50 mm']"
"Magnesium AS41A-F, Die Cast","['Nickel, Ni', '<= 0.030 %', '<= 0.030 %', '']","['Tensile Strength, Ultimate', '214 MPa', '31000 psi', '']","['Tensile Strength, Yield', '138 MPa', '20000 psi', '']","['Elongation at Break', '6.0 - 15 %', '6.0 - 15 %', 'in 50 mm']"
"Magnesium AS41A-F, Die Cast","['Silicon, Si', '0.50 - 1.5 %', '0.50 - 1.5 %', '']","['Tensile Strength, Ultimate', '214 MPa', '31000 psi', '']","['Tensile Strength, Yield', '138 MPa', '20000 psi', '']","['Elongation at Break', '6.0 - 15 %', '6.0 - 15 %', 'in 50 mm']"
"Magnesium AS41A-F, Die Cast","['Zinc, Zn', '<= 0.12 %', '<= 0.12 %', '']","['Tensile Strength, Ultimate', '214 MPa', '31000 psi', '']","['Tensile Strength, Yield', '138 MPa', '20000 psi', '']","['Elongation at Break', '6.0 - 15 %', '6.0 - 15 %', 'in 50 mm']"
"Magnesium AS41B-F, Die Cast","['Aluminum, Al', '3.5 - 5.0 %', '3.5 - 5.0 %', '']","['Tensile Strength, Ultimate', '214 MPa', '31000 psi', '']","['Tensile Strength, Yield', '138 MPa', '20000 psi', '']","['Elongation at Break', '6.0 - 15 %', '6.0 - 15 %', 'in 50 mm']"
"Magnesium AS41B-F, Die Cast","['Copper, Cu', '<= 0.020 %', '<= 0.020 %', '']","['Tensile Strength, Ultimate', '214 MPa', '31000 psi', '']","['Tensile Strength, Yield', '138 MPa', '20000 psi', '']","['Elongation at Break', '6.0 - 15 %', '6.0 - 15 %', 'in 50 mm']"
"Magnesium AS41B-F, Die Cast","['Iron, Fe', '<= 0.0035 %', '<= 0.0035 %', '']","['Tensile Strength, Ultimate', '214 MPa', '31000 psi', '']","['Tensile Strength, Yield', '138 MPa', '20000 psi', '']","['Elongation at Break', '6.0 - 15 %', '6.0 - 15 %', 'in 50 mm']"
"Magnesium AS41B-F, Die Cast","['Magnesium, Mg', '94.6 %', '94.6 %', 'As Remainder']","['Tensile Strength, Ultimate', '214 MPa', '31000 psi', '']","['Tensile Strength, Yield', '138 MPa', '20000 psi', '']","['Elongation at Break', '6.0 - 15 %', '6.0 - 15 %', 'in 50 mm']"
"Magnesium AS41B-F, Die Cast","['Manganese, Mn', '>= 0.35 %', '>= 0.35 %', '']","['Tensile Strength, Ultimate', '214 MPa', '31000 psi', '']","['Tensile Strength, Yield', '138 MPa', '20000 psi', '']","['Elongation at Break', '6.0 - 15 %', '6.0 - 15 %', 'in 50 mm']"
"Magnesium AS41B-F, Die Cast","['Nickel, Ni', '<= 0.0020 %', '<= 0.0020 %', '']","['Tensile Strength, Ultimate', '214 MPa', '31000 psi', '']","['Tensile Strength, Yield', '138 MPa', '20000 psi', '']","['Elongation at Break', '6.0 - 15 %', '6.0 - 15 %', 'in 50 mm']"
"Magnesium AS41B-F, Die Cast","['Other, each', '<= 0.20 %', '<= 0.20 %', '']","['Tensile Strength, Ultimate', '214 MPa', '31000 psi', '']","['Tensile Strength, Yield', '138 MPa', '20000 psi', '']","['Elongation at Break', '6.0 - 15 %', '6.0 - 15 %', 'in 50 mm']"
"Magnesium AS41B-F, Die Cast","['Silicon, Si', '0.50 - 1.5 %', '0.50 - 1.5 %', '']","['Tensile Strength, Ultimate', '214 MPa', '31000 psi', '']","['Tensile Strength, Yield', '138 MPa', '20000 psi', '']","['Elongation at Break', '6.0 - 15 %', '6.0 - 15 %', 'in 50 mm']"
"Magnesium AS41B-F, Die Cast","['Zinc, Zn', '<= 0.12 %', '<= 0.12 %', '']","['Tensile Strength, Ultimate', '214 MPa', '31000 psi', '']","['Tensile Strength, Yield', '138 MPa', '20000 psi', '']","['Elongation at Break', '6.0 - 15 %', '6.0 - 15 %', 'in 50 mm']"
"Magnesium AS41XB-F, Die Cast","['Aluminum, Al', '3.5 - 5.0 %', '3.5 - 5.0 %', '']","['Tensile Strength, Ultimate', '220 MPa', '31900 psi', '']","['Tensile Strength, Yield', '150 MPa@Strain 0.200 %', '21800 psi@Strain 0.200 %', '']","['Elongation at Break', '4.0 %', '4.0 %', 'in 50 mm']"
"Magnesium AS41XB-F, Die Cast","['Copper, Cu', '<= 0.020 %', '<= 0.020 %', '']","['Tensile Strength, Ultimate', '220 MPa', '31900 psi', '']","['Tensile Strength, Yield', '150 MPa@Strain 0.200 %', '21800 psi@Strain 0.200 %', '']","['Elongation at Break', '4.0 %', '4.0 %', 'in 50 mm']"
"Magnesium AS41XB-F, Die Cast","['Iron, Fe', '<= 0.0035 %', '<= 0.0035 %', '']","['Tensile Strength, Ultimate', '220 MPa', '31900 psi', '']","['Tensile Strength, Yield', '150 MPa@Strain 0.200 %', '21800 psi@Strain 0.200 %', '']","['Elongation at Break', '4.0 %', '4.0 %', 'in 50 mm']"
"Magnesium AS41XB-F, Die Cast","['Magnesium, Mg', '94 %', '94 %', 'As Remainder']","['Tensile Strength, Ultimate', '220 MPa', '31900 psi', '']","['Tensile Strength, Yield', '150 MPa@Strain 0.200 %', '21800 psi@Strain 0.200 %', '']","['Elongation at Break', '4.0 %', '4.0 %', 'in 50 mm']"
"Magnesium AS41XB-F, Die Cast","['Manganese, Mn', '>= 0.35 %', '>= 0.35 %', '']","['Tensile Strength, Ultimate', '220 MPa', '31900 psi', '']","['Tensile Strength, Yield', '150 MPa@Strain 0.200 %', '21800 psi@Strain 0.200 %', '']","['Elongation at Break', '4.0 %', '4.0 %', 'in 50 mm']"
"Magnesium AS41XB-F, Die Cast","['Nickel, Ni', '<= 0.0020 %', '<= 0.0020 %', '']","['Tensile Strength, Ultimate', '220 MPa', '31900 psi', '']","['Tensile Strength, Yield', '150 MPa@Strain 0.200 %', '21800 psi@Strain 0.200 %', '']","['Elongation at Break', '4.0 %', '4.0 %', 'in 50 mm']"
"Magnesium AS41XB-F, Die Cast","['Silicon, Si', '0.50 - 1.5 %', '0.50 - 1.5 %', '']","['Tensile Strength, Ultimate', '220 MPa', '31900 psi', '']","['Tensile Strength, Yield', '150 MPa@Strain 0.200 %', '21800 psi@Strain 0.200 %', '']","['Elongation at Break', '4.0 %', '4.0 %', 'in 50 mm']"
"Magnesium AS41XB-F, Die Cast","['Zinc, Zn', '<= 0.12 %', '<= 0.12 %', '']","['Tensile Strength, Ultimate', '220 MPa', '31900 psi', '']","['Tensile Strength, Yield', '150 MPa@Strain 0.200 %', '21800 psi@Strain 0.200 %', '']","['Elongation at Break', '4.0 %', '4.0 %', 'in 50 mm']"
"Magnesium AZ10A-F, Extruded","['Aluminum, Al', '1.0 - 1.5 %', '1.0 - 1.5 %', '']","['Tensile Strength, Ultimate', '240 MPa', '34800 psi', '']","['Tensile Strength, Yield', '155 MPa@Strain 0.200 %', '22500 psi@Strain 0.200 %', '']","['Elongation at Break', '10 %', '10 %', 'in 50 mm']"
"Magnesium AZ10A-F, Extruded","['Calcium, Ca', '<= 0.040 %', '<= 0.040 %', '']","['Tensile Strength, Ultimate', '240 MPa', '34800 psi', '']","['Tensile Strength, Yield', '155 MPa@Strain 0.200 %', '22500 psi@Strain 0.200 %', '']","['Elongation at Break', '10 %', '10 %', 'in 50 mm']"
"Magnesium AZ10A-F, Extruded","['Copper, Cu', '<= 0.10 %', '<= 0.10 %', '']","['Tensile Strength, Ultimate', '240 MPa', '34800 psi', '']","['Tensile Strength, Yield', '155 MPa@Strain 0.200 %', '22500 psi@Strain 0.200 %', '']","['Elongation at Break', '10 %', '10 %', 'in 50 mm']"
"Magnesium AZ10A-F, Extruded","['Iron, Fe', '<= 0.0050 %', '<= 0.0050 %', '']","['Tensile Strength, Ultimate', '240 MPa', '34800 psi', '']","['Tensile Strength, Yield', '155 MPa@Strain 0.200 %', '22500 psi@Strain 0.200 %', '']","['Elongation at Break', '10 %', '10 %', 'in 50 mm']"
"Magnesium AZ10A-F, Extruded","['Magnesium, Mg', '98 %', '98 %', 'As Remainder']","['Tensile Strength, Ultimate', '240 MPa', '34800 psi', '']","['Tensile Strength, Yield', '155 MPa@Strain 0.200 %', '22500 psi@Strain 0.200 %', '']","['Elongation at Break', '10 %', '10 %', 'in 50 mm']"
"Magnesium AZ10A-F, Extruded","['Manganese, Mn', '>= 0.20 %', '>= 0.20 %', '']","['Tensile Strength, Ultimate', '240 MPa', '34800 psi', '']","['Tensile Strength, Yield', '155 MPa@Strain 0.200 %', '22500 psi@Strain 0.200 %', '']","['Elongation at Break', '10 %', '10 %', 'in 50 mm']"
"Magnesium AZ10A-F, Extruded","['Nickel, Ni', '<= 0.0050 %', '<= 0.0050 %', '']","['Tensile Strength, Ultimate', '240 MPa', '34800 psi', '']","['Tensile Strength, Yield', '155 MPa@Strain 0.200 %', '22500 psi@Strain 0.200 %', '']","['Elongation at Break', '10 %', '10 %', 'in 50 mm']"
"Magnesium AZ10A-F, Extruded","['Silicon, Si', '<= 0.10 %', '<= 0.10 %', '']","['Tensile Strength, Ultimate', '240 MPa', '34800 psi', '']","['Tensile Strength, Yield', '155 MPa@Strain 0.200 %', '22500 psi@Strain 0.200 %', '']","['Elongation at Break', '10 %', '10 %', 'in 50 mm']"
"Magnesium AZ10A-F, Extruded","['Zinc, Zn', '0.20 - 0.60 %', '0.20 - 0.60 %', '']","['Tensile Strength, Ultimate', '240 MPa', '34800 psi', '']","['Tensile Strength, Yield', '155 MPa@Strain 0.200 %', '22500 psi@Strain 0.200 %', '']","['Elongation at Break', '10 %', '10 %', 'in 50 mm']"
Magnesium AZ10A Wrought Alloy (UNS M11100),"['Aluminum, Al', '1.5 %', '1.5 %', '']","['Tensile Strength, Ultimate', '240 MPa', '34800 psi', '']","['Tensile Strength, Yield', '145 - 150 MPa@Strain 0.200 %', '21000 - 21800 psi@Strain 0.200 %', '']","['Elongation at Break', '10 %', '10 %', '']"
Magnesium AZ10A Wrought Alloy (UNS M11100),"['Magnesium, Mg', '98 %', '98 %', 'As balance']","['Tensile Strength, Ultimate', '240 MPa', '34800 psi', '']","['Tensile Strength, Yield', '145 - 150 MPa@Strain 0.200 %', '21000 - 21800 psi@Strain 0.200 %', '']","['Elongation at Break', '10 %', '10 %', '']"
"Magnesium AZ31B-F, Extruded Solid Shapes","['Aluminum, Al', '2.5 - 3.5 %', '2.5 - 3.5 %', '']","['Tensile Strength, Ultimate', '260 MPa', '37700 psi', '']","['Tensile Strength, Yield', '200 MPa@Strain 0.200 %', '29000 psi@Strain 0.200 %', '']","['Elongation at Break', '15 %', '15 %', 'in 50 mm']"
"Magnesium AZ31B-F, Extruded Solid Shapes","['Calcium, Ca', '<= 0.040 %', '<= 0.040 %', '']","['Tensile Strength, Ultimate', '260 MPa', '37700 psi', '']","['Tensile Strength, Yield', '200 MPa@Strain 0.200 %', '29000 psi@Strain 0.200 %', '']","['Elongation at Break', '15 %', '15 %', 'in 50 mm']"
"Magnesium AZ31B-F, Extruded Solid Shapes","['Copper, Cu', '<= 0.050 %', '<= 0.050 %', '']","['Tensile Strength, Ultimate', '260 MPa', '37700 psi', '']","['Tensile Strength, Yield', '200 MPa@Strain 0.200 %', '29000 psi@Strain 0.200 %', '']","['Elongation at Break', '15 %', '15 %', 'in 50 mm']"
"Magnesium AZ31B-F, Extruded Solid Shapes","['Iron, Fe', '<= 0.0050 %', '<= 0.0050 %', '']","['Tensile Strength, Ultimate', '260 MPa', '37700 psi', '']","['Tensile Strength, Yield', '200 MPa@Strain 0.200 %', '29000 psi@Strain 0.200 %', '']","['Elongation at Break', '15 %', '15 %', 'in 50 mm']"
"Magnesium AZ31B-F, Extruded Solid Shapes","['Magnesium, Mg', '96 %', '96 %', 'As Remainder']","['Tensile Strength, Ultimate', '260 MPa', '37700 psi', '']","['Tensile Strength, Yield', '200 MPa@Strain 0.200 %', '29000 psi@Strain 0.200 %', '']","['Elongation at Break', '15 %', '15 %', 'in 50 mm']"
"Magnesium AZ31B-F, Extruded Solid Shapes","['Manganese, Mn', '>= 0.20 %', '>= 0.20 %', '']","['Tensile Strength, Ultimate', '260 MPa', '37700 psi', '']","['Tensile Strength, Yield', '200 MPa@Strain 0.200 %', '29000 psi@Strain 0.200 %', '']","['Elongation at Break', '15 %', '15 %', 'in 50 mm']"
"Magnesium AZ31B-F, Extruded Solid Shapes","['Nickel, Ni', '<= 0.0050 %', '<= 0.0050 %', '']","['Tensile Strength, Ultimate', '260 MPa', '37700 psi', '']","['Tensile Strength, Yield', '200 MPa@Strain 0.200 %', '29000 psi@Strain 0.200 %', '']","['Elongation at Break', '15 %', '15 %', 'in 50 mm']"
"Magnesium AZ31B-F, Extruded Solid Shapes","['Silicon, Si', '<= 0.10 %', '<= 0.10 %', '']","['Tensile Strength, Ultimate', '260 MPa', '37700 psi', '']","['Tensile Strength, Yield', '200 MPa@Strain 0.200 %', '29000 psi@Strain 0.200 %', '']","['Elongation at Break', '15 %', '15 %', 'in 50 mm']"
"Magnesium AZ31B-F, Extruded Solid Shapes","['Zinc, Zn', '0.60 - 1.4 %', '0.60 - 1.4 %', '']","['Tensile Strength, Ultimate', '260 MPa', '37700 psi', '']","['Tensile Strength, Yield', '200 MPa@Strain 0.200 %', '29000 psi@Strain 0.200 %', '']","['Elongation at Break', '15 %', '15 %', 'in 50 mm']"
Magnesium AZ31B T1 Wrought Alloy (UNS M11311),"['Aluminum, Al', '3 %', '3 %', '']","['Tensile Strength, Ultimate', '241 - 290 MPa', '35000 - 42100 psi', '']","['Tensile Strength, Yield', '150 - 220 MPa@Strain 0.200 %', '21800 - 31900 psi@Strain 0.200 %', '']","['Elongation at Break', '12 - 21 %', '12 - 21 %', '']"
Magnesium AZ31B T1 Wrought Alloy (UNS M11311),"['Magnesium, Mg', '96 %', '96 %', 'As balance']","['Tensile Strength, Ultimate', '241 - 290 MPa', '35000 - 42100 psi', '']","['Tensile Strength, Yield', '150 - 220 MPa@Strain 0.200 %', '21800 - 31900 psi@Strain 0.200 %', '']","['Elongation at Break', '12 - 21 %', '12 - 21 %', '']"
Magnesium AZ31B T1 Wrought Alloy (UNS M11311),"['Zinc, Zn', '1 %', '1 %', '']","['Tensile Strength, Ultimate', '241 - 290 MPa', '35000 - 42100 psi', '']","['Tensile Strength, Yield', '150 - 220 MPa@Strain 0.200 %', '21800 - 31900 psi@Strain 0.200 %', '']","['Elongation at Break', '12 - 21 %', '12 - 21 %', '']"
"Magnesium AZ31C-F, Extruded Solid Shapes","['Aluminum, Al', '2.4 - 3.6 %', '2.4 - 3.6 %', '']","['Tensile Strength, Ultimate', '260 MPa', '37700 psi', '']","['Tensile Strength, Yield', '200 MPa@Strain 0.200 %', '29000 psi@Strain 0.200 %', '']","['Elongation at Break', '15 %', '15 %', 'in 50 mm']"
"Magnesium AZ31C-F, Extruded Solid Shapes","['Copper, Cu', '<= 0.10 %', '<= 0.10 %', '']","['Tensile Strength, Ultimate', '260 MPa', '37700 psi', '']","['Tensile Strength, Yield', '200 MPa@Strain 0.200 %', '29000 psi@Strain 0.200 %', '']","['Elongation at Break', '15 %', '15 %', 'in 50 mm']"
"Magnesium AZ31C-F, Extruded Solid Shapes","['Magnesium, Mg', '97 %', '97 %', 'As Remainder']","['Tensile Strength, Ultimate', '260 MPa', '37700 psi', '']","['Tensile Strength, Yield', '200 MPa@Strain 0.200 %', '29000 psi@Strain 0.200 %', '']","['Elongation at Break', '15 %', '15 %', 'in 50 mm']"
"Magnesium AZ31C-F, Extruded Solid Shapes","['Manganese, Mn', '>= 0.15 %', '>= 0.15 %', '']","['Tensile Strength, Ultimate', '260 MPa', '37700 psi', '']","['Tensile Strength, Yield', '200 MPa@Strain 0.200 %', '29000 psi@Strain 0.200 %', '']","['Elongation at Break', '15 %', '15 %', 'in 50 mm']"
"Magnesium AZ31C-F, Extruded Solid Shapes","['Nickel, Ni', '<= 0.030 %', '<= 0.030 %', '']","['Tensile Strength, Ultimate', '260 MPa', '37700 psi', '']","['Tensile Strength, Yield', '200 MPa@Strain 0.200 %', '29000 psi@Strain 0.200 %', '']","['Elongation at Break', '15 %', '15 %', 'in 50 mm']"
"Magnesium AZ31C-F, Extruded Solid Shapes","['Silicon, Si', '<= 0.10 %', '<= 0.10 %', '']","['Tensile Strength, Ultimate', '260 MPa', '37700 psi', '']","['Tensile Strength, Yield', '200 MPa@Strain 0.200 %', '29000 psi@Strain 0.200 %', '']","['Elongation at Break', '15 %', '15 %', 'in 50 mm']"
"Magnesium AZ31C-F, Extruded Solid Shapes","['Zinc, Zn', '0.50 - 1.5 %', '0.50 - 1.5 %', '']","['Tensile Strength, Ultimate', '260 MPa', '37700 psi', '']","['Tensile Strength, Yield', '200 MPa@Strain 0.200 %', '29000 psi@Strain 0.200 %', '']","['Elongation at Break', '15 %', '15 %', 'in 50 mm']"
"Magnesium AZ31B-O, Annealed Sheet","['Aluminum, Al', '2.5 - 3.5 %', '2.5 - 3.5 %', '']","['Tensile Strength, Ultimate', '255 MPa', '37000 psi', '']","['Tensile Strength, Yield', '150 MPa@Strain 0.200 %', '21800 psi@Strain 0.200 %', '']","['Elongation at Break', '21 %', '21 %', 'in 50 mm']"
"Magnesium AZ31B-O, Annealed Sheet","['Calcium, Ca', '<= 0.040 %', '<= 0.040 %', '']","['Tensile Strength, Ultimate', '255 MPa', '37000 psi', '']","['Tensile Strength, Yield', '150 MPa@Strain 0.200 %', '21800 psi@Strain 0.200 %', '']","['Elongation at Break', '21 %', '21 %', 'in 50 mm']"
"Magnesium AZ31B-O, Annealed Sheet","['Copper, Cu', '<= 0.050 %', '<= 0.050 %', '']","['Tensile Strength, Ultimate', '255 MPa', '37000 psi', '']","['Tensile Strength, Yield', '150 MPa@Strain 0.200 %', '21800 psi@Strain 0.200 %', '']","['Elongation at Break', '21 %', '21 %', 'in 50 mm']"
"Magnesium AZ31B-O, Annealed Sheet","['Iron, Fe', '<= 0.0050 %', '<= 0.0050 %', '']","['Tensile Strength, Ultimate', '255 MPa', '37000 psi', '']","['Tensile Strength, Yield', '150 MPa@Strain 0.200 %', '21800 psi@Strain 0.200 %', '']","['Elongation at Break', '21 %', '21 %', 'in 50 mm']"
"Magnesium AZ31B-O, Annealed Sheet","['Magnesium, Mg', '96 %', '96 %', 'As Remainder']","['Tensile Strength, Ultimate', '255 MPa', '37000 psi', '']","['Tensile Strength, Yield', '150 MPa@Strain 0.200 %', '21800 psi@Strain 0.200 %', '']","['Elongation at Break', '21 %', '21 %', 'in 50 mm']"
"Magnesium AZ31B-O, Annealed Sheet","['Manganese, Mn', '>= 0.20 %', '>= 0.20 %', '']","['Tensile Strength, Ultimate', '255 MPa', '37000 psi', '']","['Tensile Strength, Yield', '150 MPa@Strain 0.200 %', '21800 psi@Strain 0.200 %', '']","['Elongation at Break', '21 %', '21 %', 'in 50 mm']"
"Magnesium AZ31B-O, Annealed Sheet","['Nickel, Ni', '<= 0.0050 %', '<= 0.0050 %', '']","['Tensile Strength, Ultimate', '255 MPa', '37000 psi', '']","['Tensile Strength, Yield', '150 MPa@Strain 0.200 %', '21800 psi@Strain 0.200 %', '']","['Elongation at Break', '21 %', '21 %', 'in 50 mm']"
"Magnesium AZ31B-O, Annealed Sheet","['Silicon, Si', '<= 0.10 %', '<= 0.10 %', '']","['Tensile Strength, Ultimate', '255 MPa', '37000 psi', '']","['Tensile Strength, Yield', '150 MPa@Strain 0.200 %', '21800 psi@Strain 0.200 %', '']","['Elongation at Break', '21 %', '21 %', 'in 50 mm']"
"Magnesium AZ31B-O, Annealed Sheet","['Zinc, Zn', '0.60 - 1.4 %', '0.60 - 1.4 %', '']","['Tensile Strength, Ultimate', '255 MPa', '37000 psi', '']","['Tensile Strength, Yield', '150 MPa@Strain 0.200 %', '21800 psi@Strain 0.200 %', '']","['Elongation at Break', '21 %', '21 %', 'in 50 mm']"
"Magnesium AZ31B-H24, Hard Rolled Sheet","['Aluminum, Al', '2.5 - 3.5 %', '2.5 - 3.5 %', '']","['Tensile Strength, Ultimate', '290 MPa', '42100 psi', '']","['Tensile Strength, Yield', '220 MPa@Strain 0.200 %', '31900 psi@Strain 0.200 %', '']","['Elongation at Break', '15 %', '15 %', 'in 50 mm']"
"Magnesium AZ31B-H24, Hard Rolled Sheet","['Calcium, Ca', '<= 0.040 %', '<= 0.040 %', '']","['Tensile Strength, Ultimate', '290 MPa', '42100 psi', '']","['Tensile Strength, Yield', '220 MPa@Strain 0.200 %', '31900 psi@Strain 0.200 %', '']","['Elongation at Break', '15 %', '15 %', 'in 50 mm']"
"Magnesium AZ31B-H24, Hard Rolled Sheet","['Copper, Cu', '<= 0.050 %', '<= 0.050 %', '']","['Tensile Strength, Ultimate', '290 MPa', '42100 psi', '']","['Tensile Strength, Yield', '220 MPa@Strain 0.200 %', '31900 psi@Strain 0.200 %', '']","['Elongation at Break', '15 %', '15 %', 'in 50 mm']"
"Magnesium AZ31B-H24, Hard Rolled Sheet","['Iron, Fe', '<= 0.0050 %', '<= 0.0050 %', '']","['Tensile Strength, Ultimate', '290 MPa', '42100 psi', '']","['Tensile Strength, Yield', '220 MPa@Strain 0.200 %', '31900 psi@Strain 0.200 %', '']","['Elongation at Break', '15 %', '15 %', 'in 50 mm']"
"Magnesium AZ31B-H24, Hard Rolled Sheet","['Magnesium, Mg', '96 %', '96 %', 'As Remainder']","['Tensile Strength, Ultimate', '290 MPa', '42100 psi', '']","['Tensile Strength, Yield', '220 MPa@Strain 0.200 %', '31900 psi@Strain 0.200 %', '']","['Elongation at Break', '15 %', '15 %', 'in 50 mm']"
"Magnesium AZ31B-H24, Hard Rolled Sheet","['Manganese, Mn', '>= 0.20 %', '>= 0.20 %', '']","['Tensile Strength, Ultimate', '290 MPa', '42100 psi', '']","['Tensile Strength, Yield', '220 MPa@Strain 0.200 %', '31900 psi@Strain 0.200 %', '']","['Elongation at Break', '15 %', '15 %', 'in 50 mm']"
"Magnesium AZ31B-H24, Hard Rolled Sheet","['Nickel, Ni', '<= 0.0050 %', '<= 0.0050 %', '']","['Tensile Strength, Ultimate', '290 MPa', '42100 psi', '']","['Tensile Strength, Yield', '220 MPa@Strain 0.200 %', '31900 psi@Strain 0.200 %', '']","['Elongation at Break', '15 %', '15 %', 'in 50 mm']"
"Magnesium AZ31B-H24, Hard Rolled Sheet","['Silicon, Si', '<= 0.10 %', '<= 0.10 %', '']","['Tensile Strength, Ultimate', '290 MPa', '42100 psi', '']","['Tensile Strength, Yield', '220 MPa@Strain 0.200 %', '31900 psi@Strain 0.200 %', '']","['Elongation at Break', '15 %', '15 %', 'in 50 mm']"
"Magnesium AZ31B-H24, Hard Rolled Sheet","['Zinc, Zn', '0.60 - 1.4 %', '0.60 - 1.4 %', '']","['Tensile Strength, Ultimate', '290 MPa', '42100 psi', '']","['Tensile Strength, Yield', '220 MPa@Strain 0.200 %', '31900 psi@Strain 0.200 %', '']","['Elongation at Break', '15 %', '15 %', 'in 50 mm']"
"Magnesium AZ31B, Extruded Hollow Shapes","['Aluminum, Al', '2.5 - 3.5 %', '2.5 - 3.5 %', '']","['Tensile Strength, Ultimate', '241 MPa', '35000 psi', '']","['Tensile Strength, Yield', '165 MPa@Strain 0.200 %', '23900 psi@Strain 0.200 %', '']","['Elongation at Break', '16 %', '16 %', 'in 50 mm']"
"Magnesium AZ31B, Extruded Hollow Shapes","['Calcium, Ca', '<= 0.040 %', '<= 0.040 %', '']","['Tensile Strength, Ultimate', '241 MPa', '35000 psi', '']","['Tensile Strength, Yield', '165 MPa@Strain 0.200 %', '23900 psi@Strain 0.200 %', '']","['Elongation at Break', '16 %', '16 %', 'in 50 mm']"
"Magnesium AZ31B, Extruded Hollow Shapes","['Copper, Cu', '<= 0.050 %', '<= 0.050 %', '']","['Tensile Strength, Ultimate', '241 MPa', '35000 psi', '']","['Tensile Strength, Yield', '165 MPa@Strain 0.200 %', '23900 psi@Strain 0.200 %', '']","['Elongation at Break', '16 %', '16 %', 'in 50 mm']"
"Magnesium AZ31B, Extruded Hollow Shapes","['Iron, Fe', '<= 0.0050 %', '<= 0.0050 %', '']","['Tensile Strength, Ultimate', '241 MPa', '35000 psi', '']","['Tensile Strength, Yield', '165 MPa@Strain 0.200 %', '23900 psi@Strain 0.200 %', '']","['Elongation at Break', '16 %', '16 %', 'in 50 mm']"
"Magnesium AZ31B, Extruded Hollow Shapes","['Magnesium, Mg', '96 %', '96 %', 'As Remainder']","['Tensile Strength, Ultimate', '241 MPa', '35000 psi', '']","['Tensile Strength, Yield', '165 MPa@Strain 0.200 %', '23900 psi@Strain 0.200 %', '']","['Elongation at Break', '16 %', '16 %', 'in 50 mm']"
"Magnesium AZ31B, Extruded Hollow Shapes","['Manganese, Mn', '>= 0.20 %', '>= 0.20 %', '']","['Tensile Strength, Ultimate', '241 MPa', '35000 psi', '']","['Tensile Strength, Yield', '165 MPa@Strain 0.200 %', '23900 psi@Strain 0.200 %', '']","['Elongation at Break', '16 %', '16 %', 'in 50 mm']"
"Magnesium AZ31B, Extruded Hollow Shapes","['Nickel, Ni', '<= 0.0050 %', '<= 0.0050 %', '']","['Tensile Strength, Ultimate', '241 MPa', '35000 psi', '']","['Tensile Strength, Yield', '165 MPa@Strain 0.200 %', '23900 psi@Strain 0.200 %', '']","['Elongation at Break', '16 %', '16 %', 'in 50 mm']"
"Magnesium AZ31B, Extruded Hollow Shapes","['Silicon, Si', '<= 0.10 %', '<= 0.10 %', '']","['Tensile Strength, Ultimate', '241 MPa', '35000 psi', '']","['Tensile Strength, Yield', '165 MPa@Strain 0.200 %', '23900 psi@Strain 0.200 %', '']","['Elongation at Break', '16 %', '16 %', 'in 50 mm']"
"Magnesium AZ31B, Extruded Hollow Shapes","['Zinc, Zn', '0.60 - 1.4 %', '0.60 - 1.4 %', '']","['Tensile Strength, Ultimate', '241 MPa', '35000 psi', '']","['Tensile Strength, Yield', '165 MPa@Strain 0.200 %', '23900 psi@Strain 0.200 %', '']","['Elongation at Break', '16 %', '16 %', 'in 50 mm']"
"Magnesium AZ31B, Forgings","['Aluminum, Al', '2.5 - 3.5 %', '2.5 - 3.5 %', '']","['Tensile Strength, Ultimate', '260 MPa', '37700 psi', '']","['Tensile Strength, Yield', '170 MPa@Strain 0.200 %', '24700 psi@Strain 0.200 %', '']","['Elongation at Break', '15 %', '15 %', 'in 50 mm']"
"Magnesium AZ31B, Forgings","['Calcium, Ca', '<= 0.040 %', '<= 0.040 %', '']","['Tensile Strength, Ultimate', '260 MPa', '37700 psi', '']","['Tensile Strength, Yield', '170 MPa@Strain 0.200 %', '24700 psi@Strain 0.200 %', '']","['Elongation at Break', '15 %', '15 %', 'in 50 mm']"
"Magnesium AZ31B, Forgings","['Copper, Cu', '<= 0.050 %', '<= 0.050 %', '']","['Tensile Strength, Ultimate', '260 MPa', '37700 psi', '']","['Tensile Strength, Yield', '170 MPa@Strain 0.200 %', '24700 psi@Strain 0.200 %', '']","['Elongation at Break', '15 %', '15 %', 'in 50 mm']"
"Magnesium AZ31B, Forgings","['Iron, Fe', '<= 0.0050 %', '<= 0.0050 %', '']","['Tensile Strength, Ultimate', '260 MPa', '37700 psi', '']","['Tensile Strength, Yield', '170 MPa@Strain 0.200 %', '24700 psi@Strain 0.200 %', '']","['Elongation at Break', '15 %', '15 %', 'in 50 mm']"
"Magnesium AZ31B, Forgings","['Magnesium, Mg', '96 %', '96 %', 'As Remainder']","['Tensile Strength, Ultimate', '260 MPa', '37700 psi', '']","['Tensile Strength, Yield', '170 MPa@Strain 0.200 %', '24700 psi@Strain 0.200 %', '']","['Elongation at Break', '15 %', '15 %', 'in 50 mm']"
"Magnesium AZ31B, Forgings","['Manganese, Mn', '>= 0.20 %', '>= 0.20 %', '']","['Tensile Strength, Ultimate', '260 MPa', '37700 psi', '']","['Tensile Strength, Yield', '170 MPa@Strain 0.200 %', '24700 psi@Strain 0.200 %', '']","['Elongation at Break', '15 %', '15 %', 'in 50 mm']"
"Magnesium AZ31B, Forgings","['Nickel, Ni', '<= 0.0050 %', '<= 0.0050 %', '']","['Tensile Strength, Ultimate', '260 MPa', '37700 psi', '']","['Tensile Strength, Yield', '170 MPa@Strain 0.200 %', '24700 psi@Strain 0.200 %', '']","['Elongation at Break', '15 %', '15 %', 'in 50 mm']"
"Magnesium AZ31B, Forgings","['Silicon, Si', '<= 0.10 %', '<= 0.10 %', '']","['Tensile Strength, Ultimate', '260 MPa', '37700 psi', '']","['Tensile Strength, Yield', '170 MPa@Strain 0.200 %', '24700 psi@Strain 0.200 %', '']","['Elongation at Break', '15 %', '15 %', 'in 50 mm']"
"Magnesium AZ31B, Forgings","['Zinc, Zn', '0.60 - 1.4 %', '0.60 - 1.4 %', '']","['Tensile Strength, Ultimate', '260 MPa', '37700 psi', '']","['Tensile Strength, Yield', '170 MPa@Strain 0.200 %', '24700 psi@Strain 0.200 %', '']","['Elongation at Break', '15 %', '15 %', 'in 50 mm']"
"Magnesium AZ31B-H26, Hard Rolled Sheet","['Aluminum, Al', '2.5 - 3.5 %', '2.5 - 3.5 %', '']","['Tensile Strength, Ultimate', '275 MPa', '39900 psi', '']","['Tensile Strength, Yield', '190 MPa', '27600 psi', '']","['Elongation at Break', '10 %', '10 %', 'in 50 mm']"
"Magnesium AZ31B-H26, Hard Rolled Sheet","['Calcium, Ca', '<= 0.040 %', '<= 0.040 %', '']","['Tensile Strength, Ultimate', '275 MPa', '39900 psi', '']","['Tensile Strength, Yield', '190 MPa', '27600 psi', '']","['Elongation at Break', '10 %', '10 %', 'in 50 mm']"
"Magnesium AZ31B-H26, Hard Rolled Sheet","['Copper, Cu', '<= 0.050 %', '<= 0.050 %', '']","['Tensile Strength, Ultimate', '275 MPa', '39900 psi', '']","['Tensile Strength, Yield', '190 MPa', '27600 psi', '']","['Elongation at Break', '10 %', '10 %', 'in 50 mm']"
"Magnesium AZ31B-H26, Hard Rolled Sheet","['Iron, Fe', '<= 0.0050 %', '<= 0.0050 %', '']","['Tensile Strength, Ultimate', '275 MPa', '39900 psi', '']","['Tensile Strength, Yield', '190 MPa', '27600 psi', '']","['Elongation at Break', '10 %', '10 %', 'in 50 mm']"
"Magnesium AZ31B-H26, Hard Rolled Sheet","['Magnesium, Mg', '96 %', '96 %', 'As Remainder']","['Tensile Strength, Ultimate', '275 MPa', '39900 psi', '']","['Tensile Strength, Yield', '190 MPa', '27600 psi', '']","['Elongation at Break', '10 %', '10 %', 'in 50 mm']"
"Magnesium AZ31B-H26, Hard Rolled Sheet","['Manganese, Mn', '>= 0.20 %', '>= 0.20 %', '']","['Tensile Strength, Ultimate', '275 MPa', '39900 psi', '']","['Tensile Strength, Yield', '190 MPa', '27600 psi', '']","['Elongation at Break', '10 %', '10 %', 'in 50 mm']"
"Magnesium AZ31B-H26, Hard Rolled Sheet","['Nickel, Ni', '<= 0.0050 %', '<= 0.0050 %', '']","['Tensile Strength, Ultimate', '275 MPa', '39900 psi', '']","['Tensile Strength, Yield', '190 MPa', '27600 psi', '']","['Elongation at Break', '10 %', '10 %', 'in 50 mm']"
"Magnesium AZ31B-H26, Hard Rolled Sheet","['Silicon, Si', '<= 0.10 %', '<= 0.10 %', '']","['Tensile Strength, Ultimate', '275 MPa', '39900 psi', '']","['Tensile Strength, Yield', '190 MPa', '27600 psi', '']","['Elongation at Break', '10 %', '10 %', 'in 50 mm']"
"Magnesium AZ31B-H26, Hard Rolled Sheet","['Zinc, Zn', '0.60 - 1.4 %', '0.60 - 1.4 %', '']","['Tensile Strength, Ultimate', '275 MPa', '39900 psi', '']","['Tensile Strength, Yield', '190 MPa', '27600 psi', '']","['Elongation at Break', '10 %', '10 %', 'in 50 mm']"
"Magnesium AZ61A-F, Extruded Hollow Shapes","['Aluminum, Al', '5.8 - 7.2 %', '5.8 - 7.2 %', '']","['Tensile Strength, Ultimate', '280 MPa', '40600 psi', '']","['Tensile Strength, Yield', '165 MPa', '23900 psi', '']","['Elongation at Break', '14 %', '14 %', 'in 50 mm']"
"Magnesium AZ61A-F, Extruded Hollow Shapes","['Copper, Cu', '<= 0.050 %', '<= 0.050 %', '']","['Tensile Strength, Ultimate', '280 MPa', '40600 psi', '']","['Tensile Strength, Yield', '165 MPa', '23900 psi', '']","['Elongation at Break', '14 %', '14 %', 'in 50 mm']"
"Magnesium AZ61A-F, Extruded Hollow Shapes","['Iron, Fe', '<= 0.0050 %', '<= 0.0050 %', '']","['Tensile Strength, Ultimate', '280 MPa', '40600 psi', '']","['Tensile Strength, Yield', '165 MPa', '23900 psi', '']","['Elongation at Break', '14 %', '14 %', 'in 50 mm']"
"Magnesium AZ61A-F, Extruded Hollow Shapes","['Magnesium, Mg', '92 %', '92 %', 'As Remainder']","['Tensile Strength, Ultimate', '280 MPa', '40600 psi', '']","['Tensile Strength, Yield', '165 MPa', '23900 psi', '']","['Elongation at Break', '14 %', '14 %', 'in 50 mm']"
"Magnesium AZ61A-F, Extruded Hollow Shapes","['Manganese, Mn', '>= 0.15 %', '>= 0.15 %', '']","['Tensile Strength, Ultimate', '280 MPa', '40600 psi', '']","['Tensile Strength, Yield', '165 MPa', '23900 psi', '']","['Elongation at Break', '14 %', '14 %', 'in 50 mm']"
"Magnesium AZ61A-F, Extruded Hollow Shapes","['Nickel, Ni', '<= 0.0050 %', '<= 0.0050 %', '']","['Tensile Strength, Ultimate', '280 MPa', '40600 psi', '']","['Tensile Strength, Yield', '165 MPa', '23900 psi', '']","['Elongation at Break', '14 %', '14 %', 'in 50 mm']"
"Magnesium AZ61A-F, Extruded Hollow Shapes","['Silicon, Si', '<= 0.10 %', '<= 0.10 %', '']","['Tensile Strength, Ultimate', '280 MPa', '40600 psi', '']","['Tensile Strength, Yield', '165 MPa', '23900 psi', '']","['Elongation at Break', '14 %', '14 %', 'in 50 mm']"
"Magnesium AZ61A-F, Extruded Hollow Shapes","['Zinc, Zn', '0.40 - 1.5 %', '0.40 - 1.5 %', '']","['Tensile Strength, Ultimate', '280 MPa', '40600 psi', '']","['Tensile Strength, Yield', '165 MPa', '23900 psi', '']","['Elongation at Break', '14 %', '14 %', 'in 50 mm']"
"Magnesium AZ61A-F, Extruded Solid Shapes","['Aluminum, Al', '5.8 - 7.2 %', '5.8 - 7.2 %', '']","['Tensile Strength, Ultimate', '310 MPa', '45000 psi', '']","['Tensile Strength, Yield', '230 MPa@Strain 0.200 %', '33400 psi@Strain 0.200 %', '']","['Elongation at Break', '16 %', '16 %', 'in 50 mm']"
"Magnesium AZ61A-F, Extruded Solid Shapes","['Copper, Cu', '<= 0.050 %', '<= 0.050 %', '']","['Tensile Strength, Ultimate', '310 MPa', '45000 psi', '']","['Tensile Strength, Yield', '230 MPa@Strain 0.200 %', '33400 psi@Strain 0.200 %', '']","['Elongation at Break', '16 %', '16 %', 'in 50 mm']"
"Magnesium AZ61A-F, Extruded Solid Shapes","['Iron, Fe', '<= 0.0050 %', '<= 0.0050 %', '']","['Tensile Strength, Ultimate', '310 MPa', '45000 psi', '']","['Tensile Strength, Yield', '230 MPa@Strain 0.200 %', '33400 psi@Strain 0.200 %', '']","['Elongation at Break', '16 %', '16 %', 'in 50 mm']"
"Magnesium AZ61A-F, Extruded Solid Shapes","['Magnesium, Mg', '92 %', '92 %', 'As Remainder']","['Tensile Strength, Ultimate', '310 MPa', '45000 psi', '']","['Tensile Strength, Yield', '230 MPa@Strain 0.200 %', '33400 psi@Strain 0.200 %', '']","['Elongation at Break', '16 %', '16 %', 'in 50 mm']"
"Magnesium AZ61A-F, Extruded Solid Shapes","['Manganese, Mn', '>= 0.15 %', '>= 0.15 %', '']","['Tensile Strength, Ultimate', '310 MPa', '45000 psi', '']","['Tensile Strength, Yield', '230 MPa@Strain 0.200 %', '33400 psi@Strain 0.200 %', '']","['Elongation at Break', '16 %', '16 %', 'in 50 mm']"
"Magnesium AZ61A-F, Extruded Solid Shapes","['Nickel, Ni', '<= 0.0050 %', '<= 0.0050 %', '']","['Tensile Strength, Ultimate', '310 MPa', '45000 psi', '']","['Tensile Strength, Yield', '230 MPa@Strain 0.200 %', '33400 psi@Strain 0.200 %', '']","['Elongation at Break', '16 %', '16 %', 'in 50 mm']"
"Magnesium AZ61A-F, Extruded Solid Shapes","['Silicon, Si', '<= 0.10 %', '<= 0.10 %', '']","['Tensile Strength, Ultimate', '310 MPa', '45000 psi', '']","['Tensile Strength, Yield', '230 MPa@Strain 0.200 %', '33400 psi@Strain 0.200 %', '']","['Elongation at Break', '16 %', '16 %', 'in 50 mm']"
"Magnesium AZ61A-F, Extruded Solid Shapes","['Zinc, Zn', '0.40 - 1.5 %', '0.40 - 1.5 %', '']","['Tensile Strength, Ultimate', '310 MPa', '45000 psi', '']","['Tensile Strength, Yield', '230 MPa@Strain 0.200 %', '33400 psi@Strain 0.200 %', '']","['Elongation at Break', '16 %', '16 %', 'in 50 mm']"
"Magnesium AZ61A-F, Forgings","['Aluminum, Al', '5.8 - 7.2 %', '5.8 - 7.2 %', '']","['Tensile Strength, Ultimate', '295 MPa', '42800 psi', '']","['Tensile Strength, Yield', '180 MPa@Strain 0.200 %', '26100 psi@Strain 0.200 %', '']","['Elongation at Break', '12 %', '12 %', 'in 50 mm']"
"Magnesium AZ61A-F, Forgings","['Copper, Cu', '<= 0.050 %', '<= 0.050 %', '']","['Tensile Strength, Ultimate', '295 MPa', '42800 psi', '']","['Tensile Strength, Yield', '180 MPa@Strain 0.200 %', '26100 psi@Strain 0.200 %', '']","['Elongation at Break', '12 %', '12 %', 'in 50 mm']"
"Magnesium AZ61A-F, Forgings","['Iron, Fe', '<= 0.0050 %', '<= 0.0050 %', '']","['Tensile Strength, Ultimate', '295 MPa', '42800 psi', '']","['Tensile Strength, Yield', '180 MPa@Strain 0.200 %', '26100 psi@Strain 0.200 %', '']","['Elongation at Break', '12 %', '12 %', 'in 50 mm']"
"Magnesium AZ61A-F, Forgings","['Magnesium, Mg', '92 %', '92 %', 'As Remainder']","['Tensile Strength, Ultimate', '295 MPa', '42800 psi', '']","['Tensile Strength, Yield', '180 MPa@Strain 0.200 %', '26100 psi@Strain 0.200 %', '']","['Elongation at Break', '12 %', '12 %', 'in 50 mm']"
"Magnesium AZ61A-F, Forgings","['Manganese, Mn', '>= 0.15 %', '>= 0.15 %', '']","['Tensile Strength, Ultimate', '295 MPa', '42800 psi', '']","['Tensile Strength, Yield', '180 MPa@Strain 0.200 %', '26100 psi@Strain 0.200 %', '']","['Elongation at Break', '12 %', '12 %', 'in 50 mm']"
"Magnesium AZ61A-F, Forgings","['Nickel, Ni', '<= 0.0050 %', '<= 0.0050 %', '']","['Tensile Strength, Ultimate', '295 MPa', '42800 psi', '']","['Tensile Strength, Yield', '180 MPa@Strain 0.200 %', '26100 psi@Strain 0.200 %', '']","['Elongation at Break', '12 %', '12 %', 'in 50 mm']"
"Magnesium AZ61A-F, Forgings","['Silicon, Si', '<= 0.10 %', '<= 0.10 %', '']","['Tensile Strength, Ultimate', '295 MPa', '42800 psi', '']","['Tensile Strength, Yield', '180 MPa@Strain 0.200 %', '26100 psi@Strain 0.200 %', '']","['Elongation at Break', '12 %', '12 %', 'in 50 mm']"
"Magnesium AZ61A-F, Forgings","['Zinc, Zn', '0.40 - 1.5 %', '0.40 - 1.5 %', '']","['Tensile Strength, Ultimate', '295 MPa', '42800 psi', '']","['Tensile Strength, Yield', '180 MPa@Strain 0.200 %', '26100 psi@Strain 0.200 %', '']","['Elongation at Break', '12 %', '12 %', 'in 50 mm']"
"Magnesium AZ63A-T6, Sand Cast","['Aluminum, Al', '5.3 - 6.7 %', '5.3 - 6.7 %', '']","['Tensile Strength, Ultimate', '275 MPa', '39900 psi', '']","['Tensile Strength, Yield', '130 MPa@Strain 0.200 %', '18900 psi@Strain 0.200 %', '']","['Elongation at Break', '5.0 %', '5.0 %', 'in 50 mm']"
"Magnesium AZ63A-T6, Sand Cast","['Copper, Cu', '<= 0.25 %', '<= 0.25 %', '']","['Tensile Strength, Ultimate', '275 MPa', '39900 psi', '']","['Tensile Strength, Yield', '130 MPa@Strain 0.200 %', '18900 psi@Strain 0.200 %', '']","['Elongation at Break', '5.0 %', '5.0 %', 'in 50 mm']"
"Magnesium AZ63A-T6, Sand Cast","['Magnesium, Mg', '91 %', '91 %', 'As Remainder']","['Tensile Strength, Ultimate', '275 MPa', '39900 psi', '']","['Tensile Strength, Yield', '130 MPa@Strain 0.200 %', '18900 psi@Strain 0.200 %', '']","['Elongation at Break', '5.0 %', '5.0 %', 'in 50 mm']"
"Magnesium AZ63A-T6, Sand Cast","['Manganese, Mn', '>= 0.15 %', '>= 0.15 %', '']","['Tensile Strength, Ultimate', '275 MPa', '39900 psi', '']","['Tensile Strength, Yield', '130 MPa@Strain 0.200 %', '18900 psi@Strain 0.200 %', '']","['Elongation at Break', '5.0 %', '5.0 %', 'in 50 mm']"
"Magnesium AZ63A-T6, Sand Cast","['Nickel, Ni', '<= 0.010 %', '<= 0.010 %', '']","['Tensile Strength, Ultimate', '275 MPa', '39900 psi', '']","['Tensile Strength, Yield', '130 MPa@Strain 0.200 %', '18900 psi@Strain 0.200 %', '']","['Elongation at Break', '5.0 %', '5.0 %', 'in 50 mm']"
"Magnesium AZ63A-T6, Sand Cast","['Silicon, Si', '<= 0.30 %', '<= 0.30 %', '']","['Tensile Strength, Ultimate', '275 MPa', '39900 psi', '']","['Tensile Strength, Yield', '130 MPa@Strain 0.200 %', '18900 psi@Strain 0.200 %', '']","['Elongation at Break', '5.0 %', '5.0 %', 'in 50 mm']"
"Magnesium AZ63A-T6, Sand Cast","['Zinc, Zn', '2.5 - 3.5 %', '2.5 - 3.5 %', '']","['Tensile Strength, Ultimate', '275 MPa', '39900 psi', '']","['Tensile Strength, Yield', '130 MPa@Strain 0.200 %', '18900 psi@Strain 0.200 %', '']","['Elongation at Break', '5.0 %', '5.0 %', 'in 50 mm']"
Magnesium AZ63 T1 Cast Alloy (UNS M11630),"['Aluminum, Al', '6.0 %', '6.0 %', '']","['Tensile Strength, Ultimate', '200 MPa', '29000 psi', '']","['Tensile Strength, Yield', '97.0 MPa@Strain 0.200 %', '14100 psi@Strain 0.200 %', '']","['Elongation at Break', '6.0 %', '6.0 %', '']"
Magnesium AZ63 T1 Cast Alloy (UNS M11630),"['Magnesium, Mg', '90.7 %', '90.7 %', 'As balance']","['Tensile Strength, Ultimate', '200 MPa', '29000 psi', '']","['Tensile Strength, Yield', '97.0 MPa@Strain 0.200 %', '14100 psi@Strain 0.200 %', '']","['Elongation at Break', '6.0 %', '6.0 %', '']"
Magnesium AZ63 T1 Cast Alloy (UNS M11630),"['Silicon, Si', '0.30 %', '0.30 %', '']","['Tensile Strength, Ultimate', '200 MPa', '29000 psi', '']","['Tensile Strength, Yield', '97.0 MPa@Strain 0.200 %', '14100 psi@Strain 0.200 %', '']","['Elongation at Break', '6.0 %', '6.0 %', '']"
"Magnesium AZ63A-F, Sand Cast","['Aluminum, Al', '5.3 - 6.7 %', '5.3 - 6.7 %', '']","['Tensile Strength, Ultimate', '200 MPa', '29000 psi', '']","['Tensile Strength, Yield', '97.0 MPa@Strain 0.200 %', '14100 psi@Strain 0.200 %', '']","['Elongation at Break', '6.0 %', '6.0 %', 'in 50 mm']"
"Magnesium AZ63A-F, Sand Cast","['Copper, Cu', '<= 0.25 %', '<= 0.25 %', '']","['Tensile Strength, Ultimate', '200 MPa', '29000 psi', '']","['Tensile Strength, Yield', '97.0 MPa@Strain 0.200 %', '14100 psi@Strain 0.200 %', '']","['Elongation at Break', '6.0 %', '6.0 %', 'in 50 mm']"
"Magnesium AZ63A-F, Sand Cast","['Magnesium, Mg', '91 %', '91 %', 'As Remainder']","['Tensile Strength, Ultimate', '200 MPa', '29000 psi', '']","['Tensile Strength, Yield', '97.0 MPa@Strain 0.200 %', '14100 psi@Strain 0.200 %', '']","['Elongation at Break', '6.0 %', '6.0 %', 'in 50 mm']"
"Magnesium AZ63A-F, Sand Cast","['Manganese, Mn', '>= 0.15 %', '>= 0.15 %', '']","['Tensile Strength, Ultimate', '200 MPa', '29000 psi', '']","['Tensile Strength, Yield', '97.0 MPa@Strain 0.200 %', '14100 psi@Strain 0.200 %', '']","['Elongation at Break', '6.0 %', '6.0 %', 'in 50 mm']"
"Magnesium AZ63A-F, Sand Cast","['Nickel, Ni', '<= 0.010 %', '<= 0.010 %', '']","['Tensile Strength, Ultimate', '200 MPa', '29000 psi', '']","['Tensile Strength, Yield', '97.0 MPa@Strain 0.200 %', '14100 psi@Strain 0.200 %', '']","['Elongation at Break', '6.0 %', '6.0 %', 'in 50 mm']"
"Magnesium AZ63A-F, Sand Cast","['Silicon, Si', '<= 0.30 %', '<= 0.30 %', '']","['Tensile Strength, Ultimate', '200 MPa', '29000 psi', '']","['Tensile Strength, Yield', '97.0 MPa@Strain 0.200 %', '14100 psi@Strain 0.200 %', '']","['Elongation at Break', '6.0 %', '6.0 %', 'in 50 mm']"
"Magnesium AZ63A-F, Sand Cast","['Zinc, Zn', '2.5 - 3.5 %', '2.5 - 3.5 %', '']","['Tensile Strength, Ultimate', '200 MPa', '29000 psi', '']","['Tensile Strength, Yield', '97.0 MPa@Strain 0.200 %', '14100 psi@Strain 0.200 %', '']","['Elongation at Break', '6.0 %', '6.0 %', 'in 50 mm']"
"Magnesium AZ63A-T4, Sand Cast","['Aluminum, Al', '5.3 - 6.7 %', '5.3 - 6.7 %', '']","['Tensile Strength, Ultimate', '275 MPa', '39900 psi', '']","['Tensile Strength, Yield', '97.0 MPa@Strain 0.200 %', '14100 psi@Strain 0.200 %', '']","['Elongation at Break', '12 %', '12 %', 'in 50 mm']"
"Magnesium AZ63A-T4, Sand Cast","['Copper, Cu', '<= 0.25 %', '<= 0.25 %', '']","['Tensile Strength, Ultimate', '275 MPa', '39900 psi', '']","['Tensile Strength, Yield', '97.0 MPa@Strain 0.200 %', '14100 psi@Strain 0.200 %', '']","['Elongation at Break', '12 %', '12 %', 'in 50 mm']"
"Magnesium AZ63A-T4, Sand Cast","['Magnesium, Mg', '91 %', '91 %', 'As Remainder']","['Tensile Strength, Ultimate', '275 MPa', '39900 psi', '']","['Tensile Strength, Yield', '97.0 MPa@Strain 0.200 %', '14100 psi@Strain 0.200 %', '']","['Elongation at Break', '12 %', '12 %', 'in 50 mm']"
"Magnesium AZ63A-T4, Sand Cast","['Manganese, Mn', '>= 0.15 %', '>= 0.15 %', '']","['Tensile Strength, Ultimate', '275 MPa', '39900 psi', '']","['Tensile Strength, Yield', '97.0 MPa@Strain 0.200 %', '14100 psi@Strain 0.200 %', '']","['Elongation at Break', '12 %', '12 %', 'in 50 mm']"
"Magnesium AZ63A-T4, Sand Cast","['Nickel, Ni', '<= 0.010 %', '<= 0.010 %', '']","['Tensile Strength, Ultimate', '275 MPa', '39900 psi', '']","['Tensile Strength, Yield', '97.0 MPa@Strain 0.200 %', '14100 psi@Strain 0.200 %', '']","['Elongation at Break', '12 %', '12 %', 'in 50 mm']"
"Magnesium AZ63A-T4, Sand Cast","['Silicon, Si', '<= 0.30 %', '<= 0.30 %', '']","['Tensile Strength, Ultimate', '275 MPa', '39900 psi', '']","['Tensile Strength, Yield', '97.0 MPa@Strain 0.200 %', '14100 psi@Strain 0.200 %', '']","['Elongation at Break', '12 %', '12 %', 'in 50 mm']"
"Magnesium AZ63A-T4, Sand Cast","['Zinc, Zn', '2.5 - 3.5 %', '2.5 - 3.5 %', '']","['Tensile Strength, Ultimate', '275 MPa', '39900 psi', '']","['Tensile Strength, Yield', '97.0 MPa@Strain 0.200 %', '14100 psi@Strain 0.200 %', '']","['Elongation at Break', '12 %', '12 %', 'in 50 mm']"
"Magnesium AZ63A-T5, Sand Cast","['Aluminum, Al', '5.3 - 6.7 %', '5.3 - 6.7 %', '']","['Tensile Strength, Ultimate', '200 MPa', '29000 psi', '']","['Tensile Strength, Yield', '105 MPa@Strain 0.200 %', '15200 psi@Strain 0.200 %', '']","['Elongation at Break', '4.0 %', '4.0 %', 'in 50 mm']"
"Magnesium AZ63A-T5, Sand Cast","['Copper, Cu', '<= 0.25 %', '<= 0.25 %', '']","['Tensile Strength, Ultimate', '200 MPa', '29000 psi', '']","['Tensile Strength, Yield', '105 MPa@Strain 0.200 %', '15200 psi@Strain 0.200 %', '']","['Elongation at Break', '4.0 %', '4.0 %', 'in 50 mm']"
"Magnesium AZ63A-T5, Sand Cast","['Magnesium, Mg', '91 %', '91 %', 'As Remainder']","['Tensile Strength, Ultimate', '200 MPa', '29000 psi', '']","['Tensile Strength, Yield', '105 MPa@Strain 0.200 %', '15200 psi@Strain 0.200 %', '']","['Elongation at Break', '4.0 %', '4.0 %', 'in 50 mm']"
"Magnesium AZ63A-T5, Sand Cast","['Manganese, Mn', '>= 0.15 %', '>= 0.15 %', '']","['Tensile Strength, Ultimate', '200 MPa', '29000 psi', '']","['Tensile Strength, Yield', '105 MPa@Strain 0.200 %', '15200 psi@Strain 0.200 %', '']","['Elongation at Break', '4.0 %', '4.0 %', 'in 50 mm']"
"Magnesium AZ63A-T5, Sand Cast","['Nickel, Ni', '<= 0.010 %', '<= 0.010 %', '']","['Tensile Strength, Ultimate', '200 MPa', '29000 psi', '']","['Tensile Strength, Yield', '105 MPa@Strain 0.200 %', '15200 psi@Strain 0.200 %', '']","['Elongation at Break', '4.0 %', '4.0 %', 'in 50 mm']"
"Magnesium AZ63A-T5, Sand Cast","['Silicon, Si', '<= 0.30 %', '<= 0.30 %', '']","['Tensile Strength, Ultimate', '200 MPa', '29000 psi', '']","['Tensile Strength, Yield', '105 MPa@Strain 0.200 %', '15200 psi@Strain 0.200 %', '']","['Elongation at Break', '4.0 %', '4.0 %', 'in 50 mm']"
"Magnesium AZ63A-T5, Sand Cast","['Zinc, Zn', '2.5 - 3.5 %', '2.5 - 3.5 %', '']","['Tensile Strength, Ultimate', '200 MPa', '29000 psi', '']","['Tensile Strength, Yield', '105 MPa@Strain 0.200 %', '15200 psi@Strain 0.200 %', '']","['Elongation at Break', '4.0 %', '4.0 %', 'in 50 mm']"
"Magnesium AZ63A-T7, Sand Cast","['Aluminum, Al', '5.3 - 6.7 %', '5.3 - 6.7 %', '']","['Tensile Strength, Ultimate', '275 MPa', '39900 psi', '']","['Tensile Strength, Yield', '115 MPa@Strain 0.200 %', '16700 psi@Strain 0.200 %', '']","['Elongation at Break', '6.0 %', '6.0 %', 'in 50 mm']"
"Magnesium AZ63A-T7, Sand Cast","['Copper, Cu', '<= 0.25 %', '<= 0.25 %', '']","['Tensile Strength, Ultimate', '275 MPa', '39900 psi', '']","['Tensile Strength, Yield', '115 MPa@Strain 0.200 %', '16700 psi@Strain 0.200 %', '']","['Elongation at Break', '6.0 %', '6.0 %', 'in 50 mm']"
"Magnesium AZ63A-T7, Sand Cast","['Magnesium, Mg', '91 %', '91 %', 'As Remainder']","['Tensile Strength, Ultimate', '275 MPa', '39900 psi', '']","['Tensile Strength, Yield', '115 MPa@Strain 0.200 %', '16700 psi@Strain 0.200 %', '']","['Elongation at Break', '6.0 %', '6.0 %', 'in 50 mm']"
"Magnesium AZ63A-T7, Sand Cast","['Manganese, Mn', '>= 0.15 %', '>= 0.15 %', '']","['Tensile Strength, Ultimate', '275 MPa', '39900 psi', '']","['Tensile Strength, Yield', '115 MPa@Strain 0.200 %', '16700 psi@Strain 0.200 %', '']","['Elongation at Break', '6.0 %', '6.0 %', 'in 50 mm']"
"Magnesium AZ63A-T7, Sand Cast","['Nickel, Ni', '<= 0.010 %', '<= 0.010 %', '']","['Tensile Strength, Ultimate', '275 MPa', '39900 psi', '']","['Tensile Strength, Yield', '115 MPa@Strain 0.200 %', '16700 psi@Strain 0.200 %', '']","['Elongation at Break', '6.0 %', '6.0 %', 'in 50 mm']"
"Magnesium AZ63A-T7, Sand Cast","['Silicon, Si', '<= 0.30 %', '<= 0.30 %', '']","['Tensile Strength, Ultimate', '275 MPa', '39900 psi', '']","['Tensile Strength, Yield', '115 MPa@Strain 0.200 %', '16700 psi@Strain 0.200 %', '']","['Elongation at Break', '6.0 %', '6.0 %', 'in 50 mm']"
"Magnesium AZ63A-T7, Sand Cast","['Zinc, Zn', '2.5 - 3.5 %', '2.5 - 3.5 %', '']","['Tensile Strength, Ultimate', '275 MPa', '39900 psi', '']","['Tensile Strength, Yield', '115 MPa@Strain 0.200 %', '16700 psi@Strain 0.200 %', '']","['Elongation at Break', '6.0 %', '6.0 %', 'in 50 mm']"
"Magnesium AZ80A-T5, Extruded","['Aluminum, Al', '7.8 - 9.2 %', '7.8 - 9.2 %', '']","['Tensile Strength, Ultimate', '380 MPa', '55100 psi', '']","['Tensile Strength, Yield', '275 MPa@Strain 0.200 %', '39900 psi@Strain 0.200 %', '']","['Elongation at Break', '7.0 %', '7.0 %', 'in 50 mm']"
"Magnesium AZ80A-T5, Extruded","['Copper, Cu', '<= 0.050 %', '<= 0.050 %', '']","['Tensile Strength, Ultimate', '380 MPa', '55100 psi', '']","['Tensile Strength, Yield', '275 MPa@Strain 0.200 %', '39900 psi@Strain 0.200 %', '']","['Elongation at Break', '7.0 %', '7.0 %', 'in 50 mm']"
"Magnesium AZ80A-T5, Extruded","['Iron, Fe', '<= 0.0050 %', '<= 0.0050 %', '']","['Tensile Strength, Ultimate', '380 MPa', '55100 psi', '']","['Tensile Strength, Yield', '275 MPa@Strain 0.200 %', '39900 psi@Strain 0.200 %', '']","['Elongation at Break', '7.0 %', '7.0 %', 'in 50 mm']"
"Magnesium AZ80A-T5, Extruded","['Magnesium, Mg', '91 %', '91 %', 'As Remainder']","['Tensile Strength, Ultimate', '380 MPa', '55100 psi', '']","['Tensile Strength, Yield', '275 MPa@Strain 0.200 %', '39900 psi@Strain 0.200 %', '']","['Elongation at Break', '7.0 %', '7.0 %', 'in 50 mm']"
"Magnesium AZ80A-T5, Extruded","['Manganese, Mn', '>= 0.12 %', '>= 0.12 %', '']","['Tensile Strength, Ultimate', '380 MPa', '55100 psi', '']","['Tensile Strength, Yield', '275 MPa@Strain 0.200 %', '39900 psi@Strain 0.200 %', '']","['Elongation at Break', '7.0 %', '7.0 %', 'in 50 mm']"
"Magnesium AZ80A-T5, Extruded","['Nickel, Ni', '<= 0.0050 %', '<= 0.0050 %', '']","['Tensile Strength, Ultimate', '380 MPa', '55100 psi', '']","['Tensile Strength, Yield', '275 MPa@Strain 0.200 %', '39900 psi@Strain 0.200 %', '']","['Elongation at Break', '7.0 %', '7.0 %', 'in 50 mm']"
"Magnesium AZ80A-T5, Extruded","['Silicon, Si', '<= 0.10 %', '<= 0.10 %', '']","['Tensile Strength, Ultimate', '380 MPa', '55100 psi', '']","['Tensile Strength, Yield', '275 MPa@Strain 0.200 %', '39900 psi@Strain 0.200 %', '']","['Elongation at Break', '7.0 %', '7.0 %', 'in 50 mm']"
"Magnesium AZ80A-T5, Extruded","['Zinc, Zn', '0.20 - 0.80 %', '0.20 - 0.80 %', '']","['Tensile Strength, Ultimate', '380 MPa', '55100 psi', '']","['Tensile Strength, Yield', '275 MPa@Strain 0.200 %', '39900 psi@Strain 0.200 %', '']","['Elongation at Break', '7.0 %', '7.0 %', 'in 50 mm']"
Magnesium AZ80A T4 Wrought Alloy (UNS M11800),"['Aluminum, Al', '8.0 %', '8.0 %', '']","['Tensile Strength, Ultimate', '330 - 380 MPa', '47900 - 55100 psi', '']","['Tensile Strength, Yield', '230 - 275 MPa@Strain 0.200 %', '33400 - 39900 psi@Strain 0.200 %', '']","['Elongation at Break', '6.0 - 11 %', '6.0 - 11 %', '']"
Magnesium AZ80A T4 Wrought Alloy (UNS M11800),"['Magnesium, Mg', '91.5 %', '91.5 %', 'As balance']","['Tensile Strength, Ultimate', '330 - 380 MPa', '47900 - 55100 psi', '']","['Tensile Strength, Yield', '230 - 275 MPa@Strain 0.200 %', '33400 - 39900 psi@Strain 0.200 %', '']","['Elongation at Break', '6.0 - 11 %', '6.0 - 11 %', '']"
Magnesium AZ80A T4 Wrought Alloy (UNS M11800),"['Zinc, Zn', '0.50 %', '0.50 %', '']","['Tensile Strength, Ultimate', '330 - 380 MPa', '47900 - 55100 psi', '']","['Tensile Strength, Yield', '230 - 275 MPa@Strain 0.200 %', '33400 - 39900 psi@Strain 0.200 %', '']","['Elongation at Break', '6.0 - 11 %', '6.0 - 11 %', '']"
"Magnesium AZ80A-F, Extruded","['Aluminum, Al', '7.8 - 9.2 %', '7.8 - 9.2 %', '']","['Tensile Strength, Ultimate', '340 MPa', '49300 psi', '']","['Tensile Strength, Yield', '250 MPa@Strain 0.200 %', '36300 psi@Strain 0.200 %', '']","['Elongation at Break', '7.0 %', '7.0 %', 'in 50 mm']"
"Magnesium AZ80A-F, Extruded","['Copper, Cu', '<= 0.050 %', '<= 0.050 %', '']","['Tensile Strength, Ultimate', '340 MPa', '49300 psi', '']","['Tensile Strength, Yield', '250 MPa@Strain 0.200 %', '36300 psi@Strain 0.200 %', '']","['Elongation at Break', '7.0 %', '7.0 %', 'in 50 mm']"
"Magnesium AZ80A-F, Extruded","['Iron, Fe', '<= 0.0050 %', '<= 0.0050 %', '']","['Tensile Strength, Ultimate', '340 MPa', '49300 psi', '']","['Tensile Strength, Yield', '250 MPa@Strain 0.200 %', '36300 psi@Strain 0.200 %', '']","['Elongation at Break', '7.0 %', '7.0 %', 'in 50 mm']"
"Magnesium AZ80A-F, Extruded","['Magnesium, Mg', '91 %', '91 %', 'As Remainder']","['Tensile Strength, Ultimate', '340 MPa', '49300 psi', '']","['Tensile Strength, Yield', '250 MPa@Strain 0.200 %', '36300 psi@Strain 0.200 %', '']","['Elongation at Break', '7.0 %', '7.0 %', 'in 50 mm']"
"Magnesium AZ80A-F, Extruded","['Manganese, Mn', '>= 0.12 %', '>= 0.12 %', '']","['Tensile Strength, Ultimate', '340 MPa', '49300 psi', '']","['Tensile Strength, Yield', '250 MPa@Strain 0.200 %', '36300 psi@Strain 0.200 %', '']","['Elongation at Break', '7.0 %', '7.0 %', 'in 50 mm']"
"Magnesium AZ80A-F, Extruded","['Nickel, Ni', '<= 0.0050 %', '<= 0.0050 %', '']","['Tensile Strength, Ultimate', '340 MPa', '49300 psi', '']","['Tensile Strength, Yield', '250 MPa@Strain 0.200 %', '36300 psi@Strain 0.200 %', '']","['Elongation at Break', '7.0 %', '7.0 %', 'in 50 mm']"
"Magnesium AZ80A-F, Extruded","['Silicon, Si', '<= 0.10 %', '<= 0.10 %', '']","['Tensile Strength, Ultimate', '340 MPa', '49300 psi', '']","['Tensile Strength, Yield', '250 MPa@Strain 0.200 %', '36300 psi@Strain 0.200 %', '']","['Elongation at Break', '7.0 %', '7.0 %', 'in 50 mm']"
"Magnesium AZ80A-F, Extruded","['Zinc, Zn', '0.20 - 0.80 %', '0.20 - 0.80 %', '']","['Tensile Strength, Ultimate', '340 MPa', '49300 psi', '']","['Tensile Strength, Yield', '250 MPa@Strain 0.200 %', '36300 psi@Strain 0.200 %', '']","['Elongation at Break', '7.0 %', '7.0 %', 'in 50 mm']"
"Magnesium AZ80A-T5, Forged","['Aluminum, Al', '7.8 - 9.2 %', '7.8 - 9.2 %', '']","['Tensile Strength, Ultimate', '345 MPa', '50000 psi', '']","['Tensile Strength, Yield', '250 MPa@Strain 0.200 %', '36300 psi@Strain 0.200 %', '']","['Elongation at Break', '11 %', '11 %', 'in 50 mm']"
"Magnesium AZ80A-T5, Forged","['Copper, Cu', '<= 0.050 %', '<= 0.050 %', '']","['Tensile Strength, Ultimate', '345 MPa', '50000 psi', '']","['Tensile Strength, Yield', '250 MPa@Strain 0.200 %', '36300 psi@Strain 0.200 %', '']","['Elongation at Break', '11 %', '11 %', 'in 50 mm']"
"Magnesium AZ80A-T5, Forged","['Iron, Fe', '<= 0.0050 %', '<= 0.0050 %', '']","['Tensile Strength, Ultimate', '345 MPa', '50000 psi', '']","['Tensile Strength, Yield', '250 MPa@Strain 0.200 %', '36300 psi@Strain 0.200 %', '']","['Elongation at Break', '11 %', '11 %', 'in 50 mm']"
"Magnesium AZ80A-T5, Forged","['Magnesium, Mg', '91 %', '91 %', 'As Remainder']","['Tensile Strength, Ultimate', '345 MPa', '50000 psi', '']","['Tensile Strength, Yield', '250 MPa@Strain 0.200 %', '36300 psi@Strain 0.200 %', '']","['Elongation at Break', '11 %', '11 %', 'in 50 mm']"
"Magnesium AZ80A-T5, Forged","['Manganese, Mn', '>= 0.12 %', '>= 0.12 %', '']","['Tensile Strength, Ultimate', '345 MPa', '50000 psi', '']","['Tensile Strength, Yield', '250 MPa@Strain 0.200 %', '36300 psi@Strain 0.200 %', '']","['Elongation at Break', '11 %', '11 %', 'in 50 mm']"
"Magnesium AZ80A-T5, Forged","['Nickel, Ni', '<= 0.0050 %', '<= 0.0050 %', '']","['Tensile Strength, Ultimate', '345 MPa', '50000 psi', '']","['Tensile Strength, Yield', '250 MPa@Strain 0.200 %', '36300 psi@Strain 0.200 %', '']","['Elongation at Break', '11 %', '11 %', 'in 50 mm']"
"Magnesium AZ80A-T5, Forged","['Silicon, Si', '<= 0.10 %', '<= 0.10 %', '']","['Tensile Strength, Ultimate', '345 MPa', '50000 psi', '']","['Tensile Strength, Yield', '250 MPa@Strain 0.200 %', '36300 psi@Strain 0.200 %', '']","['Elongation at Break', '11 %', '11 %', 'in 50 mm']"
"Magnesium AZ80A-T5, Forged","['Zinc, Zn', '0.20 - 0.80 %', '0.20 - 0.80 %', '']","['Tensile Strength, Ultimate', '345 MPa', '50000 psi', '']","['Tensile Strength, Yield', '250 MPa@Strain 0.200 %', '36300 psi@Strain 0.200 %', '']","['Elongation at Break', '11 %', '11 %', 'in 50 mm']"
"Magnesium AZ80A-F, Forged","['Aluminum, Al', '7.8 - 9.2 %', '7.8 - 9.2 %', '']","['Tensile Strength, Ultimate', '330 MPa', '47900 psi', '']","['Tensile Strength, Yield', '230 MPa@Strain 0.200 %', '33400 psi@Strain 0.200 %', '']","['Elongation at Break', '11 %', '11 %', 'in 50 mm']"
"Magnesium AZ80A-F, Forged","['Copper, Cu', '<= 0.050 %', '<= 0.050 %', '']","['Tensile Strength, Ultimate', '330 MPa', '47900 psi', '']","['Tensile Strength, Yield', '230 MPa@Strain 0.200 %', '33400 psi@Strain 0.200 %', '']","['Elongation at Break', '11 %', '11 %', 'in 50 mm']"
"Magnesium AZ80A-F, Forged","['Iron, Fe', '<= 0.0050 %', '<= 0.0050 %', '']","['Tensile Strength, Ultimate', '330 MPa', '47900 psi', '']","['Tensile Strength, Yield', '230 MPa@Strain 0.200 %', '33400 psi@Strain 0.200 %', '']","['Elongation at Break', '11 %', '11 %', 'in 50 mm']"
"Magnesium AZ80A-F, Forged","['Magnesium, Mg', '91 %', '91 %', 'As Remainder']","['Tensile Strength, Ultimate', '330 MPa', '47900 psi', '']","['Tensile Strength, Yield', '230 MPa@Strain 0.200 %', '33400 psi@Strain 0.200 %', '']","['Elongation at Break', '11 %', '11 %', 'in 50 mm']"
"Magnesium AZ80A-F, Forged","['Manganese, Mn', '>= 0.12 %', '>= 0.12 %', '']","['Tensile Strength, Ultimate', '330 MPa', '47900 psi', '']","['Tensile Strength, Yield', '230 MPa@Strain 0.200 %', '33400 psi@Strain 0.200 %', '']","['Elongation at Break', '11 %', '11 %', 'in 50 mm']"
"Magnesium AZ80A-F, Forged","['Nickel, Ni', '<= 0.0050 %', '<= 0.0050 %', '']","['Tensile Strength, Ultimate', '330 MPa', '47900 psi', '']","['Tensile Strength, Yield', '230 MPa@Strain 0.200 %', '33400 psi@Strain 0.200 %', '']","['Elongation at Break', '11 %', '11 %', 'in 50 mm']"
"Magnesium AZ80A-F, Forged","['Silicon, Si', '<= 0.10 %', '<= 0.10 %', '']","['Tensile Strength, Ultimate', '330 MPa', '47900 psi', '']","['Tensile Strength, Yield', '230 MPa@Strain 0.200 %', '33400 psi@Strain 0.200 %', '']","['Elongation at Break', '11 %', '11 %', 'in 50 mm']"
"Magnesium AZ80A-F, Forged","['Zinc, Zn', '0.20 - 0.80 %', '0.20 - 0.80 %', '']","['Tensile Strength, Ultimate', '330 MPa', '47900 psi', '']","['Tensile Strength, Yield', '230 MPa@Strain 0.200 %', '33400 psi@Strain 0.200 %', '']","['Elongation at Break', '11 %', '11 %', 'in 50 mm']"
"Magnesium AZ81A-T4, Cast","['Aluminum, Al', '7.0 - 8.1 %', '7.0 - 8.1 %', '']","['Tensile Strength, Ultimate', '275 MPa', '39900 psi', '']","['Tensile Strength, Yield', '83.0 MPa@Strain 0.200 %', '12000 psi@Strain 0.200 %', '']","['Elongation at Break', '15 %', '15 %', 'in 50 mm']"
"Magnesium AZ81A-T4, Cast","['Copper, Cu', '<= 0.10 %', '<= 0.10 %', '']","['Tensile Strength, Ultimate', '275 MPa', '39900 psi', '']","['Tensile Strength, Yield', '83.0 MPa@Strain 0.200 %', '12000 psi@Strain 0.200 %', '']","['Elongation at Break', '15 %', '15 %', 'in 50 mm']"
"Magnesium AZ81A-T4, Cast","['Magnesium, Mg', '92 %', '92 %', 'As Remainder']","['Tensile Strength, Ultimate', '275 MPa', '39900 psi', '']","['Tensile Strength, Yield', '83.0 MPa@Strain 0.200 %', '12000 psi@Strain 0.200 %', '']","['Elongation at Break', '15 %', '15 %', 'in 50 mm']"
"Magnesium AZ81A-T4, Cast","['Manganese, Mn', '>= 0.13 %', '>= 0.13 %', '']","['Tensile Strength, Ultimate', '275 MPa', '39900 psi', '']","['Tensile Strength, Yield', '83.0 MPa@Strain 0.200 %', '12000 psi@Strain 0.200 %', '']","['Elongation at Break', '15 %', '15 %', 'in 50 mm']"
"Magnesium AZ81A-T4, Cast","['Nickel, Ni', '<= 0.010 %', '<= 0.010 %', '']","['Tensile Strength, Ultimate', '275 MPa', '39900 psi', '']","['Tensile Strength, Yield', '83.0 MPa@Strain 0.200 %', '12000 psi@Strain 0.200 %', '']","['Elongation at Break', '15 %', '15 %', 'in 50 mm']"
"Magnesium AZ81A-T4, Cast","['Silicon, Si', '<= 0.30 %', '<= 0.30 %', '']","['Tensile Strength, Ultimate', '275 MPa', '39900 psi', '']","['Tensile Strength, Yield', '83.0 MPa@Strain 0.200 %', '12000 psi@Strain 0.200 %', '']","['Elongation at Break', '15 %', '15 %', 'in 50 mm']"
"Magnesium AZ81A-T4, Cast","['Zinc, Zn', '0.40 - 1.0 %', '0.40 - 1.0 %', '']","['Tensile Strength, Ultimate', '275 MPa', '39900 psi', '']","['Tensile Strength, Yield', '83.0 MPa@Strain 0.200 %', '12000 psi@Strain 0.200 %', '']","['Elongation at Break', '15 %', '15 %', 'in 50 mm']"
"Magnesium AZ80A-T6, Forged","['Aluminum, Al', '7.8 - 9.2 %', '7.8 - 9.2 %', '']","['Tensile Strength, Ultimate', '340 MPa', '49300 psi', '']","['Tensile Strength, Yield', '250 MPa', '36300 psi', '']","['Elongation at Break', '5.0 %', '5.0 %', 'in 50 mm']"
"Magnesium AZ80A-T6, Forged","['Copper, Cu', '<= 0.050 %', '<= 0.050 %', '']","['Tensile Strength, Ultimate', '340 MPa', '49300 psi', '']","['Tensile Strength, Yield', '250 MPa', '36300 psi', '']","['Elongation at Break', '5.0 %', '5.0 %', 'in 50 mm']"
"Magnesium AZ80A-T6, Forged","['Iron, Fe', '<= 0.0050 %', '<= 0.0050 %', '']","['Tensile Strength, Ultimate', '340 MPa', '49300 psi', '']","['Tensile Strength, Yield', '250 MPa', '36300 psi', '']","['Elongation at Break', '5.0 %', '5.0 %', 'in 50 mm']"
"Magnesium AZ80A-T6, Forged","['Magnesium, Mg', '91 %', '91 %', 'As Remainder']","['Tensile Strength, Ultimate', '340 MPa', '49300 psi', '']","['Tensile Strength, Yield', '250 MPa', '36300 psi', '']","['Elongation at Break', '5.0 %', '5.0 %', 'in 50 mm']"
"Magnesium AZ80A-T6, Forged","['Manganese, Mn', '>= 0.12 %', '>= 0.12 %', '']","['Tensile Strength, Ultimate', '340 MPa', '49300 psi', '']","['Tensile Strength, Yield', '250 MPa', '36300 psi', '']","['Elongation at Break', '5.0 %', '5.0 %', 'in 50 mm']"
"Magnesium AZ80A-T6, Forged","['Nickel, Ni', '<= 0.0050 %', '<= 0.0050 %', '']","['Tensile Strength, Ultimate', '340 MPa', '49300 psi', '']","['Tensile Strength, Yield', '250 MPa', '36300 psi', '']","['Elongation at Break', '5.0 %', '5.0 %', 'in 50 mm']"
"Magnesium AZ80A-T6, Forged","['Silicon, Si', '<= 0.10 %', '<= 0.10 %', '']","['Tensile Strength, Ultimate', '340 MPa', '49300 psi', '']","['Tensile Strength, Yield', '250 MPa', '36300 psi', '']","['Elongation at Break', '5.0 %', '5.0 %', 'in 50 mm']"
"Magnesium AZ80A-T6, Forged","['Zinc, Zn', '0.20 - 0.80 %', '0.20 - 0.80 %', '']","['Tensile Strength, Ultimate', '340 MPa', '49300 psi', '']","['Tensile Strength, Yield', '250 MPa', '36300 psi', '']","['Elongation at Break', '5.0 %', '5.0 %', 'in 50 mm']"
"Magnesium AZ91C-T6, Cast","['Aluminum, Al', '8.1 - 9.3 %', '8.1 - 9.3 %', '']","['Tensile Strength, Ultimate', '275 MPa', '39900 psi', '']","['Tensile Strength, Yield', '150 MPa@Temperature -78.0 °C', '21800 psi@Temperature -108 °F', '']","['Elongation at Break', '6.0 %', '6.0 %', 'in 50 mm']"
"Magnesium AZ91C-T6, Cast","['Copper, Cu', '<= 0.10 %', '<= 0.10 %', '']","['Tensile Strength, Ultimate', '275 MPa', '39900 psi', '']","['Tensile Strength, Yield', '150 MPa@Temperature -78.0 °C', '21800 psi@Temperature -108 °F', '']","['Elongation at Break', '6.0 %', '6.0 %', 'in 50 mm']"
"Magnesium AZ91C-T6, Cast","['Magnesium, Mg', '90 %', '90 %', 'As Remainder']","['Tensile Strength, Ultimate', '275 MPa', '39900 psi', '']","['Tensile Strength, Yield', '150 MPa@Temperature -78.0 °C', '21800 psi@Temperature -108 °F', '']","['Elongation at Break', '6.0 %', '6.0 %', 'in 50 mm']"
"Magnesium AZ91C-T6, Cast","['Manganese, Mn', '>= 0.13 %', '>= 0.13 %', '']","['Tensile Strength, Ultimate', '275 MPa', '39900 psi', '']","['Tensile Strength, Yield', '150 MPa@Temperature -78.0 °C', '21800 psi@Temperature -108 °F', '']","['Elongation at Break', '6.0 %', '6.0 %', 'in 50 mm']"
"Magnesium AZ91C-T6, Cast","['Nickel, Ni', '<= 0.010 %', '<= 0.010 %', '']","['Tensile Strength, Ultimate', '275 MPa', '39900 psi', '']","['Tensile Strength, Yield', '150 MPa@Temperature -78.0 °C', '21800 psi@Temperature -108 °F', '']","['Elongation at Break', '6.0 %', '6.0 %', 'in 50 mm']"
"Magnesium AZ91C-T6, Cast","['Silicon, Si', '<= 0.30 %', '<= 0.30 %', '']","['Tensile Strength, Ultimate', '275 MPa', '39900 psi', '']","['Tensile Strength, Yield', '150 MPa@Temperature -78.0 °C', '21800 psi@Temperature -108 °F', '']","['Elongation at Break', '6.0 %', '6.0 %', 'in 50 mm']"
"Magnesium AZ91C-T6, Cast","['Zinc, Zn', '0.40 - 1.0 %', '0.40 - 1.0 %', '']","['Tensile Strength, Ultimate', '275 MPa', '39900 psi', '']","['Tensile Strength, Yield', '150 MPa@Temperature -78.0 °C', '21800 psi@Temperature -108 °F', '']","['Elongation at Break', '6.0 %', '6.0 %', 'in 50 mm']"
