Schmolz + Bickenbach UGIMA 304/304L® Stainless Steel Bar,"['Carbon, C', '<= 0.030 %', '<= 0.030 %', '']","['Tensile Strength, Yield', '241 - 379 MPa@Strain 0.200 %', '35000 - 55000 psi@Strain 0.200 %', 'Turned Bars']","['Elongation at Yield', '>= 40 %@Thickness <=25.4 mm', '>= 40 %@Thickness <=1.00 in', 'Cold Drawn Bars']","['Component Elements Properties', 'Metric', 'English', 'Comments']"
Schmolz + Bickenbach UGIMA 304/304L® Stainless Steel Bar,"['Chromium, Cr', '18 - 20 %', '18 - 20 %', '']","['Tensile Strength, Yield', '241 - 379 MPa@Strain 0.200 %', '35000 - 55000 psi@Strain 0.200 %', 'Turned Bars']","['Elongation at Yield', '>= 40 %@Thickness <=25.4 mm', '>= 40 %@Thickness <=1.00 in', 'Cold Drawn Bars']","['Component Elements Properties', 'Metric', 'English', 'Comments']"
Schmolz + Bickenbach UGIMA 304/304L® Stainless Steel Bar,"['Copper, Cu', '<= 1.0 %', '<= 1.0 %', '']","['Tensile Strength, Yield', '241 - 379 MPa@Strain 0.200 %', '35000 - 55000 psi@Strain 0.200 %', 'Turned Bars']","['Elongation at Yield', '>= 40 %@Thickness <=25.4 mm', '>= 40 %@Thickness <=1.00 in', 'Cold Drawn Bars']","['Component Elements Properties', 'Metric', 'English', 'Comments']"
Schmolz + Bickenbach UGIMA 304/304L® Stainless Steel Bar,"['Iron, Fe', '>= 61.8 %', '>= 61.8 %', '']","['Tensile Strength, Yield', '241 - 379 MPa@Strain 0.200 %', '35000 - 55000 psi@Strain 0.200 %', 'Turned Bars']","['Elongation at Yield', '>= 40 %@Thickness <=25.4 mm', '>= 40 %@Thickness <=1.00 in', 'Cold Drawn Bars']","['Component Elements Properties', 'Metric', 'English', 'Comments']"
Schmolz + Bickenbach UGIMA 304/304L® Stainless Steel Bar,"['Manganese, Mn', '<= 2.0 %', '<= 2.0 %', '']","['Tensile Strength, Yield', '241 - 379 MPa@Strain 0.200 %', '35000 - 55000 psi@Strain 0.200 %', 'Turned Bars']","['Elongation at Yield', '>= 40 %@Thickness <=25.4 mm', '>= 40 %@Thickness <=1.00 in', 'Cold Drawn Bars']","['Component Elements Properties', 'Metric', 'English', 'Comments']"
Schmolz + Bickenbach UGIMA 304/304L® Stainless Steel Bar,"['Molybdenum, Mo', '2.0 - 3.0 %', '2.0 - 3.0 %', '']","['Tensile Strength, Yield', '241 - 379 MPa@Strain 0.200 %', '35000 - 55000 psi@Strain 0.200 %', 'Turned Bars']","['Elongation at Yield', '>= 40 %@Thickness <=25.4 mm', '>= 40 %@Thickness <=1.00 in', 'Cold Drawn Bars']","['Component Elements Properties', 'Metric', 'English', 'Comments']"
Schmolz + Bickenbach UGIMA 304/304L® Stainless Steel Bar,"['Nickel, Ni', '8.0 - 11 %', '8.0 - 11 %', '']","['Tensile Strength, Yield', '241 - 379 MPa@Strain 0.200 %', '35000 - 55000 psi@Strain 0.200 %', 'Turned Bars']","['Elongation at Yield', '>= 40 %@Thickness <=25.4 mm', '>= 40 %@Thickness <=1.00 in', 'Cold Drawn Bars']","['Component Elements Properties', 'Metric', 'English', 'Comments']"
Schmolz + Bickenbach UGIMA 304/304L® Stainless Steel Bar,"['Nitrogen, N', '<= 1.0 %', '<= 1.0 %', '']","['Tensile Strength, Yield', '241 - 379 MPa@Strain 0.200 %', '35000 - 55000 psi@Strain 0.200 %', 'Turned Bars']","['Elongation at Yield', '>= 40 %@Thickness <=25.4 mm', '>= 40 %@Thickness <=1.00 in', 'Cold Drawn Bars']","['Component Elements Properties', 'Metric', 'English', 'Comments']"
Schmolz + Bickenbach UGIMA 304/304L® Stainless Steel Bar,"['Phosphorous, P', '<= 0.040 %', '<= 0.040 %', '']","['Tensile Strength, Yield', '241 - 379 MPa@Strain 0.200 %', '35000 - 55000 psi@Strain 0.200 %', 'Turned Bars']","['Elongation at Yield', '>= 40 %@Thickness <=25.4 mm', '>= 40 %@Thickness <=1.00 in', 'Cold Drawn Bars']","['Component Elements Properties', 'Metric', 'English', 'Comments']"
Schmolz + Bickenbach UGIMA 304/304L® Stainless Steel Bar,"['Silicon, Si', '<= 1.0 %', '<= 1.0 %', '']","['Tensile Strength, Yield', '241 - 379 MPa@Strain 0.200 %', '35000 - 55000 psi@Strain 0.200 %', 'Turned Bars']","['Elongation at Yield', '>= 40 %@Thickness <=25.4 mm', '>= 40 %@Thickness <=1.00 in', 'Cold Drawn Bars']","['Component Elements Properties', 'Metric', 'English', 'Comments']"
Schmolz + Bickenbach UGIMA 304/304L® Stainless Steel Bar,"['Sulfur, S', '<= 0.030 %', '<= 0.030 %', '']","['Tensile Strength, Yield', '241 - 379 MPa@Strain 0.200 %', '35000 - 55000 psi@Strain 0.200 %', 'Turned Bars']","['Elongation at Yield', '>= 40 %@Thickness <=25.4 mm', '>= 40 %@Thickness <=1.00 in', 'Cold Drawn Bars']","['Component Elements Properties', 'Metric', 'English', 'Comments']"
Schmolz + Bickenbach UGIMA 304/304L® Stainless Steel Bar,['Descriptive Properties'],"['Tensile Strength, Yield', '241 - 379 MPa@Strain 0.200 %', '35000 - 55000 psi@Strain 0.200 %', 'Turned Bars']","['Elongation at Yield', '>= 40 %@Thickness <=25.4 mm', '>= 40 %@Thickness <=1.00 in', 'Cold Drawn Bars']","['Component Elements Properties', 'Metric', 'English', 'Comments']"
Schmolz + Bickenbach UGIMA® 304 Cu Stainless Steel Bar,"['Carbon, C', '<= 0.10 %', '<= 0.10 %', '']","['Tensile Strength, Yield', '207 - 345 MPa@Strain 0.200 %, Thickness >=25.4 mm', '30000 - 50000 psi@Strain 0.200 %, Thickness >=1.00 in', 'Turned Bars']","['Elongation at Yield', '28 - 40 %@Thickness <=25.4 mm', '28 - 40 %@Thickness <=1.00 in', 'Cold Drawn Bars']","['Component Elements Properties', 'Metric', 'English', 'Comments']"
Schmolz + Bickenbach UGIMA® 304 Cu Stainless Steel Bar,"['Chromium, Cr', '17 - 19 %', '17 - 19 %', '']","['Tensile Strength, Yield', '207 - 345 MPa@Strain 0.200 %, Thickness >=25.4 mm', '30000 - 50000 psi@Strain 0.200 %, Thickness >=1.00 in', 'Turned Bars']","['Elongation at Yield', '28 - 40 %@Thickness <=25.4 mm', '28 - 40 %@Thickness <=1.00 in', 'Cold Drawn Bars']","['Component Elements Properties', 'Metric', 'English', 'Comments']"
Schmolz + Bickenbach UGIMA® 304 Cu Stainless Steel Bar,"['Copper, Cu', '3.0 - 4.0 %', '3.0 - 4.0 %', '']","['Tensile Strength, Yield', '207 - 345 MPa@Strain 0.200 %, Thickness >=25.4 mm', '30000 - 50000 psi@Strain 0.200 %, Thickness >=1.00 in', 'Turned Bars']","['Elongation at Yield', '28 - 40 %@Thickness <=25.4 mm', '28 - 40 %@Thickness <=1.00 in', 'Cold Drawn Bars']","['Component Elements Properties', 'Metric', 'English', 'Comments']"
Schmolz + Bickenbach UGIMA® 304 Cu Stainless Steel Bar,"['Iron, Fe', '>= 63.825 %', '>= 63.825 %', '']","['Tensile Strength, Yield', '207 - 345 MPa@Strain 0.200 %, Thickness >=25.4 mm', '30000 - 50000 psi@Strain 0.200 %, Thickness >=1.00 in', 'Turned Bars']","['Elongation at Yield', '28 - 40 %@Thickness <=25.4 mm', '28 - 40 %@Thickness <=1.00 in', 'Cold Drawn Bars']","['Component Elements Properties', 'Metric', 'English', 'Comments']"
Schmolz + Bickenbach UGIMA® 304 Cu Stainless Steel Bar,"['Manganese, Mn', '<= 2.0 %', '<= 2.0 %', '']","['Tensile Strength, Yield', '207 - 345 MPa@Strain 0.200 %, Thickness >=25.4 mm', '30000 - 50000 psi@Strain 0.200 %, Thickness >=1.00 in', 'Turned Bars']","['Elongation at Yield', '28 - 40 %@Thickness <=25.4 mm', '28 - 40 %@Thickness <=1.00 in', 'Cold Drawn Bars']","['Component Elements Properties', 'Metric', 'English', 'Comments']"
Schmolz + Bickenbach UGIMA® 304 Cu Stainless Steel Bar,"['Nickel, Ni', '8.0 - 10 %', '8.0 - 10 %', '']","['Tensile Strength, Yield', '207 - 345 MPa@Strain 0.200 %, Thickness >=25.4 mm', '30000 - 50000 psi@Strain 0.200 %, Thickness >=1.00 in', 'Turned Bars']","['Elongation at Yield', '28 - 40 %@Thickness <=25.4 mm', '28 - 40 %@Thickness <=1.00 in', 'Cold Drawn Bars']","['Component Elements Properties', 'Metric', 'English', 'Comments']"
Schmolz + Bickenbach UGIMA® 304 Cu Stainless Steel Bar,"['Phosphorous, P', '<= 0.045 %', '<= 0.045 %', '']","['Tensile Strength, Yield', '207 - 345 MPa@Strain 0.200 %, Thickness >=25.4 mm', '30000 - 50000 psi@Strain 0.200 %, Thickness >=1.00 in', 'Turned Bars']","['Elongation at Yield', '28 - 40 %@Thickness <=25.4 mm', '28 - 40 %@Thickness <=1.00 in', 'Cold Drawn Bars']","['Component Elements Properties', 'Metric', 'English', 'Comments']"
Schmolz + Bickenbach UGIMA® 304 Cu Stainless Steel Bar,"['Silicon, Si', '<= 1.0 %', '<= 1.0 %', '']","['Tensile Strength, Yield', '207 - 345 MPa@Strain 0.200 %, Thickness >=25.4 mm', '30000 - 50000 psi@Strain 0.200 %, Thickness >=1.00 in', 'Turned Bars']","['Elongation at Yield', '28 - 40 %@Thickness <=25.4 mm', '28 - 40 %@Thickness <=1.00 in', 'Cold Drawn Bars']","['Component Elements Properties', 'Metric', 'English', 'Comments']"
Schmolz + Bickenbach UGIMA® 304 Cu Stainless Steel Bar,"['Sulfur, S', '<= 0.030 %', '<= 0.030 %', '']","['Tensile Strength, Yield', '207 - 345 MPa@Strain 0.200 %, Thickness >=25.4 mm', '30000 - 50000 psi@Strain 0.200 %, Thickness >=1.00 in', 'Turned Bars']","['Elongation at Yield', '28 - 40 %@Thickness <=25.4 mm', '28 - 40 %@Thickness <=1.00 in', 'Cold Drawn Bars']","['Component Elements Properties', 'Metric', 'English', 'Comments']"
Schmolz + Bickenbach UGIMA® 304 Cu Stainless Steel Bar,['Descriptive Properties'],"['Tensile Strength, Yield', '207 - 345 MPa@Strain 0.200 %, Thickness >=25.4 mm', '30000 - 50000 psi@Strain 0.200 %, Thickness >=1.00 in', 'Turned Bars']","['Elongation at Yield', '28 - 40 %@Thickness <=25.4 mm', '28 - 40 %@Thickness <=1.00 in', 'Cold Drawn Bars']","['Component Elements Properties', 'Metric', 'English', 'Comments']"
Schmolz + Bickenbach UGIMA® 316/316L Stainless Steel Bar,"['Carbon, C', '<= 0.030 %', '<= 0.030 %', '']","['Tensile Strength, Yield', '>= 207 MPa@Strain 0.200 %, Thickness >=25.4 mm', '>= 30000 psi@Strain 0.200 %, Thickness >=1.00 in', 'Turned Bars']","['Elongation at Yield', '>= 30 %@Thickness <=25.4 mm', '>= 30 %@Thickness <=1.00 in', 'Cold Drawn Bars']","['Component Elements Properties', 'Metric', 'English', 'Comments']"
Schmolz + Bickenbach UGIMA® 316/316L Stainless Steel Bar,"['Chromium, Cr', '16.5 - 18 %', '16.5 - 18 %', '']","['Tensile Strength, Yield', '>= 207 MPa@Strain 0.200 %, Thickness >=25.4 mm', '>= 30000 psi@Strain 0.200 %, Thickness >=1.00 in', 'Turned Bars']","['Elongation at Yield', '>= 30 %@Thickness <=25.4 mm', '>= 30 %@Thickness <=1.00 in', 'Cold Drawn Bars']","['Component Elements Properties', 'Metric', 'English', 'Comments']"
Schmolz + Bickenbach UGIMA® 316/316L Stainless Steel Bar,"['Iron, Fe', '>= 63.545 %', '>= 63.545 %', '']","['Tensile Strength, Yield', '>= 207 MPa@Strain 0.200 %, Thickness >=25.4 mm', '>= 30000 psi@Strain 0.200 %, Thickness >=1.00 in', 'Turned Bars']","['Elongation at Yield', '>= 30 %@Thickness <=25.4 mm', '>= 30 %@Thickness <=1.00 in', 'Cold Drawn Bars']","['Component Elements Properties', 'Metric', 'English', 'Comments']"
Schmolz + Bickenbach UGIMA® 316/316L Stainless Steel Bar,"['Manganese, Mn', '<= 2.0 %', '<= 2.0 %', '']","['Tensile Strength, Yield', '>= 207 MPa@Strain 0.200 %, Thickness >=25.4 mm', '>= 30000 psi@Strain 0.200 %, Thickness >=1.00 in', 'Turned Bars']","['Elongation at Yield', '>= 30 %@Thickness <=25.4 mm', '>= 30 %@Thickness <=1.00 in', 'Cold Drawn Bars']","['Component Elements Properties', 'Metric', 'English', 'Comments']"
Schmolz + Bickenbach UGIMA® 316/316L Stainless Steel Bar,"['Molybdenum, Mo', '2.0 - 2.5 %', '2.0 - 2.5 %', '']","['Tensile Strength, Yield', '>= 207 MPa@Strain 0.200 %, Thickness >=25.4 mm', '>= 30000 psi@Strain 0.200 %, Thickness >=1.00 in', 'Turned Bars']","['Elongation at Yield', '>= 30 %@Thickness <=25.4 mm', '>= 30 %@Thickness <=1.00 in', 'Cold Drawn Bars']","['Component Elements Properties', 'Metric', 'English', 'Comments']"
Schmolz + Bickenbach UGIMA® 316/316L Stainless Steel Bar,"['Nickel, Ni', '10.5 - 13 %', '10.5 - 13 %', '']","['Tensile Strength, Yield', '>= 207 MPa@Strain 0.200 %, Thickness >=25.4 mm', '>= 30000 psi@Strain 0.200 %, Thickness >=1.00 in', 'Turned Bars']","['Elongation at Yield', '>= 30 %@Thickness <=25.4 mm', '>= 30 %@Thickness <=1.00 in', 'Cold Drawn Bars']","['Component Elements Properties', 'Metric', 'English', 'Comments']"
Schmolz + Bickenbach UGIMA® 316/316L Stainless Steel Bar,"['Nitrogen, N', '<= 0.10 %', '<= 0.10 %', '']","['Tensile Strength, Yield', '>= 207 MPa@Strain 0.200 %, Thickness >=25.4 mm', '>= 30000 psi@Strain 0.200 %, Thickness >=1.00 in', 'Turned Bars']","['Elongation at Yield', '>= 30 %@Thickness <=25.4 mm', '>= 30 %@Thickness <=1.00 in', 'Cold Drawn Bars']","['Component Elements Properties', 'Metric', 'English', 'Comments']"
Schmolz + Bickenbach UGIMA® 316/316L Stainless Steel Bar,"['Phosphorous, P', '<= 0.045 %', '<= 0.045 %', '']","['Tensile Strength, Yield', '>= 207 MPa@Strain 0.200 %, Thickness >=25.4 mm', '>= 30000 psi@Strain 0.200 %, Thickness >=1.00 in', 'Turned Bars']","['Elongation at Yield', '>= 30 %@Thickness <=25.4 mm', '>= 30 %@Thickness <=1.00 in', 'Cold Drawn Bars']","['Component Elements Properties', 'Metric', 'English', 'Comments']"
Schmolz + Bickenbach UGIMA® 316/316L Stainless Steel Bar,"['Silicon, Si', '<= 0.75 %', '<= 0.75 %', '']","['Tensile Strength, Yield', '>= 207 MPa@Strain 0.200 %, Thickness >=25.4 mm', '>= 30000 psi@Strain 0.200 %, Thickness >=1.00 in', 'Turned Bars']","['Elongation at Yield', '>= 30 %@Thickness <=25.4 mm', '>= 30 %@Thickness <=1.00 in', 'Cold Drawn Bars']","['Component Elements Properties', 'Metric', 'English', 'Comments']"
Schmolz + Bickenbach UGIMA® 316/316L Stainless Steel Bar,"['Sulfur, S', '<= 0.030 %', '<= 0.030 %', '']","['Tensile Strength, Yield', '>= 207 MPa@Strain 0.200 %, Thickness >=25.4 mm', '>= 30000 psi@Strain 0.200 %, Thickness >=1.00 in', 'Turned Bars']","['Elongation at Yield', '>= 30 %@Thickness <=25.4 mm', '>= 30 %@Thickness <=1.00 in', 'Cold Drawn Bars']","['Component Elements Properties', 'Metric', 'English', 'Comments']"
Schmolz + Bickenbach UGIMA® 316/316L Stainless Steel Bar,['Descriptive Properties'],"['Tensile Strength, Yield', '>= 207 MPa@Strain 0.200 %, Thickness >=25.4 mm', '>= 30000 psi@Strain 0.200 %, Thickness >=1.00 in', 'Turned Bars']","['Elongation at Yield', '>= 30 %@Thickness <=25.4 mm', '>= 30 %@Thickness <=1.00 in', 'Cold Drawn Bars']","['Component Elements Properties', 'Metric', 'English', 'Comments']"
Schmolz + Bickenbach 416 Stainless Steel Bar,"['Carbon, C', '<= 0.15 %', '<= 0.15 %', '']","['Tensile Strength, Yield', '758 - 896 MPa@Strain 0.200 %', '110000 - 130000 psi@Strain 0.200 %', 'Heat Treatment (Condition T HRc 26-32)']","['Elongation at Yield', '>= 40 %', '>= 40 %', 'Heat Treatment (Condition T HRc 26-32)']","['Component Elements Properties', 'Metric', 'English', 'Comments']"
Schmolz + Bickenbach 416 Stainless Steel Bar,"['Chromium, Cr', '12 - 14 %', '12 - 14 %', '']","['Tensile Strength, Yield', '758 - 896 MPa@Strain 0.200 %', '110000 - 130000 psi@Strain 0.200 %', 'Heat Treatment (Condition T HRc 26-32)']","['Elongation at Yield', '>= 40 %', '>= 40 %', 'Heat Treatment (Condition T HRc 26-32)']","['Component Elements Properties', 'Metric', 'English', 'Comments']"
Schmolz + Bickenbach 416 Stainless Steel Bar,"['Copper, Cu', '<= 0.50 %', '<= 0.50 %', '']","['Tensile Strength, Yield', '758 - 896 MPa@Strain 0.200 %', '110000 - 130000 psi@Strain 0.200 %', 'Heat Treatment (Condition T HRc 26-32)']","['Elongation at Yield', '>= 40 %', '>= 40 %', 'Heat Treatment (Condition T HRc 26-32)']","['Component Elements Properties', 'Metric', 'English', 'Comments']"
Schmolz + Bickenbach 416 Stainless Steel Bar,"['Iron, Fe', '>= 81.84 %', '>= 81.84 %', '']","['Tensile Strength, Yield', '758 - 896 MPa@Strain 0.200 %', '110000 - 130000 psi@Strain 0.200 %', 'Heat Treatment (Condition T HRc 26-32)']","['Elongation at Yield', '>= 40 %', '>= 40 %', 'Heat Treatment (Condition T HRc 26-32)']","['Component Elements Properties', 'Metric', 'English', 'Comments']"
Schmolz + Bickenbach 416 Stainless Steel Bar,"['Manganese, Mn', '<= 1.25 %', '<= 1.25 %', '']","['Tensile Strength, Yield', '758 - 896 MPa@Strain 0.200 %', '110000 - 130000 psi@Strain 0.200 %', 'Heat Treatment (Condition T HRc 26-32)']","['Elongation at Yield', '>= 40 %', '>= 40 %', 'Heat Treatment (Condition T HRc 26-32)']","['Component Elements Properties', 'Metric', 'English', 'Comments']"
Schmolz + Bickenbach 416 Stainless Steel Bar,"['Molybdenum, Mo', '<= 0.60 %', '<= 0.60 %', '']","['Tensile Strength, Yield', '758 - 896 MPa@Strain 0.200 %', '110000 - 130000 psi@Strain 0.200 %', 'Heat Treatment (Condition T HRc 26-32)']","['Elongation at Yield', '>= 40 %', '>= 40 %', 'Heat Treatment (Condition T HRc 26-32)']","['Component Elements Properties', 'Metric', 'English', 'Comments']"
Schmolz + Bickenbach 416 Stainless Steel Bar,"['Phosphorous, P', '<= 0.060 %', '<= 0.060 %', '']","['Tensile Strength, Yield', '758 - 896 MPa@Strain 0.200 %', '110000 - 130000 psi@Strain 0.200 %', 'Heat Treatment (Condition T HRc 26-32)']","['Elongation at Yield', '>= 40 %', '>= 40 %', 'Heat Treatment (Condition T HRc 26-32)']","['Component Elements Properties', 'Metric', 'English', 'Comments']"
Schmolz + Bickenbach 416 Stainless Steel Bar,"['Silicon, Si', '<= 1.0 %', '<= 1.0 %', '']","['Tensile Strength, Yield', '758 - 896 MPa@Strain 0.200 %', '110000 - 130000 psi@Strain 0.200 %', 'Heat Treatment (Condition T HRc 26-32)']","['Elongation at Yield', '>= 40 %', '>= 40 %', 'Heat Treatment (Condition T HRc 26-32)']","['Component Elements Properties', 'Metric', 'English', 'Comments']"
Schmolz + Bickenbach 416 Stainless Steel Bar,"['Sulfur, S', '>= 0.15 %', '>= 0.15 %', '']","['Tensile Strength, Yield', '758 - 896 MPa@Strain 0.200 %', '110000 - 130000 psi@Strain 0.200 %', 'Heat Treatment (Condition T HRc 26-32)']","['Elongation at Yield', '>= 40 %', '>= 40 %', 'Heat Treatment (Condition T HRc 26-32)']","['Component Elements Properties', 'Metric', 'English', 'Comments']"
Schmolz + Bickenbach 416 Stainless Steel Bar,"['Zirconium, Zr', '<= 0.60 %', '<= 0.60 %', '']","['Tensile Strength, Yield', '758 - 896 MPa@Strain 0.200 %', '110000 - 130000 psi@Strain 0.200 %', 'Heat Treatment (Condition T HRc 26-32)']","['Elongation at Yield', '>= 40 %', '>= 40 %', 'Heat Treatment (Condition T HRc 26-32)']","['Component Elements Properties', 'Metric', 'English', 'Comments']"
Schmolz + Bickenbach 416 Stainless Steel Bar,['Descriptive Properties'],"['Tensile Strength, Yield', '758 - 896 MPa@Strain 0.200 %', '110000 - 130000 psi@Strain 0.200 %', 'Heat Treatment (Condition T HRc 26-32)']","['Elongation at Yield', '>= 40 %', '>= 40 %', 'Heat Treatment (Condition T HRc 26-32)']","['Component Elements Properties', 'Metric', 'English', 'Comments']"
Schmolz + Bickenbach 430FR Stainless Steel Bar,"['Carbon, C', '<= 0.065 %', '<= 0.065 %', '']","['Tensile Strength, Yield', '310 - 448 MPa@Strain 0.200 %', '45000 - 65000 psi@Strain 0.200 %', 'Magnetically Annealed (Grade 1)']","['Elongation at Yield', '>= 25 %', '>= 25 %', 'Magnetically Annealed (Grade 1)']","['Component Elements Properties', 'Metric', 'English', 'Comments']"
Schmolz + Bickenbach 430FR Stainless Steel Bar,"['Chromium, Cr', '17.25 - 18.25 %', '17.25 - 18.25 %', '']","['Tensile Strength, Yield', '310 - 448 MPa@Strain 0.200 %', '45000 - 65000 psi@Strain 0.200 %', 'Magnetically Annealed (Grade 1)']","['Elongation at Yield', '>= 25 %', '>= 25 %', 'Magnetically Annealed (Grade 1)']","['Component Elements Properties', 'Metric', 'English', 'Comments']"
Schmolz + Bickenbach 430FR Stainless Steel Bar,"['Iron, Fe', '>= 77.855 %', '>= 77.855 %', '']","['Tensile Strength, Yield', '310 - 448 MPa@Strain 0.200 %', '45000 - 65000 psi@Strain 0.200 %', 'Magnetically Annealed (Grade 1)']","['Elongation at Yield', '>= 25 %', '>= 25 %', 'Magnetically Annealed (Grade 1)']","['Component Elements Properties', 'Metric', 'English', 'Comments']"
Schmolz + Bickenbach 430FR Stainless Steel Bar,"['Manganese, Mn', '<= 0.80 %', '<= 0.80 %', '']","['Tensile Strength, Yield', '310 - 448 MPa@Strain 0.200 %', '45000 - 65000 psi@Strain 0.200 %', 'Magnetically Annealed (Grade 1)']","['Elongation at Yield', '>= 25 %', '>= 25 %', 'Magnetically Annealed (Grade 1)']","['Component Elements Properties', 'Metric', 'English', 'Comments']"
Schmolz + Bickenbach 430FR Stainless Steel Bar,"['Molybdenum, Mo', '<= 0.50 %', '<= 0.50 %', '']","['Tensile Strength, Yield', '310 - 448 MPa@Strain 0.200 %', '45000 - 65000 psi@Strain 0.200 %', 'Magnetically Annealed (Grade 1)']","['Elongation at Yield', '>= 25 %', '>= 25 %', 'Magnetically Annealed (Grade 1)']","['Component Elements Properties', 'Metric', 'English', 'Comments']"
Schmolz + Bickenbach 430FR Stainless Steel Bar,"['Nickel, Ni', '<= 0.60 %', '<= 0.60 %', '']","['Tensile Strength, Yield', '310 - 448 MPa@Strain 0.200 %', '45000 - 65000 psi@Strain 0.200 %', 'Magnetically Annealed (Grade 1)']","['Elongation at Yield', '>= 25 %', '>= 25 %', 'Magnetically Annealed (Grade 1)']","['Component Elements Properties', 'Metric', 'English', 'Comments']"
Schmolz + Bickenbach 430FR Stainless Steel Bar,"['Phosphorous, P', '<= 0.030 %', '<= 0.030 %', '']","['Tensile Strength, Yield', '310 - 448 MPa@Strain 0.200 %', '45000 - 65000 psi@Strain 0.200 %', 'Magnetically Annealed (Grade 1)']","['Elongation at Yield', '>= 25 %', '>= 25 %', 'Magnetically Annealed (Grade 1)']","['Component Elements Properties', 'Metric', 'English', 'Comments']"
Schmolz + Bickenbach 430FR Stainless Steel Bar,"['Silicon, Si', '1.0 - 1.5 %', '1.0 - 1.5 %', '']","['Tensile Strength, Yield', '310 - 448 MPa@Strain 0.200 %', '45000 - 65000 psi@Strain 0.200 %', 'Magnetically Annealed (Grade 1)']","['Elongation at Yield', '>= 25 %', '>= 25 %', 'Magnetically Annealed (Grade 1)']","['Component Elements Properties', 'Metric', 'English', 'Comments']"
Schmolz + Bickenbach 430FR Stainless Steel Bar,"['Sulfur, S', '0.25 - 4.0 %', '0.25 - 4.0 %', '']","['Tensile Strength, Yield', '310 - 448 MPa@Strain 0.200 %', '45000 - 65000 psi@Strain 0.200 %', 'Magnetically Annealed (Grade 1)']","['Elongation at Yield', '>= 25 %', '>= 25 %', 'Magnetically Annealed (Grade 1)']","['Component Elements Properties', 'Metric', 'English', 'Comments']"
Schmolz + Bickenbach 430FR Stainless Steel Bar,['Descriptive Properties'],"['Tensile Strength, Yield', '310 - 448 MPa@Strain 0.200 %', '45000 - 65000 psi@Strain 0.200 %', 'Magnetically Annealed (Grade 1)']","['Elongation at Yield', '>= 25 %', '>= 25 %', 'Magnetically Annealed (Grade 1)']","['Component Elements Properties', 'Metric', 'English', 'Comments']"
Schmolz + Bickenbach UGIMA® 630 Stainless Steel Bar,"['Carbon, C', '<= 0.070 %', '<= 0.070 %', '']","['Tensile Strength, Yield', '>= 517 MPa', '>= 75000 psi', '1400°F for 2 hrs and 1150°F for 4 hrs']","['Elongation at Yield', '>= 18 %', '>= 18 %', '1400°F for 2 hrs and 1150°F for 4 hrs']","['Component Elements Properties', 'Metric', 'English', 'Comments']"
Schmolz + Bickenbach UGIMA® 630 Stainless Steel Bar,"['Chromium, Cr', '15 - 17.5 %', '15 - 17.5 %', '']","['Tensile Strength, Yield', '>= 517 MPa', '>= 75000 psi', '1400°F for 2 hrs and 1150°F for 4 hrs']","['Elongation at Yield', '>= 18 %', '>= 18 %', '1400°F for 2 hrs and 1150°F for 4 hrs']","['Component Elements Properties', 'Metric', 'English', 'Comments']"
Schmolz + Bickenbach UGIMA® 630 Stainless Steel Bar,"['Copper, Cu', '3.0 - 4.0 %', '3.0 - 4.0 %', '']","['Tensile Strength, Yield', '>= 517 MPa', '>= 75000 psi', '1400°F for 2 hrs and 1150°F for 4 hrs']","['Elongation at Yield', '>= 18 %', '>= 18 %', '1400°F for 2 hrs and 1150°F for 4 hrs']","['Component Elements Properties', 'Metric', 'English', 'Comments']"
Schmolz + Bickenbach UGIMA® 630 Stainless Steel Bar,"['Iron, Fe', '>= 70.46 %', '>= 70.46 %', '']","['Tensile Strength, Yield', '>= 517 MPa', '>= 75000 psi', '1400°F for 2 hrs and 1150°F for 4 hrs']","['Elongation at Yield', '>= 18 %', '>= 18 %', '1400°F for 2 hrs and 1150°F for 4 hrs']","['Component Elements Properties', 'Metric', 'English', 'Comments']"
Schmolz + Bickenbach UGIMA® 630 Stainless Steel Bar,"['Manganese, Mn', '<= 1.0 %', '<= 1.0 %', '']","['Tensile Strength, Yield', '>= 517 MPa', '>= 75000 psi', '1400°F for 2 hrs and 1150°F for 4 hrs']","['Elongation at Yield', '>= 18 %', '>= 18 %', '1400°F for 2 hrs and 1150°F for 4 hrs']","['Component Elements Properties', 'Metric', 'English', 'Comments']"
Schmolz + Bickenbach UGIMA® 630 Stainless Steel Bar,"['Nickel, Ni', '3.0 - 5.0 %', '3.0 - 5.0 %', '']","['Tensile Strength, Yield', '>= 517 MPa', '>= 75000 psi', '1400°F for 2 hrs and 1150°F for 4 hrs']","['Elongation at Yield', '>= 18 %', '>= 18 %', '1400°F for 2 hrs and 1150°F for 4 hrs']","['Component Elements Properties', 'Metric', 'English', 'Comments']"
Schmolz + Bickenbach UGIMA® 630 Stainless Steel Bar,"['Niobium, Nb (Columbium, Cb)', '0.15 - 0.45 %', '0.15 - 0.45 %', '']","['Tensile Strength, Yield', '>= 517 MPa', '>= 75000 psi', '1400°F for 2 hrs and 1150°F for 4 hrs']","['Elongation at Yield', '>= 18 %', '>= 18 %', '1400°F for 2 hrs and 1150°F for 4 hrs']","['Component Elements Properties', 'Metric', 'English', 'Comments']"
Schmolz + Bickenbach UGIMA® 630 Stainless Steel Bar,"['Phosphorous, P', '<= 0.040 %', '<= 0.040 %', '']","['Tensile Strength, Yield', '>= 517 MPa', '>= 75000 psi', '1400°F for 2 hrs and 1150°F for 4 hrs']","['Elongation at Yield', '>= 18 %', '>= 18 %', '1400°F for 2 hrs and 1150°F for 4 hrs']","['Component Elements Properties', 'Metric', 'English', 'Comments']"
Schmolz + Bickenbach UGIMA® 630 Stainless Steel Bar,"['Silicon, Si', '<= 1.0 %', '<= 1.0 %', '']","['Tensile Strength, Yield', '>= 517 MPa', '>= 75000 psi', '1400°F for 2 hrs and 1150°F for 4 hrs']","['Elongation at Yield', '>= 18 %', '>= 18 %', '1400°F for 2 hrs and 1150°F for 4 hrs']","['Component Elements Properties', 'Metric', 'English', 'Comments']"
Schmolz + Bickenbach UGIMA® 630 Stainless Steel Bar,"['Sulfur, S', '<= 0.030 %', '<= 0.030 %', '']","['Tensile Strength, Yield', '>= 517 MPa', '>= 75000 psi', '1400°F for 2 hrs and 1150°F for 4 hrs']","['Elongation at Yield', '>= 18 %', '>= 18 %', '1400°F for 2 hrs and 1150°F for 4 hrs']","['Component Elements Properties', 'Metric', 'English', 'Comments']"
Schmolz + Bickenbach UGIMA® 630 Stainless Steel Bar,"['Tantalum, Ta', '0.15 - 0.45 %', '0.15 - 0.45 %', '']","['Tensile Strength, Yield', '>= 517 MPa', '>= 75000 psi', '1400°F for 2 hrs and 1150°F for 4 hrs']","['Elongation at Yield', '>= 18 %', '>= 18 %', '1400°F for 2 hrs and 1150°F for 4 hrs']","['Component Elements Properties', 'Metric', 'English', 'Comments']"
Schmolz + Bickenbach UGIMA® 630 Stainless Steel Bar,['Descriptive Properties'],"['Tensile Strength, Yield', '>= 517 MPa', '>= 75000 psi', '1400°F for 2 hrs and 1150°F for 4 hrs']","['Elongation at Yield', '>= 18 %', '>= 18 %', '1400°F for 2 hrs and 1150°F for 4 hrs']","['Component Elements Properties', 'Metric', 'English', 'Comments']"
Schmolz + Bickenbach IMRE™ Stainless Steel Bar,"['Aluminum, Al', '<= 0.025 %', '<= 0.025 %', '']","['Tensile Strength, Yield', '345 - 517 MPa@Strain 0.200 %, Thickness <=25.4 mm', '50000 - 75000 psi@Strain 0.200 %, Thickness <=1.00 in', 'Cold Drawn Bars']","['Elongation at Yield', '>= 30 %@Thickness <=25.4 mm', '>= 30 %@Thickness <=1.00 in', 'Cold Drawn Bars']","['Component Elements Properties', 'Metric', 'English', 'Comments']"
Schmolz + Bickenbach IMRE™ Stainless Steel Bar,"['Carbon, C', '<= 0.030 %', '<= 0.030 %', '']","['Tensile Strength, Yield', '345 - 517 MPa@Strain 0.200 %, Thickness <=25.4 mm', '50000 - 75000 psi@Strain 0.200 %, Thickness <=1.00 in', 'Cold Drawn Bars']","['Elongation at Yield', '>= 30 %@Thickness <=25.4 mm', '>= 30 %@Thickness <=1.00 in', 'Cold Drawn Bars']","['Component Elements Properties', 'Metric', 'English', 'Comments']"
Schmolz + Bickenbach IMRE™ Stainless Steel Bar,"['Chromium, Cr', '17.5 - 18 %', '17.5 - 18 %', '']","['Tensile Strength, Yield', '345 - 517 MPa@Strain 0.200 %, Thickness <=25.4 mm', '50000 - 75000 psi@Strain 0.200 %, Thickness <=1.00 in', 'Cold Drawn Bars']","['Elongation at Yield', '>= 30 %@Thickness <=25.4 mm', '>= 30 %@Thickness <=1.00 in', 'Cold Drawn Bars']","['Component Elements Properties', 'Metric', 'English', 'Comments']"
Schmolz + Bickenbach IMRE™ Stainless Steel Bar,"['Iron, Fe', '>= 77 %', '>= 77 %', '']","['Tensile Strength, Yield', '345 - 517 MPa@Strain 0.200 %, Thickness <=25.4 mm', '50000 - 75000 psi@Strain 0.200 %, Thickness <=1.00 in', 'Cold Drawn Bars']","['Elongation at Yield', '>= 30 %@Thickness <=25.4 mm', '>= 30 %@Thickness <=1.00 in', 'Cold Drawn Bars']","['Component Elements Properties', 'Metric', 'English', 'Comments']"
Schmolz + Bickenbach IMRE™ Stainless Steel Bar,"['Manganese, Mn', '<= 1.0 %', '<= 1.0 %', '']","['Tensile Strength, Yield', '345 - 517 MPa@Strain 0.200 %, Thickness <=25.4 mm', '50000 - 75000 psi@Strain 0.200 %, Thickness <=1.00 in', 'Cold Drawn Bars']","['Elongation at Yield', '>= 30 %@Thickness <=25.4 mm', '>= 30 %@Thickness <=1.00 in', 'Cold Drawn Bars']","['Component Elements Properties', 'Metric', 'English', 'Comments']"
Schmolz + Bickenbach IMRE™ Stainless Steel Bar,"['Molybdenum, Mo', '1.5 - 2.0 %', '1.5 - 2.0 %', '']","['Tensile Strength, Yield', '345 - 517 MPa@Strain 0.200 %, Thickness <=25.4 mm', '50000 - 75000 psi@Strain 0.200 %, Thickness <=1.00 in', 'Cold Drawn Bars']","['Elongation at Yield', '>= 30 %@Thickness <=25.4 mm', '>= 30 %@Thickness <=1.00 in', 'Cold Drawn Bars']","['Component Elements Properties', 'Metric', 'English', 'Comments']"
Schmolz + Bickenbach IMRE™ Stainless Steel Bar,"['Nickel, Ni', '>= 0.50 %', '>= 0.50 %', '']","['Tensile Strength, Yield', '345 - 517 MPa@Strain 0.200 %, Thickness <=25.4 mm', '50000 - 75000 psi@Strain 0.200 %, Thickness <=1.00 in', 'Cold Drawn Bars']","['Elongation at Yield', '>= 30 %@Thickness <=25.4 mm', '>= 30 %@Thickness <=1.00 in', 'Cold Drawn Bars']","['Component Elements Properties', 'Metric', 'English', 'Comments']"
Schmolz + Bickenbach IMRE™ Stainless Steel Bar,"['Phosphorous, P', '<= 0.045 %', '<= 0.045 %', '']","['Tensile Strength, Yield', '345 - 517 MPa@Strain 0.200 %, Thickness <=25.4 mm', '50000 - 75000 psi@Strain 0.200 %, Thickness <=1.00 in', 'Cold Drawn Bars']","['Elongation at Yield', '>= 30 %@Thickness <=25.4 mm', '>= 30 %@Thickness <=1.00 in', 'Cold Drawn Bars']","['Component Elements Properties', 'Metric', 'English', 'Comments']"
Schmolz + Bickenbach IMRE™ Stainless Steel Bar,"['Silicon, Si', '1.2 - 1.6 %', '1.2 - 1.6 %', '']","['Tensile Strength, Yield', '345 - 517 MPa@Strain 0.200 %, Thickness <=25.4 mm', '50000 - 75000 psi@Strain 0.200 %, Thickness <=1.00 in', 'Cold Drawn Bars']","['Elongation at Yield', '>= 30 %@Thickness <=25.4 mm', '>= 30 %@Thickness <=1.00 in', 'Cold Drawn Bars']","['Component Elements Properties', 'Metric', 'English', 'Comments']"
Schmolz + Bickenbach IMRE™ Stainless Steel Bar,"['Sulfur, S', '0.20 - 0.30 %', '0.20 - 0.30 %', '']","['Tensile Strength, Yield', '345 - 517 MPa@Strain 0.200 %, Thickness <=25.4 mm', '50000 - 75000 psi@Strain 0.200 %, Thickness <=1.00 in', 'Cold Drawn Bars']","['Elongation at Yield', '>= 30 %@Thickness <=25.4 mm', '>= 30 %@Thickness <=1.00 in', 'Cold Drawn Bars']","['Component Elements Properties', 'Metric', 'English', 'Comments']"
Schmolz + Bickenbach IMRE™ Stainless Steel Bar,['Descriptive Properties'],"['Tensile Strength, Yield', '345 - 517 MPa@Strain 0.200 %, Thickness <=25.4 mm', '50000 - 75000 psi@Strain 0.200 %, Thickness <=1.00 in', 'Cold Drawn Bars']","['Elongation at Yield', '>= 30 %@Thickness <=25.4 mm', '>= 30 %@Thickness <=1.00 in', 'Cold Drawn Bars']","['Component Elements Properties', 'Metric', 'English', 'Comments']"
Schmolz + Bickenbach LeanDup™ 35N Stainless Steel Bar,"['Carbon, C', '<= 0.030 %', '<= 0.030 %', '']","['Tensile Strength, Yield', '379 - 552 MPa@Strain 0.200 %', '55000 - 80000 psi@Strain 0.200 %', 'Annealed Bar']","['Elongation at Yield', '2.0 %', '2.0 %', '80% Reduction of Section']","['Component Elements Properties', 'Metric', 'English', 'Comments']"
Schmolz + Bickenbach LeanDup™ 35N Stainless Steel Bar,"['Chromium, Cr', '22 - 24 %', '22 - 24 %', '']","['Tensile Strength, Yield', '379 - 552 MPa@Strain 0.200 %', '55000 - 80000 psi@Strain 0.200 %', 'Annealed Bar']","['Elongation at Yield', '2.0 %', '2.0 %', '80% Reduction of Section']","['Component Elements Properties', 'Metric', 'English', 'Comments']"
Schmolz + Bickenbach LeanDup™ 35N Stainless Steel Bar,"['Copper, Cu', '0.10 - 0.60 %', '0.10 - 0.60 %', '']","['Tensile Strength, Yield', '379 - 552 MPa@Strain 0.200 %', '55000 - 80000 psi@Strain 0.200 %', 'Annealed Bar']","['Elongation at Yield', '2.0 %', '2.0 %', '80% Reduction of Section']","['Component Elements Properties', 'Metric', 'English', 'Comments']"
Schmolz + Bickenbach LeanDup™ 35N Stainless Steel Bar,"['Iron, Fe', '>= 66.02 %', '>= 66.02 %', '']","['Tensile Strength, Yield', '379 - 552 MPa@Strain 0.200 %', '55000 - 80000 psi@Strain 0.200 %', 'Annealed Bar']","['Elongation at Yield', '2.0 %', '2.0 %', '80% Reduction of Section']","['Component Elements Properties', 'Metric', 'English', 'Comments']"
Schmolz + Bickenbach LeanDup™ 35N Stainless Steel Bar,"['Manganese, Mn', '<= 2.0 %', '<= 2.0 %', '']","['Tensile Strength, Yield', '379 - 552 MPa@Strain 0.200 %', '55000 - 80000 psi@Strain 0.200 %', 'Annealed Bar']","['Elongation at Yield', '2.0 %', '2.0 %', '80% Reduction of Section']","['Component Elements Properties', 'Metric', 'English', 'Comments']"
Schmolz + Bickenbach LeanDup™ 35N Stainless Steel Bar,"['Molybdenum, Mo', '0.10 - 0.60 %', '0.10 - 0.60 %', '']","['Tensile Strength, Yield', '379 - 552 MPa@Strain 0.200 %', '55000 - 80000 psi@Strain 0.200 %', 'Annealed Bar']","['Elongation at Yield', '2.0 %', '2.0 %', '80% Reduction of Section']","['Component Elements Properties', 'Metric', 'English', 'Comments']"
Schmolz + Bickenbach LeanDup™ 35N Stainless Steel Bar,"['Nickel, Ni', '3.5 - 5.5 %', '3.5 - 5.5 %', '']","['Tensile Strength, Yield', '379 - 552 MPa@Strain 0.200 %', '55000 - 80000 psi@Strain 0.200 %', 'Annealed Bar']","['Elongation at Yield', '2.0 %', '2.0 %', '80% Reduction of Section']","['Component Elements Properties', 'Metric', 'English', 'Comments']"
Schmolz + Bickenbach LeanDup™ 35N Stainless Steel Bar,"['Nitrogen, N', '0.10 - 0.20 %', '0.10 - 0.20 %', '']","['Tensile Strength, Yield', '379 - 552 MPa@Strain 0.200 %', '55000 - 80000 psi@Strain 0.200 %', 'Annealed Bar']","['Elongation at Yield', '2.0 %', '2.0 %', '80% Reduction of Section']","['Component Elements Properties', 'Metric', 'English', 'Comments']"
Schmolz + Bickenbach LeanDup™ 35N Stainless Steel Bar,"['Phosphorous, P', '<= 0.035 %', '<= 0.035 %', '']","['Tensile Strength, Yield', '379 - 552 MPa@Strain 0.200 %', '55000 - 80000 psi@Strain 0.200 %', 'Annealed Bar']","['Elongation at Yield', '2.0 %', '2.0 %', '80% Reduction of Section']","['Component Elements Properties', 'Metric', 'English', 'Comments']"
Schmolz + Bickenbach LeanDup™ 35N Stainless Steel Bar,"['Silicon, Si', '<= 1.0 %', '<= 1.0 %', '']","['Tensile Strength, Yield', '379 - 552 MPa@Strain 0.200 %', '55000 - 80000 psi@Strain 0.200 %', 'Annealed Bar']","['Elongation at Yield', '2.0 %', '2.0 %', '80% Reduction of Section']","['Component Elements Properties', 'Metric', 'English', 'Comments']"
Schmolz + Bickenbach LeanDup™ 35N Stainless Steel Bar,"['Sulfur, S', '<= 0.015 %', '<= 0.015 %', '']","['Tensile Strength, Yield', '379 - 552 MPa@Strain 0.200 %', '55000 - 80000 psi@Strain 0.200 %', 'Annealed Bar']","['Elongation at Yield', '2.0 %', '2.0 %', '80% Reduction of Section']","['Component Elements Properties', 'Metric', 'English', 'Comments']"
Schmolz + Bickenbach LeanDup™ 35N Stainless Steel Bar,['Descriptive Properties'],"['Tensile Strength, Yield', '379 - 552 MPa@Strain 0.200 %', '55000 - 80000 psi@Strain 0.200 %', 'Annealed Bar']","['Elongation at Yield', '2.0 %', '2.0 %', '80% Reduction of Section']","['Component Elements Properties', 'Metric', 'English', 'Comments']"
Schmolz + Bickenbach UgiPerm™ 12FM Stainless Steel Bar,"['Carbon, C', '<= 0.020 %', '<= 0.020 %', '']","['Tensile Strength, Yield', '310 - 448 MPa@Strain 0.200 %, Thickness <=25.4 mm', '45000 - 65000 psi@Strain 0.200 %, Thickness <=1.00 in', 'Cold Drawn Bar']","['Elongation at Yield', '>= 30 %@Thickness <=25.4 mm', '>= 30 %@Thickness <=1.00 in', 'Cold Drawn Bar']","['Component Elements Properties', 'Metric', 'English', 'Comments']"
Schmolz + Bickenbach UgiPerm™ 12FM Stainless Steel Bar,"['Chromium, Cr', '11.5 - 12.5 %', '11.5 - 12.5 %', '']","['Tensile Strength, Yield', '310 - 448 MPa@Strain 0.200 %, Thickness <=25.4 mm', '45000 - 65000 psi@Strain 0.200 %, Thickness <=1.00 in', 'Cold Drawn Bar']","['Elongation at Yield', '>= 30 %@Thickness <=25.4 mm', '>= 30 %@Thickness <=1.00 in', 'Cold Drawn Bar']","['Component Elements Properties', 'Metric', 'English', 'Comments']"
Schmolz + Bickenbach UgiPerm™ 12FM Stainless Steel Bar,"['Iron, Fe', '>= 83.44 %', '>= 83.44 %', '']","['Tensile Strength, Yield', '310 - 448 MPa@Strain 0.200 %, Thickness <=25.4 mm', '45000 - 65000 psi@Strain 0.200 %, Thickness <=1.00 in', 'Cold Drawn Bar']","['Elongation at Yield', '>= 30 %@Thickness <=25.4 mm', '>= 30 %@Thickness <=1.00 in', 'Cold Drawn Bar']","['Component Elements Properties', 'Metric', 'English', 'Comments']"
Schmolz + Bickenbach UgiPerm™ 12FM Stainless Steel Bar,"['Manganese, Mn', '0.30 - 0.50 %', '0.30 - 0.50 %', '']","['Tensile Strength, Yield', '310 - 448 MPa@Strain 0.200 %, Thickness <=25.4 mm', '45000 - 65000 psi@Strain 0.200 %, Thickness <=1.00 in', 'Cold Drawn Bar']","['Elongation at Yield', '>= 30 %@Thickness <=25.4 mm', '>= 30 %@Thickness <=1.00 in', 'Cold Drawn Bar']","['Component Elements Properties', 'Metric', 'English', 'Comments']"
Schmolz + Bickenbach UgiPerm™ 12FM Stainless Steel Bar,"['Molybdenum, Mo', '0.25 - 0.75 %', '0.25 - 0.75 %', '']","['Tensile Strength, Yield', '310 - 448 MPa@Strain 0.200 %, Thickness <=25.4 mm', '45000 - 65000 psi@Strain 0.200 %, Thickness <=1.00 in', 'Cold Drawn Bar']","['Elongation at Yield', '>= 30 %@Thickness <=25.4 mm', '>= 30 %@Thickness <=1.00 in', 'Cold Drawn Bar']","['Component Elements Properties', 'Metric', 'English', 'Comments']"
Schmolz + Bickenbach UgiPerm™ 12FM Stainless Steel Bar,"['Nickel, Ni', '>= 0.50 %', '>= 0.50 %', '']","['Tensile Strength, Yield', '310 - 448 MPa@Strain 0.200 %, Thickness <=25.4 mm', '45000 - 65000 psi@Strain 0.200 %, Thickness <=1.00 in', 'Cold Drawn Bar']","['Elongation at Yield', '>= 30 %@Thickness <=25.4 mm', '>= 30 %@Thickness <=1.00 in', 'Cold Drawn Bar']","['Component Elements Properties', 'Metric', 'English', 'Comments']"
Schmolz + Bickenbach UgiPerm™ 12FM Stainless Steel Bar,"['Phosphorous, P', '<= 0.040 %', '<= 0.040 %', '']","['Tensile Strength, Yield', '310 - 448 MPa@Strain 0.200 %, Thickness <=25.4 mm', '45000 - 65000 psi@Strain 0.200 %, Thickness <=1.00 in', 'Cold Drawn Bar']","['Elongation at Yield', '>= 30 %@Thickness <=25.4 mm', '>= 30 %@Thickness <=1.00 in', 'Cold Drawn Bar']","['Component Elements Properties', 'Metric', 'English', 'Comments']"
Schmolz + Bickenbach UgiPerm™ 12FM Stainless Steel Bar,"['Silicon, Si', '1.0 - 2.0 %', '1.0 - 2.0 %', '']","['Tensile Strength, Yield', '310 - 448 MPa@Strain 0.200 %, Thickness <=25.4 mm', '45000 - 65000 psi@Strain 0.200 %, Thickness <=1.00 in', 'Cold Drawn Bar']","['Elongation at Yield', '>= 30 %@Thickness <=25.4 mm', '>= 30 %@Thickness <=1.00 in', 'Cold Drawn Bar']","['Component Elements Properties', 'Metric', 'English', 'Comments']"
Schmolz + Bickenbach UgiPerm™ 12FM Stainless Steel Bar,"['Sulfur, S', '0.15 - 0.25 %', '0.15 - 0.25 %', '']","['Tensile Strength, Yield', '310 - 448 MPa@Strain 0.200 %, Thickness <=25.4 mm', '45000 - 65000 psi@Strain 0.200 %, Thickness <=1.00 in', 'Cold Drawn Bar']","['Elongation at Yield', '>= 30 %@Thickness <=25.4 mm', '>= 30 %@Thickness <=1.00 in', 'Cold Drawn Bar']","['Component Elements Properties', 'Metric', 'English', 'Comments']"
Schmolz + Bickenbach UgiPerm™ 12FM Stainless Steel Bar,['Descriptive Properties'],"['Tensile Strength, Yield', '310 - 448 MPa@Strain 0.200 %, Thickness <=25.4 mm', '45000 - 65000 psi@Strain 0.200 %, Thickness <=1.00 in', 'Cold Drawn Bar']","['Elongation at Yield', '>= 30 %@Thickness <=25.4 mm', '>= 30 %@Thickness <=1.00 in', 'Cold Drawn Bar']","['Component Elements Properties', 'Metric', 'English', 'Comments']"
Schmolz + Bickenbach 416RS Stainless Steel Bar,"['Carbon, C', '<= 0.15 %', '<= 0.15 %', '']","['Tensile Strength, Yield', '448 - 586 MPa@Strain 0.200 %, Thickness <=25.4 mm', '65000 - 85000 psi@Strain 0.200 %, Thickness <=1.00 in', 'Turned Bars']","['Elongation at Yield', '>= 2.0 %@Thickness <=25.4 mm', '>= 2.0 %@Thickness <=1.00 in', 'Turned Bars']","['Component Elements Properties', 'Metric', 'English', 'Comments']"
Schmolz + Bickenbach 416RS Stainless Steel Bar,"['Chromium, Cr', '12 - 14 %', '12 - 14 %', '']","['Tensile Strength, Yield', '448 - 586 MPa@Strain 0.200 %, Thickness <=25.4 mm', '65000 - 85000 psi@Strain 0.200 %, Thickness <=1.00 in', 'Turned Bars']","['Elongation at Yield', '>= 2.0 %@Thickness <=25.4 mm', '>= 2.0 %@Thickness <=1.00 in', 'Turned Bars']","['Component Elements Properties', 'Metric', 'English', 'Comments']"
Schmolz + Bickenbach 416RS Stainless Steel Bar,"['Iron, Fe', '>= 82.89 %', '>= 82.89 %', '']","['Tensile Strength, Yield', '448 - 586 MPa@Strain 0.200 %, Thickness <=25.4 mm', '65000 - 85000 psi@Strain 0.200 %, Thickness <=1.00 in', 'Turned Bars']","['Elongation at Yield', '>= 2.0 %@Thickness <=25.4 mm', '>= 2.0 %@Thickness <=1.00 in', 'Turned Bars']","['Component Elements Properties', 'Metric', 'English', 'Comments']"
Schmolz + Bickenbach 416RS Stainless Steel Bar,"['Manganese, Mn', '<= 1.25 %', '<= 1.25 %', '']","['Tensile Strength, Yield', '448 - 586 MPa@Strain 0.200 %, Thickness <=25.4 mm', '65000 - 85000 psi@Strain 0.200 %, Thickness <=1.00 in', 'Turned Bars']","['Elongation at Yield', '>= 2.0 %@Thickness <=25.4 mm', '>= 2.0 %@Thickness <=1.00 in', 'Turned Bars']","['Component Elements Properties', 'Metric', 'English', 'Comments']"
Schmolz + Bickenbach 416RS Stainless Steel Bar,"['Nickel, Ni', '<= 0.50 %', '<= 0.50 %', '']","['Tensile Strength, Yield', '448 - 586 MPa@Strain 0.200 %, Thickness <=25.4 mm', '65000 - 85000 psi@Strain 0.200 %, Thickness <=1.00 in', 'Turned Bars']","['Elongation at Yield', '>= 2.0 %@Thickness <=25.4 mm', '>= 2.0 %@Thickness <=1.00 in', 'Turned Bars']","['Component Elements Properties', 'Metric', 'English', 'Comments']"
Schmolz + Bickenbach 416RS Stainless Steel Bar,"['Phosphorous, P', '<= 0.060 %', '<= 0.060 %', '']","['Tensile Strength, Yield', '448 - 586 MPa@Strain 0.200 %, Thickness <=25.4 mm', '65000 - 85000 psi@Strain 0.200 %, Thickness <=1.00 in', 'Turned Bars']","['Elongation at Yield', '>= 2.0 %@Thickness <=25.4 mm', '>= 2.0 %@Thickness <=1.00 in', 'Turned Bars']","['Component Elements Properties', 'Metric', 'English', 'Comments']"
Schmolz + Bickenbach 416RS Stainless Steel Bar,"['Silicon, Si', '<= 1.0 %', '<= 1.0 %', '']","['Tensile Strength, Yield', '448 - 586 MPa@Strain 0.200 %, Thickness <=25.4 mm', '65000 - 85000 psi@Strain 0.200 %, Thickness <=1.00 in', 'Turned Bars']","['Elongation at Yield', '>= 2.0 %@Thickness <=25.4 mm', '>= 2.0 %@Thickness <=1.00 in', 'Turned Bars']","['Component Elements Properties', 'Metric', 'English', 'Comments']"
Schmolz + Bickenbach 416RS Stainless Steel Bar,"['Sulfur, S', '<= 0.15 %', '<= 0.15 %', '']","['Tensile Strength, Yield', '448 - 586 MPa@Strain 0.200 %, Thickness <=25.4 mm', '65000 - 85000 psi@Strain 0.200 %, Thickness <=1.00 in', 'Turned Bars']","['Elongation at Yield', '>= 2.0 %@Thickness <=25.4 mm', '>= 2.0 %@Thickness <=1.00 in', 'Turned Bars']","['Component Elements Properties', 'Metric', 'English', 'Comments']"
Schmolz + Bickenbach 416RS Stainless Steel Bar,['Descriptive Properties'],"['Tensile Strength, Yield', '448 - 586 MPa@Strain 0.200 %, Thickness <=25.4 mm', '65000 - 85000 psi@Strain 0.200 %, Thickness <=1.00 in', 'Turned Bars']","['Elongation at Yield', '>= 2.0 %@Thickness <=25.4 mm', '>= 2.0 %@Thickness <=1.00 in', 'Turned Bars']","['Component Elements Properties', 'Metric', 'English', 'Comments']"
EDRO RoyAlloy™ #6 Free Machining Stainless Holder Steel,"['', '12 %@Temperature 199 °C', '12 %@Temperature 390 °F', 'in 2""']","['Tensile Strength, Ultimate', '1050 MPa@Temperature 199 °C', '152000 psi@Temperature 390 °F', 'Longitudinal Tests from 3"" rolled plate at 321 HB']","['Tensile Strength, Yield', '869 MPa@Strain 0.200 %, Temperature 199 °C', '126000 psi@Strain 0.200 %, Temperature 390 °F', 'Longitudinal Tests from 3"" rolled plate at 321 HB']","['Elongation at Yield', '12 %@Temperature 20.0 °C', '12 %@Temperature 68.0 °F', 'in 2""']"
EDRO RoyAlloy™ #6 Free Machining Stainless Holder Steel,"['Reduction of Area', '34 %@Temperature 20.0 °C', '34 %@Temperature 68.0 °F', '']","['Tensile Strength, Ultimate', '1050 MPa@Temperature 199 °C', '152000 psi@Temperature 390 °F', 'Longitudinal Tests from 3"" rolled plate at 321 HB']","['Tensile Strength, Yield', '869 MPa@Strain 0.200 %, Temperature 199 °C', '126000 psi@Strain 0.200 %, Temperature 390 °F', 'Longitudinal Tests from 3"" rolled plate at 321 HB']","['Elongation at Yield', '12 %@Temperature 20.0 °C', '12 %@Temperature 68.0 °F', 'in 2""']"
EDRO RoyAlloy™ #6 Free Machining Stainless Holder Steel,"['', '34 %@Temperature 199 °C', '34 %@Temperature 390 °F', '']","['Tensile Strength, Ultimate', '1050 MPa@Temperature 199 °C', '152000 psi@Temperature 390 °F', 'Longitudinal Tests from 3"" rolled plate at 321 HB']","['Tensile Strength, Yield', '869 MPa@Strain 0.200 %, Temperature 199 °C', '126000 psi@Strain 0.200 %, Temperature 390 °F', 'Longitudinal Tests from 3"" rolled plate at 321 HB']","['Elongation at Yield', '12 %@Temperature 20.0 °C', '12 %@Temperature 68.0 °F', 'in 2""']"
EDRO RoyAlloy™ #6 Free Machining Stainless Holder Steel,"['Modulus of Elasticity', '190 GPa@Temperature 199 °C', '27600 ksi@Temperature 390 °F', '']","['Tensile Strength, Ultimate', '1050 MPa@Temperature 199 °C', '152000 psi@Temperature 390 °F', 'Longitudinal Tests from 3"" rolled plate at 321 HB']","['Tensile Strength, Yield', '869 MPa@Strain 0.200 %, Temperature 199 °C', '126000 psi@Strain 0.200 %, Temperature 390 °F', 'Longitudinal Tests from 3"" rolled plate at 321 HB']","['Elongation at Yield', '12 %@Temperature 20.0 °C', '12 %@Temperature 68.0 °F', 'in 2""']"
EDRO RoyAlloy™ #6 Free Machining Stainless Holder Steel,"['', '200 GPa@Temperature 20.0 °C', '29000 ksi@Temperature 68.0 °F', '']","['Tensile Strength, Ultimate', '1050 MPa@Temperature 199 °C', '152000 psi@Temperature 390 °F', 'Longitudinal Tests from 3"" rolled plate at 321 HB']","['Tensile Strength, Yield', '869 MPa@Strain 0.200 %, Temperature 199 °C', '126000 psi@Strain 0.200 %, Temperature 390 °F', 'Longitudinal Tests from 3"" rolled plate at 321 HB']","['Elongation at Yield', '12 %@Temperature 20.0 °C', '12 %@Temperature 68.0 °F', 'in 2""']"
EDRO RoyAlloy™ #6 Free Machining Stainless Holder Steel,"['Charpy Impact', '21.7 J@Temperature 20.0 °C', '16.0 ft-lb@Temperature 68.0 °F', 'Longitudinal Charpy V-notch Tests from a 3"" rolled plate at 321 HB']","['Tensile Strength, Ultimate', '1050 MPa@Temperature 199 °C', '152000 psi@Temperature 390 °F', 'Longitudinal Tests from 3"" rolled plate at 321 HB']","['Tensile Strength, Yield', '869 MPa@Strain 0.200 %, Temperature 199 °C', '126000 psi@Strain 0.200 %, Temperature 390 °F', 'Longitudinal Tests from 3"" rolled plate at 321 HB']","['Elongation at Yield', '12 %@Temperature 20.0 °C', '12 %@Temperature 68.0 °F', 'in 2""']"
EDRO RoyAlloy™ #6 Free Machining Stainless Holder Steel,"['', '35.3 J@Temperature 199 °C', '26.0 ft-lb@Temperature 390 °F', 'Longitudinal Charpy V-notch Tests from a 3"" rolled plate at 321 HB']","['Tensile Strength, Ultimate', '1050 MPa@Temperature 199 °C', '152000 psi@Temperature 390 °F', 'Longitudinal Tests from 3"" rolled plate at 321 HB']","['Tensile Strength, Yield', '869 MPa@Strain 0.200 %, Temperature 199 °C', '126000 psi@Strain 0.200 %, Temperature 390 °F', 'Longitudinal Tests from 3"" rolled plate at 321 HB']","['Elongation at Yield', '12 %@Temperature 20.0 °C', '12 %@Temperature 68.0 °F', 'in 2""']"
EDRO RoyAlloy™ #6 Free Machining Stainless Holder Steel,"['Thermal Properties', 'Metric', 'English', 'Comments']","['Tensile Strength, Ultimate', '1050 MPa@Temperature 199 °C', '152000 psi@Temperature 390 °F', 'Longitudinal Tests from 3"" rolled plate at 321 HB']","['Tensile Strength, Yield', '869 MPa@Strain 0.200 %, Temperature 199 °C', '126000 psi@Strain 0.200 %, Temperature 390 °F', 'Longitudinal Tests from 3"" rolled plate at 321 HB']","['Elongation at Yield', '12 %@Temperature 20.0 °C', '12 %@Temperature 68.0 °F', 'in 2""']"
EDRO RoyAlloy™ #6 Free Machining Stainless Holder Steel,"['CTE, linear', '11.0 µm/m-°C@Temperature 20.0 - 199 °C', '6.10 µin/in-°F@Temperature 68.0 - 390 °F', '']","['Tensile Strength, Ultimate', '1050 MPa@Temperature 199 °C', '152000 psi@Temperature 390 °F', 'Longitudinal Tests from 3"" rolled plate at 321 HB']","['Tensile Strength, Yield', '869 MPa@Strain 0.200 %, Temperature 199 °C', '126000 psi@Strain 0.200 %, Temperature 390 °F', 'Longitudinal Tests from 3"" rolled plate at 321 HB']","['Elongation at Yield', '12 %@Temperature 20.0 °C', '12 %@Temperature 68.0 °F', 'in 2""']"
EDRO RoyAlloy™ #6 Free Machining Stainless Holder Steel,['Descriptive Properties'],"['Tensile Strength, Ultimate', '1050 MPa@Temperature 199 °C', '152000 psi@Temperature 390 °F', 'Longitudinal Tests from 3"" rolled plate at 321 HB']","['Tensile Strength, Yield', '869 MPa@Strain 0.200 %, Temperature 199 °C', '126000 psi@Strain 0.200 %, Temperature 390 °F', 'Longitudinal Tests from 3"" rolled plate at 321 HB']","['Elongation at Yield', '12 %@Temperature 20.0 °C', '12 %@Temperature 68.0 °F', 'in 2""']"
EDRO EDRO400™ #40 Prehardened Insert Quality Martensitic Stainless Steel,"['Reduction of Area', '33 %@Temperature 20.0 °C', '33 %@Temperature 68.0 °F', '']","['Tensile Strength, Ultimate', '1300 MPa@Temperature 20.0 °C', '189000 psi@Temperature 68.0 °F', 'Longitudinal Tests from 6.3"" rolled plate at 375 HB']","['Tensile Strength, Yield', '1010 MPa@Strain 0.200 %, Temperature 20.0 °C', '146000 psi@Strain 0.200 %, Temperature 68.0 °F', 'Longitudinal Tests from 6.3"" rolled plate at 375 HB']","['Elongation at Yield', '13 %@Temperature 20.0 °C', '13 %@Temperature 68.0 °F', 'in 2""']"
EDRO EDRO400™ #40 Prehardened Insert Quality Martensitic Stainless Steel,"['Modulus of Elasticity', '190 GPa@Temperature 199 °C', '27600 ksi@Temperature 390 °F', '']","['Tensile Strength, Ultimate', '1300 MPa@Temperature 20.0 °C', '189000 psi@Temperature 68.0 °F', 'Longitudinal Tests from 6.3"" rolled plate at 375 HB']","['Tensile Strength, Yield', '1010 MPa@Strain 0.200 %, Temperature 20.0 °C', '146000 psi@Strain 0.200 %, Temperature 68.0 °F', 'Longitudinal Tests from 6.3"" rolled plate at 375 HB']","['Elongation at Yield', '13 %@Temperature 20.0 °C', '13 %@Temperature 68.0 °F', 'in 2""']"
EDRO EDRO400™ #40 Prehardened Insert Quality Martensitic Stainless Steel,"['', '200 GPa@Temperature 20.0 °C', '29000 ksi@Temperature 68.0 °F', '']","['Tensile Strength, Ultimate', '1300 MPa@Temperature 20.0 °C', '189000 psi@Temperature 68.0 °F', 'Longitudinal Tests from 6.3"" rolled plate at 375 HB']","['Tensile Strength, Yield', '1010 MPa@Strain 0.200 %, Temperature 20.0 °C', '146000 psi@Strain 0.200 %, Temperature 68.0 °F', 'Longitudinal Tests from 6.3"" rolled plate at 375 HB']","['Elongation at Yield', '13 %@Temperature 20.0 °C', '13 %@Temperature 68.0 °F', 'in 2""']"
EDRO EDRO400™ #40 Prehardened Insert Quality Martensitic Stainless Steel,"['Charpy Impact', '12.2 J@Temperature 20.0 °C', '9.00 ft-lb@Temperature 68.0 °F', 'Average CharpyV-notch from 6.3"" plate at 387 HB']","['Tensile Strength, Ultimate', '1300 MPa@Temperature 20.0 °C', '189000 psi@Temperature 68.0 °F', 'Longitudinal Tests from 6.3"" rolled plate at 375 HB']","['Tensile Strength, Yield', '1010 MPa@Strain 0.200 %, Temperature 20.0 °C', '146000 psi@Strain 0.200 %, Temperature 68.0 °F', 'Longitudinal Tests from 6.3"" rolled plate at 375 HB']","['Elongation at Yield', '13 %@Temperature 20.0 °C', '13 %@Temperature 68.0 °F', 'in 2""']"
EDRO EDRO400™ #40 Prehardened Insert Quality Martensitic Stainless Steel,"['Thermal Properties', 'Metric', 'English', 'Comments']","['Tensile Strength, Ultimate', '1300 MPa@Temperature 20.0 °C', '189000 psi@Temperature 68.0 °F', 'Longitudinal Tests from 6.3"" rolled plate at 375 HB']","['Tensile Strength, Yield', '1010 MPa@Strain 0.200 %, Temperature 20.0 °C', '146000 psi@Strain 0.200 %, Temperature 68.0 °F', 'Longitudinal Tests from 6.3"" rolled plate at 375 HB']","['Elongation at Yield', '13 %@Temperature 20.0 °C', '13 %@Temperature 68.0 °F', 'in 2""']"
EDRO EDRO400™ #40 Prehardened Insert Quality Martensitic Stainless Steel,"['CTE, linear', '11.0 µm/m-°C@Temperature 20.0 - 199 °C', '6.10 µin/in-°F@Temperature 68.0 - 390 °F', '']","['Tensile Strength, Ultimate', '1300 MPa@Temperature 20.0 °C', '189000 psi@Temperature 68.0 °F', 'Longitudinal Tests from 6.3"" rolled plate at 375 HB']","['Tensile Strength, Yield', '1010 MPa@Strain 0.200 %, Temperature 20.0 °C', '146000 psi@Strain 0.200 %, Temperature 68.0 °F', 'Longitudinal Tests from 6.3"" rolled plate at 375 HB']","['Elongation at Yield', '13 %@Temperature 20.0 °C', '13 %@Temperature 68.0 °F', 'in 2""']"
EDRO EDRO400™ #40 Prehardened Insert Quality Martensitic Stainless Steel,"['Thermal Conductivity', '28.2 W/m-K@Temperature 199 °C', '196 BTU-in/hr-ft²-°F@Temperature 390 °F', '']","['Tensile Strength, Ultimate', '1300 MPa@Temperature 20.0 °C', '189000 psi@Temperature 68.0 °F', 'Longitudinal Tests from 6.3"" rolled plate at 375 HB']","['Tensile Strength, Yield', '1010 MPa@Strain 0.200 %, Temperature 20.0 °C', '146000 psi@Strain 0.200 %, Temperature 68.0 °F', 'Longitudinal Tests from 6.3"" rolled plate at 375 HB']","['Elongation at Yield', '13 %@Temperature 20.0 °C', '13 %@Temperature 68.0 °F', 'in 2""']"
EDRO EDRO400™ #40 Prehardened Insert Quality Martensitic Stainless Steel,['Descriptive Properties'],"['Tensile Strength, Ultimate', '1300 MPa@Temperature 20.0 °C', '189000 psi@Temperature 68.0 °F', 'Longitudinal Tests from 6.3"" rolled plate at 375 HB']","['Tensile Strength, Yield', '1010 MPa@Strain 0.200 %, Temperature 20.0 °C', '146000 psi@Strain 0.200 %, Temperature 68.0 °F', 'Longitudinal Tests from 6.3"" rolled plate at 375 HB']","['Elongation at Yield', '13 %@Temperature 20.0 °C', '13 %@Temperature 68.0 °F', 'in 2""']"
EDRO P1FM #31 Free Machining Holder Steel,"['Reduction of Area', '58 %@Temperature 20.0 °C', '58 %@Temperature 68.0 °F', '']","['Tensile Strength, Ultimate', '945 MPa@Temperature 20.0 °C', '137000 psi@Temperature 68.0 °F', 'Longitudinal Tests from 3"" rolled plate at 293 HB']","['Tensile Strength, Yield', '800 MPa@Strain 0.200 %, Temperature 20.0 °C', '116000 psi@Strain 0.200 %, Temperature 68.0 °F', 'Longitudinal Tests from 3"" rolled plate at 293 HB']","['Elongation at Yield', '18 %@Temperature 20.0 °C', '18 %@Temperature 68.0 °F', 'in 2""']"
EDRO P1FM #31 Free Machining Holder Steel,"['Modulus of Elasticity', '186 GPa@Temperature 199 °C', '27000 ksi@Temperature 390 °F', '']","['Tensile Strength, Ultimate', '945 MPa@Temperature 20.0 °C', '137000 psi@Temperature 68.0 °F', 'Longitudinal Tests from 3"" rolled plate at 293 HB']","['Tensile Strength, Yield', '800 MPa@Strain 0.200 %, Temperature 20.0 °C', '116000 psi@Strain 0.200 %, Temperature 68.0 °F', 'Longitudinal Tests from 3"" rolled plate at 293 HB']","['Elongation at Yield', '18 %@Temperature 20.0 °C', '18 %@Temperature 68.0 °F', 'in 2""']"
EDRO P1FM #31 Free Machining Holder Steel,"['', '207 GPa@Temperature 20.0 °C', '30000 ksi@Temperature 68.0 °F', '']","['Tensile Strength, Ultimate', '945 MPa@Temperature 20.0 °C', '137000 psi@Temperature 68.0 °F', 'Longitudinal Tests from 3"" rolled plate at 293 HB']","['Tensile Strength, Yield', '800 MPa@Strain 0.200 %, Temperature 20.0 °C', '116000 psi@Strain 0.200 %, Temperature 68.0 °F', 'Longitudinal Tests from 3"" rolled plate at 293 HB']","['Elongation at Yield', '18 %@Temperature 20.0 °C', '18 %@Temperature 68.0 °F', 'in 2""']"
EDRO P1FM #31 Free Machining Holder Steel,"['Charpy Impact', '47.5 J@Temperature 20.0 °C', '35.0 ft-lb@Temperature 68.0 °F', 'Longitudinal Charpy V-notch Tests from a 3"" rolled plate at 293 HB']","['Tensile Strength, Ultimate', '945 MPa@Temperature 20.0 °C', '137000 psi@Temperature 68.0 °F', 'Longitudinal Tests from 3"" rolled plate at 293 HB']","['Tensile Strength, Yield', '800 MPa@Strain 0.200 %, Temperature 20.0 °C', '116000 psi@Strain 0.200 %, Temperature 68.0 °F', 'Longitudinal Tests from 3"" rolled plate at 293 HB']","['Elongation at Yield', '18 %@Temperature 20.0 °C', '18 %@Temperature 68.0 °F', 'in 2""']"
EDRO P1FM #31 Free Machining Holder Steel,"['', '74.6 J@Temperature 300 °C', '55.0 ft-lb@Temperature 572 °F', 'Longitudinal Charpy V-notch Tests from a 3"" rolled plate at 293 HB']","['Tensile Strength, Ultimate', '945 MPa@Temperature 20.0 °C', '137000 psi@Temperature 68.0 °F', 'Longitudinal Tests from 3"" rolled plate at 293 HB']","['Tensile Strength, Yield', '800 MPa@Strain 0.200 %, Temperature 20.0 °C', '116000 psi@Strain 0.200 %, Temperature 68.0 °F', 'Longitudinal Tests from 3"" rolled plate at 293 HB']","['Elongation at Yield', '18 %@Temperature 20.0 °C', '18 %@Temperature 68.0 °F', 'in 2""']"
EDRO P1FM #31 Free Machining Holder Steel,"['Thermal Properties', 'Metric', 'English', 'Comments']","['Tensile Strength, Ultimate', '945 MPa@Temperature 20.0 °C', '137000 psi@Temperature 68.0 °F', 'Longitudinal Tests from 3"" rolled plate at 293 HB']","['Tensile Strength, Yield', '800 MPa@Strain 0.200 %, Temperature 20.0 °C', '116000 psi@Strain 0.200 %, Temperature 68.0 °F', 'Longitudinal Tests from 3"" rolled plate at 293 HB']","['Elongation at Yield', '18 %@Temperature 20.0 °C', '18 %@Temperature 68.0 °F', 'in 2""']"
EDRO P1FM #31 Free Machining Holder Steel,"['CTE, linear', '11.0 µm/m-°C@Temperature 20.0 - 199 °C', '6.10 µin/in-°F@Temperature 68.0 - 390 °F', '']","['Tensile Strength, Ultimate', '945 MPa@Temperature 20.0 °C', '137000 psi@Temperature 68.0 °F', 'Longitudinal Tests from 3"" rolled plate at 293 HB']","['Tensile Strength, Yield', '800 MPa@Strain 0.200 %, Temperature 20.0 °C', '116000 psi@Strain 0.200 %, Temperature 68.0 °F', 'Longitudinal Tests from 3"" rolled plate at 293 HB']","['Elongation at Yield', '18 %@Temperature 20.0 °C', '18 %@Temperature 68.0 °F', 'in 2""']"
EDRO P1FM #31 Free Machining Holder Steel,['Descriptive Properties'],"['Tensile Strength, Ultimate', '945 MPa@Temperature 20.0 °C', '137000 psi@Temperature 68.0 °F', 'Longitudinal Tests from 3"" rolled plate at 293 HB']","['Tensile Strength, Yield', '800 MPa@Strain 0.200 %, Temperature 20.0 °C', '116000 psi@Strain 0.200 %, Temperature 68.0 °F', 'Longitudinal Tests from 3"" rolled plate at 293 HB']","['Elongation at Yield', '18 %@Temperature 20.0 °C', '18 %@Temperature 68.0 °F', 'in 2""']"
EDRO #2 Prehardened 4130 Holder Block,"['Carbon, C', '0.30 %', '0.30 %', '']","['Tensile Strength, Ultimate', '793 MPa@Temperature 399 °C', '115000 psi@Temperature 750 °F', 'Round bar 1"" diameter, 310 HB']","['Tensile Strength, Yield', '627 MPa@Temperature 399 °C', '91000 psi@Temperature 750 °F', 'Round bar 1"" diameter, 310 HB']","['Elongation at Yield', '18 %@Temperature 20.0 °C', '18 %@Temperature 68.0 °F', 'in 2""']"
EDRO #2 Prehardened 4130 Holder Block,"['Chromium, Cr', '1.0 %', '1.0 %', '']","['Tensile Strength, Ultimate', '793 MPa@Temperature 399 °C', '115000 psi@Temperature 750 °F', 'Round bar 1"" diameter, 310 HB']","['Tensile Strength, Yield', '627 MPa@Temperature 399 °C', '91000 psi@Temperature 750 °F', 'Round bar 1"" diameter, 310 HB']","['Elongation at Yield', '18 %@Temperature 20.0 °C', '18 %@Temperature 68.0 °F', 'in 2""']"
EDRO #2 Prehardened 4130 Holder Block,"['Iron, Fe', '96.72 %', '96.72 %', 'As Balance']","['Tensile Strength, Ultimate', '793 MPa@Temperature 399 °C', '115000 psi@Temperature 750 °F', 'Round bar 1"" diameter, 310 HB']","['Tensile Strength, Yield', '627 MPa@Temperature 399 °C', '91000 psi@Temperature 750 °F', 'Round bar 1"" diameter, 310 HB']","['Elongation at Yield', '18 %@Temperature 20.0 °C', '18 %@Temperature 68.0 °F', 'in 2""']"
EDRO #2 Prehardened 4130 Holder Block,"['Manganese, Mn', '1.1 %', '1.1 %', '']","['Tensile Strength, Ultimate', '793 MPa@Temperature 399 °C', '115000 psi@Temperature 750 °F', 'Round bar 1"" diameter, 310 HB']","['Tensile Strength, Yield', '627 MPa@Temperature 399 °C', '91000 psi@Temperature 750 °F', 'Round bar 1"" diameter, 310 HB']","['Elongation at Yield', '18 %@Temperature 20.0 °C', '18 %@Temperature 68.0 °F', 'in 2""']"
EDRO #2 Prehardened 4130 Holder Block,"['Molybdenum, Mo', '0.20 %', '0.20 %', '']","['Tensile Strength, Ultimate', '793 MPa@Temperature 399 °C', '115000 psi@Temperature 750 °F', 'Round bar 1"" diameter, 310 HB']","['Tensile Strength, Yield', '627 MPa@Temperature 399 °C', '91000 psi@Temperature 750 °F', 'Round bar 1"" diameter, 310 HB']","['Elongation at Yield', '18 %@Temperature 20.0 °C', '18 %@Temperature 68.0 °F', 'in 2""']"
EDRO #2 Prehardened 4130 Holder Block,"['Silicon, Si', '0.28 %', '0.28 %', '']","['Tensile Strength, Ultimate', '793 MPa@Temperature 399 °C', '115000 psi@Temperature 750 °F', 'Round bar 1"" diameter, 310 HB']","['Tensile Strength, Yield', '627 MPa@Temperature 399 °C', '91000 psi@Temperature 750 °F', 'Round bar 1"" diameter, 310 HB']","['Elongation at Yield', '18 %@Temperature 20.0 °C', '18 %@Temperature 68.0 °F', 'in 2""']"
EDRO #2 Prehardened 4130 Holder Block,"['Sulfur, S', '0.40 %', '0.40 %', '']","['Tensile Strength, Ultimate', '793 MPa@Temperature 399 °C', '115000 psi@Temperature 750 °F', 'Round bar 1"" diameter, 310 HB']","['Tensile Strength, Yield', '627 MPa@Temperature 399 °C', '91000 psi@Temperature 750 °F', 'Round bar 1"" diameter, 310 HB']","['Elongation at Yield', '18 %@Temperature 20.0 °C', '18 %@Temperature 68.0 °F', 'in 2""']"
EDRO #2 Prehardened 4130 Holder Block,['Descriptive Properties'],"['Tensile Strength, Ultimate', '793 MPa@Temperature 399 °C', '115000 psi@Temperature 750 °F', 'Round bar 1"" diameter, 310 HB']","['Tensile Strength, Yield', '627 MPa@Temperature 399 °C', '91000 psi@Temperature 750 °F', 'Round bar 1"" diameter, 310 HB']","['Elongation at Yield', '18 %@Temperature 20.0 °C', '18 %@Temperature 68.0 °F', 'in 2""']"
EDRO UltraChem® #15 Precipitation Hardening Stainless Mold Steel,"['Carbon, C', '0.040 %', '0.040 %', '']","['Tensile Strength, Ultimate', '1310 MPa@Temperature 20.0 °C', '190000 psi@Temperature 68.0 °F', 'Age hardened at 42 HRC']","['Tensile Strength, Yield', '1210 MPa@Temperature 20.0 °C', '175000 psi@Temperature 68.0 °F', 'Age hardened at 42 HRC']","['Elongation at Yield', '14 %', '14 %', 'in 2""']"
EDRO UltraChem® #15 Precipitation Hardening Stainless Mold Steel,"['Chromium, Cr', '14.75 %', '14.75 %', '']","['Tensile Strength, Ultimate', '1310 MPa@Temperature 20.0 °C', '190000 psi@Temperature 68.0 °F', 'Age hardened at 42 HRC']","['Tensile Strength, Yield', '1210 MPa@Temperature 20.0 °C', '175000 psi@Temperature 68.0 °F', 'Age hardened at 42 HRC']","['Elongation at Yield', '14 %', '14 %', 'in 2""']"
EDRO UltraChem® #15 Precipitation Hardening Stainless Mold Steel,"['Copper, Cu', '3.2 %', '3.2 %', '']","['Tensile Strength, Ultimate', '1310 MPa@Temperature 20.0 °C', '190000 psi@Temperature 68.0 °F', 'Age hardened at 42 HRC']","['Tensile Strength, Yield', '1210 MPa@Temperature 20.0 °C', '175000 psi@Temperature 68.0 °F', 'Age hardened at 42 HRC']","['Elongation at Yield', '14 %', '14 %', 'in 2""']"
EDRO UltraChem® #15 Precipitation Hardening Stainless Mold Steel,"['Iron, Fe', '76.68 %', '76.68 %', 'As Balance']","['Tensile Strength, Ultimate', '1310 MPa@Temperature 20.0 °C', '190000 psi@Temperature 68.0 °F', 'Age hardened at 42 HRC']","['Tensile Strength, Yield', '1210 MPa@Temperature 20.0 °C', '175000 psi@Temperature 68.0 °F', 'Age hardened at 42 HRC']","['Elongation at Yield', '14 %', '14 %', 'in 2""']"
EDRO UltraChem® #15 Precipitation Hardening Stainless Mold Steel,"['Manganese, Mn', '0.50 %', '0.50 %', '']","['Tensile Strength, Ultimate', '1310 MPa@Temperature 20.0 °C', '190000 psi@Temperature 68.0 °F', 'Age hardened at 42 HRC']","['Tensile Strength, Yield', '1210 MPa@Temperature 20.0 °C', '175000 psi@Temperature 68.0 °F', 'Age hardened at 42 HRC']","['Elongation at Yield', '14 %', '14 %', 'in 2""']"
EDRO UltraChem® #15 Precipitation Hardening Stainless Mold Steel,"['Nickel, Ni', '4.5 %', '4.5 %', '']","['Tensile Strength, Ultimate', '1310 MPa@Temperature 20.0 °C', '190000 psi@Temperature 68.0 °F', 'Age hardened at 42 HRC']","['Tensile Strength, Yield', '1210 MPa@Temperature 20.0 °C', '175000 psi@Temperature 68.0 °F', 'Age hardened at 42 HRC']","['Elongation at Yield', '14 %', '14 %', 'in 2""']"
EDRO UltraChem® #15 Precipitation Hardening Stainless Mold Steel,"['Niobium, Nb (Columbium, Cb)', '0.25 %', '0.25 %', '']","['Tensile Strength, Ultimate', '1310 MPa@Temperature 20.0 °C', '190000 psi@Temperature 68.0 °F', 'Age hardened at 42 HRC']","['Tensile Strength, Yield', '1210 MPa@Temperature 20.0 °C', '175000 psi@Temperature 68.0 °F', 'Age hardened at 42 HRC']","['Elongation at Yield', '14 %', '14 %', 'in 2""']"
EDRO UltraChem® #15 Precipitation Hardening Stainless Mold Steel,"['Sulfur, S', '0.080 %', '0.080 %', '']","['Tensile Strength, Ultimate', '1310 MPa@Temperature 20.0 °C', '190000 psi@Temperature 68.0 °F', 'Age hardened at 42 HRC']","['Tensile Strength, Yield', '1210 MPa@Temperature 20.0 °C', '175000 psi@Temperature 68.0 °F', 'Age hardened at 42 HRC']","['Elongation at Yield', '14 %', '14 %', 'in 2""']"
EDRO UltraChem® #15 Precipitation Hardening Stainless Mold Steel,['Descriptive Properties'],"['Tensile Strength, Ultimate', '1310 MPa@Temperature 20.0 °C', '190000 psi@Temperature 68.0 °F', 'Age hardened at 42 HRC']","['Tensile Strength, Yield', '1210 MPa@Temperature 20.0 °C', '175000 psi@Temperature 68.0 °F', 'Age hardened at 42 HRC']","['Elongation at Yield', '14 %', '14 %', 'in 2""']"
EDRO UltraChem® ESR #16 Precipitation Hardening Stainless Mold Steel,"['Carbon, C', '0.040 %', '0.040 %', '']","['Tensile Strength, Ultimate', '1310 MPa@Temperature 20.0 °C', '190000 psi@Temperature 68.0 °F', 'Age hardened at 42 HRC']","['Tensile Strength, Yield', '1210 MPa@Temperature 20.0 °C', '175000 psi@Temperature 68.0 °F', 'Age hardened at 42 HRC']","['Elongation at Yield', '14 %@Temperature 20.0 °C', '14 %@Temperature 68.0 °F', 'in 2""']"
EDRO UltraChem® ESR #16 Precipitation Hardening Stainless Mold Steel,"['Chromium, Cr', '14.75 %', '14.75 %', '']","['Tensile Strength, Ultimate', '1310 MPa@Temperature 20.0 °C', '190000 psi@Temperature 68.0 °F', 'Age hardened at 42 HRC']","['Tensile Strength, Yield', '1210 MPa@Temperature 20.0 °C', '175000 psi@Temperature 68.0 °F', 'Age hardened at 42 HRC']","['Elongation at Yield', '14 %@Temperature 20.0 °C', '14 %@Temperature 68.0 °F', 'in 2""']"
EDRO UltraChem® ESR #16 Precipitation Hardening Stainless Mold Steel,"['Copper, Cu', '3.2 %', '3.2 %', '']","['Tensile Strength, Ultimate', '1310 MPa@Temperature 20.0 °C', '190000 psi@Temperature 68.0 °F', 'Age hardened at 42 HRC']","['Tensile Strength, Yield', '1210 MPa@Temperature 20.0 °C', '175000 psi@Temperature 68.0 °F', 'Age hardened at 42 HRC']","['Elongation at Yield', '14 %@Temperature 20.0 °C', '14 %@Temperature 68.0 °F', 'in 2""']"
EDRO UltraChem® ESR #16 Precipitation Hardening Stainless Mold Steel,"['Iron, Fe', '76.36 %', '76.36 %', 'As Balance']","['Tensile Strength, Ultimate', '1310 MPa@Temperature 20.0 °C', '190000 psi@Temperature 68.0 °F', 'Age hardened at 42 HRC']","['Tensile Strength, Yield', '1210 MPa@Temperature 20.0 °C', '175000 psi@Temperature 68.0 °F', 'Age hardened at 42 HRC']","['Elongation at Yield', '14 %@Temperature 20.0 °C', '14 %@Temperature 68.0 °F', 'in 2""']"
EDRO UltraChem® ESR #16 Precipitation Hardening Stainless Mold Steel,"['Manganese, Mn', '0.50 %', '0.50 %', '']","['Tensile Strength, Ultimate', '1310 MPa@Temperature 20.0 °C', '190000 psi@Temperature 68.0 °F', 'Age hardened at 42 HRC']","['Tensile Strength, Yield', '1210 MPa@Temperature 20.0 °C', '175000 psi@Temperature 68.0 °F', 'Age hardened at 42 HRC']","['Elongation at Yield', '14 %@Temperature 20.0 °C', '14 %@Temperature 68.0 °F', 'in 2""']"
EDRO UltraChem® ESR #16 Precipitation Hardening Stainless Mold Steel,"['Nickel, Ni', '4.5 %', '4.5 %', '']","['Tensile Strength, Ultimate', '1310 MPa@Temperature 20.0 °C', '190000 psi@Temperature 68.0 °F', 'Age hardened at 42 HRC']","['Tensile Strength, Yield', '1210 MPa@Temperature 20.0 °C', '175000 psi@Temperature 68.0 °F', 'Age hardened at 42 HRC']","['Elongation at Yield', '14 %@Temperature 20.0 °C', '14 %@Temperature 68.0 °F', 'in 2""']"
EDRO UltraChem® ESR #16 Precipitation Hardening Stainless Mold Steel,"['Niobium, Nb (Columbium, Cb)', '0.25 %', '0.25 %', '']","['Tensile Strength, Ultimate', '1310 MPa@Temperature 20.0 °C', '190000 psi@Temperature 68.0 °F', 'Age hardened at 42 HRC']","['Tensile Strength, Yield', '1210 MPa@Temperature 20.0 °C', '175000 psi@Temperature 68.0 °F', 'Age hardened at 42 HRC']","['Elongation at Yield', '14 %@Temperature 20.0 °C', '14 %@Temperature 68.0 °F', 'in 2""']"
EDRO UltraChem® ESR #16 Precipitation Hardening Stainless Mold Steel,"['Silicon, Si', '0.40 %', '0.40 %', '']","['Tensile Strength, Ultimate', '1310 MPa@Temperature 20.0 °C', '190000 psi@Temperature 68.0 °F', 'Age hardened at 42 HRC']","['Tensile Strength, Yield', '1210 MPa@Temperature 20.0 °C', '175000 psi@Temperature 68.0 °F', 'Age hardened at 42 HRC']","['Elongation at Yield', '14 %@Temperature 20.0 °C', '14 %@Temperature 68.0 °F', 'in 2""']"
EDRO UltraChem® ESR #16 Precipitation Hardening Stainless Mold Steel,['Descriptive Properties'],"['Tensile Strength, Ultimate', '1310 MPa@Temperature 20.0 °C', '190000 psi@Temperature 68.0 °F', 'Age hardened at 42 HRC']","['Tensile Strength, Yield', '1210 MPa@Temperature 20.0 °C', '175000 psi@Temperature 68.0 °F', 'Age hardened at 42 HRC']","['Elongation at Yield', '14 %@Temperature 20.0 °C', '14 %@Temperature 68.0 °F', 'in 2""']"
EDRO #3 Prehardened Mold Quality P20 Alloy Steel,"['Carbon, C', '0.31 %', '0.31 %', '']","['Tensile Strength, Ultimate', '793 MPa@Temperature 399 °C', '115000 psi@Temperature 750 °F', 'Round bar 1"" diameter, 310 HB']","['Tensile Strength, Yield', '627 MPa@Temperature 399 °C', '91000 psi@Temperature 750 °F', 'Round bar 1"" diameter, 310 HB']","['Elongation at Yield', '20 %@Temperature 20.0 °C', '20 %@Temperature 68.0 °F', 'in 2""']"
EDRO #3 Prehardened Mold Quality P20 Alloy Steel,"['Chromium, Cr', '1.2 %', '1.2 %', '']","['Tensile Strength, Ultimate', '793 MPa@Temperature 399 °C', '115000 psi@Temperature 750 °F', 'Round bar 1"" diameter, 310 HB']","['Tensile Strength, Yield', '627 MPa@Temperature 399 °C', '91000 psi@Temperature 750 °F', 'Round bar 1"" diameter, 310 HB']","['Elongation at Yield', '20 %@Temperature 20.0 °C', '20 %@Temperature 68.0 °F', 'in 2""']"
EDRO #3 Prehardened Mold Quality P20 Alloy Steel,"['Iron, Fe', '96.122 %', '96.122 %', 'As Balance']","['Tensile Strength, Ultimate', '793 MPa@Temperature 399 °C', '115000 psi@Temperature 750 °F', 'Round bar 1"" diameter, 310 HB']","['Tensile Strength, Yield', '627 MPa@Temperature 399 °C', '91000 psi@Temperature 750 °F', 'Round bar 1"" diameter, 310 HB']","['Elongation at Yield', '20 %@Temperature 20.0 °C', '20 %@Temperature 68.0 °F', 'in 2""']"
EDRO #3 Prehardened Mold Quality P20 Alloy Steel,"['Manganese, Mn', '0.75 %', '0.75 %', '']","['Tensile Strength, Ultimate', '793 MPa@Temperature 399 °C', '115000 psi@Temperature 750 °F', 'Round bar 1"" diameter, 310 HB']","['Tensile Strength, Yield', '627 MPa@Temperature 399 °C', '91000 psi@Temperature 750 °F', 'Round bar 1"" diameter, 310 HB']","['Elongation at Yield', '20 %@Temperature 20.0 °C', '20 %@Temperature 68.0 °F', 'in 2""']"
EDRO #3 Prehardened Mold Quality P20 Alloy Steel,"['Molybdenum, Mo', '0.41 %', '0.41 %', '']","['Tensile Strength, Ultimate', '793 MPa@Temperature 399 °C', '115000 psi@Temperature 750 °F', 'Round bar 1"" diameter, 310 HB']","['Tensile Strength, Yield', '627 MPa@Temperature 399 °C', '91000 psi@Temperature 750 °F', 'Round bar 1"" diameter, 310 HB']","['Elongation at Yield', '20 %@Temperature 20.0 °C', '20 %@Temperature 68.0 °F', 'in 2""']"
EDRO #3 Prehardened Mold Quality P20 Alloy Steel,"['Nickel, Ni', '0.80 %', '0.80 %', '']","['Tensile Strength, Ultimate', '793 MPa@Temperature 399 °C', '115000 psi@Temperature 750 °F', 'Round bar 1"" diameter, 310 HB']","['Tensile Strength, Yield', '627 MPa@Temperature 399 °C', '91000 psi@Temperature 750 °F', 'Round bar 1"" diameter, 310 HB']","['Elongation at Yield', '20 %@Temperature 20.0 °C', '20 %@Temperature 68.0 °F', 'in 2""']"
EDRO #3 Prehardened Mold Quality P20 Alloy Steel,"['Silicon, Si', '0.40 %', '0.40 %', '']","['Tensile Strength, Ultimate', '793 MPa@Temperature 399 °C', '115000 psi@Temperature 750 °F', 'Round bar 1"" diameter, 310 HB']","['Tensile Strength, Yield', '627 MPa@Temperature 399 °C', '91000 psi@Temperature 750 °F', 'Round bar 1"" diameter, 310 HB']","['Elongation at Yield', '20 %@Temperature 20.0 °C', '20 %@Temperature 68.0 °F', 'in 2""']"
EDRO #3 Prehardened Mold Quality P20 Alloy Steel,"['Sulfur, S', '0.0080 %', '0.0080 %', '']","['Tensile Strength, Ultimate', '793 MPa@Temperature 399 °C', '115000 psi@Temperature 750 °F', 'Round bar 1"" diameter, 310 HB']","['Tensile Strength, Yield', '627 MPa@Temperature 399 °C', '91000 psi@Temperature 750 °F', 'Round bar 1"" diameter, 310 HB']","['Elongation at Yield', '20 %@Temperature 20.0 °C', '20 %@Temperature 68.0 °F', 'in 2""']"
EDRO #3 Prehardened Mold Quality P20 Alloy Steel,['Descriptive Properties'],"['Tensile Strength, Ultimate', '793 MPa@Temperature 399 °C', '115000 psi@Temperature 750 °F', 'Round bar 1"" diameter, 310 HB']","['Tensile Strength, Yield', '627 MPa@Temperature 399 °C', '91000 psi@Temperature 750 °F', 'Round bar 1"" diameter, 310 HB']","['Elongation at Yield', '20 %@Temperature 20.0 °C', '20 %@Temperature 68.0 °F', 'in 2""']"
EDRO #8 Premium 420 Stainless Mold Steel,"['Carbon, C', '0.38 %', '0.38 %', '']","['Tensile Strength, Ultimate', '1420 MPa', '206000 psi', '45 HRC, Round bar 1"" diameter, Hardened in oil from 1880°F and tempered twice']","['Tensile Strength, Yield', '1280 MPa', '185000 psi', '45 HRC, Round bar 1"" diameter, Hardened in oil from 1880°F and tempered twice']","['Elongation at Yield', '8.0 %', '8.0 %', 'in 2"", 55 HRC, Round bar 1"" diameter, Hardened in oil from 1880°F and tempered twice']"
EDRO #8 Premium 420 Stainless Mold Steel,"['Chromium, Cr', '13.6 %', '13.6 %', '']","['Tensile Strength, Ultimate', '1420 MPa', '206000 psi', '45 HRC, Round bar 1"" diameter, Hardened in oil from 1880°F and tempered twice']","['Tensile Strength, Yield', '1280 MPa', '185000 psi', '45 HRC, Round bar 1"" diameter, Hardened in oil from 1880°F and tempered twice']","['Elongation at Yield', '8.0 %', '8.0 %', 'in 2"", 55 HRC, Round bar 1"" diameter, Hardened in oil from 1880°F and tempered twice']"
EDRO #8 Premium 420 Stainless Mold Steel,"['Iron, Fe', '84.42 %', '84.42 %', 'As Balance']","['Tensile Strength, Ultimate', '1420 MPa', '206000 psi', '45 HRC, Round bar 1"" diameter, Hardened in oil from 1880°F and tempered twice']","['Tensile Strength, Yield', '1280 MPa', '185000 psi', '45 HRC, Round bar 1"" diameter, Hardened in oil from 1880°F and tempered twice']","['Elongation at Yield', '8.0 %', '8.0 %', 'in 2"", 55 HRC, Round bar 1"" diameter, Hardened in oil from 1880°F and tempered twice']"
EDRO #8 Premium 420 Stainless Mold Steel,"['Manganese, Mn', '0.50 %', '0.50 %', '']","['Tensile Strength, Ultimate', '1420 MPa', '206000 psi', '45 HRC, Round bar 1"" diameter, Hardened in oil from 1880°F and tempered twice']","['Tensile Strength, Yield', '1280 MPa', '185000 psi', '45 HRC, Round bar 1"" diameter, Hardened in oil from 1880°F and tempered twice']","['Elongation at Yield', '8.0 %', '8.0 %', 'in 2"", 55 HRC, Round bar 1"" diameter, Hardened in oil from 1880°F and tempered twice']"
EDRO #8 Premium 420 Stainless Mold Steel,"['Silicon, Si', '0.80 %', '0.80 %', '']","['Tensile Strength, Ultimate', '1420 MPa', '206000 psi', '45 HRC, Round bar 1"" diameter, Hardened in oil from 1880°F and tempered twice']","['Tensile Strength, Yield', '1280 MPa', '185000 psi', '45 HRC, Round bar 1"" diameter, Hardened in oil from 1880°F and tempered twice']","['Elongation at Yield', '8.0 %', '8.0 %', 'in 2"", 55 HRC, Round bar 1"" diameter, Hardened in oil from 1880°F and tempered twice']"
EDRO #8 Premium 420 Stainless Mold Steel,"['Vanadium, V', '0.30 %', '0.30 %', '']","['Tensile Strength, Ultimate', '1420 MPa', '206000 psi', '45 HRC, Round bar 1"" diameter, Hardened in oil from 1880°F and tempered twice']","['Tensile Strength, Yield', '1280 MPa', '185000 psi', '45 HRC, Round bar 1"" diameter, Hardened in oil from 1880°F and tempered twice']","['Elongation at Yield', '8.0 %', '8.0 %', 'in 2"", 55 HRC, Round bar 1"" diameter, Hardened in oil from 1880°F and tempered twice']"
EDRO #8 Premium 420 Stainless Mold Steel,['Descriptive Properties'],"['Tensile Strength, Ultimate', '1420 MPa', '206000 psi', '45 HRC, Round bar 1"" diameter, Hardened in oil from 1880°F and tempered twice']","['Tensile Strength, Yield', '1280 MPa', '185000 psi', '45 HRC, Round bar 1"" diameter, Hardened in oil from 1880°F and tempered twice']","['Elongation at Yield', '8.0 %', '8.0 %', 'in 2"", 55 HRC, Round bar 1"" diameter, Hardened in oil from 1880°F and tempered twice']"
EDRO #5 H13-Hot Work Tool Steel,"['Carbon, C', '0.40 %', '0.40 %', '']","['Tensile Strength, Ultimate', '1420 MPa@Temperature 20.0 °C', '206000 psi@Temperature 68.0 °F', '45 HRC']","['Tensile Strength, Yield', '1280 MPa@Temperature 20.0 °C', '185000 psi@Temperature 68.0 °F', '45 HRC']","['Elongation at Yield', '10 %@Temperature 20.0 °C', '10 %@Temperature 68.0 °F', 'in 2"", 52 HRC']"
EDRO #5 H13-Hot Work Tool Steel,"['Chromium, Cr', '5.3 %', '5.3 %', '']","['Tensile Strength, Ultimate', '1420 MPa@Temperature 20.0 °C', '206000 psi@Temperature 68.0 °F', '45 HRC']","['Tensile Strength, Yield', '1280 MPa@Temperature 20.0 °C', '185000 psi@Temperature 68.0 °F', '45 HRC']","['Elongation at Yield', '10 %@Temperature 20.0 °C', '10 %@Temperature 68.0 °F', 'in 2"", 52 HRC']"
EDRO #5 H13-Hot Work Tool Steel,"['Iron, Fe', '90.5 %', '90.5 %', 'As Balance']","['Tensile Strength, Ultimate', '1420 MPa@Temperature 20.0 °C', '206000 psi@Temperature 68.0 °F', '45 HRC']","['Tensile Strength, Yield', '1280 MPa@Temperature 20.0 °C', '185000 psi@Temperature 68.0 °F', '45 HRC']","['Elongation at Yield', '10 %@Temperature 20.0 °C', '10 %@Temperature 68.0 °F', 'in 2"", 52 HRC']"
EDRO #5 H13-Hot Work Tool Steel,"['Manganese, Mn', '0.40 %', '0.40 %', '']","['Tensile Strength, Ultimate', '1420 MPa@Temperature 20.0 °C', '206000 psi@Temperature 68.0 °F', '45 HRC']","['Tensile Strength, Yield', '1280 MPa@Temperature 20.0 °C', '185000 psi@Temperature 68.0 °F', '45 HRC']","['Elongation at Yield', '10 %@Temperature 20.0 °C', '10 %@Temperature 68.0 °F', 'in 2"", 52 HRC']"
EDRO #5 H13-Hot Work Tool Steel,"['Molybdenum, Mo', '1.4 %', '1.4 %', '']","['Tensile Strength, Ultimate', '1420 MPa@Temperature 20.0 °C', '206000 psi@Temperature 68.0 °F', '45 HRC']","['Tensile Strength, Yield', '1280 MPa@Temperature 20.0 °C', '185000 psi@Temperature 68.0 °F', '45 HRC']","['Elongation at Yield', '10 %@Temperature 20.0 °C', '10 %@Temperature 68.0 °F', 'in 2"", 52 HRC']"
EDRO #5 H13-Hot Work Tool Steel,"['Silicon, Si', '1.0 %', '1.0 %', '']","['Tensile Strength, Ultimate', '1420 MPa@Temperature 20.0 °C', '206000 psi@Temperature 68.0 °F', '45 HRC']","['Tensile Strength, Yield', '1280 MPa@Temperature 20.0 °C', '185000 psi@Temperature 68.0 °F', '45 HRC']","['Elongation at Yield', '10 %@Temperature 20.0 °C', '10 %@Temperature 68.0 °F', 'in 2"", 52 HRC']"
EDRO #5 H13-Hot Work Tool Steel,"['Vanadium, V', '1.0 %', '1.0 %', '']","['Tensile Strength, Ultimate', '1420 MPa@Temperature 20.0 °C', '206000 psi@Temperature 68.0 °F', '45 HRC']","['Tensile Strength, Yield', '1280 MPa@Temperature 20.0 °C', '185000 psi@Temperature 68.0 °F', '45 HRC']","['Elongation at Yield', '10 %@Temperature 20.0 °C', '10 %@Temperature 68.0 °F', 'in 2"", 52 HRC']"
EDRO #5 H13-Hot Work Tool Steel,['Descriptive Properties'],"['Tensile Strength, Ultimate', '1420 MPa@Temperature 20.0 °C', '206000 psi@Temperature 68.0 °F', '45 HRC']","['Tensile Strength, Yield', '1280 MPa@Temperature 20.0 °C', '185000 psi@Temperature 68.0 °F', '45 HRC']","['Elongation at Yield', '10 %@Temperature 20.0 °C', '10 %@Temperature 68.0 °F', 'in 2"", 52 HRC']"
EDRO #45 Free Machining Carbon Steel,"['Carbon, C', '0.42 - 0.50 %', '0.42 - 0.50 %', '']","['Tensile Strength, Ultimate', '662 MPa', '96000 psi', '1"" thick plate as rolled']","['Tensile Strength, Yield', '386 MPa', '56000 psi', '']","['Elongation at Yield', '20 %', '20 %', 'in 2""']"
EDRO #45 Free Machining Carbon Steel,"['Iron, Fe', '97.43 - 98.24 %', '97.43 - 98.24 %', '']","['Tensile Strength, Ultimate', '662 MPa', '96000 psi', '1"" thick plate as rolled']","['Tensile Strength, Yield', '386 MPa', '56000 psi', '']","['Elongation at Yield', '20 %', '20 %', 'in 2""']"
EDRO #45 Free Machining Carbon Steel,"['Manganese, Mn', '1.0 - 1.3 %', '1.0 - 1.3 %', '']","['Tensile Strength, Ultimate', '662 MPa', '96000 psi', '1"" thick plate as rolled']","['Tensile Strength, Yield', '386 MPa', '56000 psi', '']","['Elongation at Yield', '20 %', '20 %', 'in 2""']"
EDRO #45 Free Machining Carbon Steel,"['Phosphorous, P', '<= 0.040 %', '<= 0.040 %', '']","['Tensile Strength, Ultimate', '662 MPa', '96000 psi', '1"" thick plate as rolled']","['Tensile Strength, Yield', '386 MPa', '56000 psi', '']","['Elongation at Yield', '20 %', '20 %', 'in 2""']"
EDRO #45 Free Machining Carbon Steel,"['Silicon, Si', '0.10 - 0.40 %', '0.10 - 0.40 %', '']","['Tensile Strength, Ultimate', '662 MPa', '96000 psi', '1"" thick plate as rolled']","['Tensile Strength, Yield', '386 MPa', '56000 psi', '']","['Elongation at Yield', '20 %', '20 %', 'in 2""']"
EDRO #45 Free Machining Carbon Steel,"['Sulfur, S', '0.24 - 0.33 %', '0.24 - 0.33 %', '']","['Tensile Strength, Ultimate', '662 MPa', '96000 psi', '1"" thick plate as rolled']","['Tensile Strength, Yield', '386 MPa', '56000 psi', '']","['Elongation at Yield', '20 %', '20 %', 'in 2""']"
EDRO #45 Free Machining Carbon Steel,['Descriptive Properties'],"['Tensile Strength, Ultimate', '662 MPa', '96000 psi', '1"" thick plate as rolled']","['Tensile Strength, Yield', '386 MPa', '56000 psi', '']","['Elongation at Yield', '20 %', '20 %', 'in 2""']"
