Overview of materials for Gold Alloy,"['Cadmium, Cd', '0.00100 %', '0.00100 %', 'Average value: 0.00100 % Grade Count:5']","['Tensile Strength, Ultimate', '0.180 - 1900 MPa', '26.1 - 276000 psi', 'Average value: 422 MPa Grade Count:64']","['Tensile Strength, Yield', '80.0 - 900 MPa', '11600 - 131000 psi', 'Average value: 461 MPa Grade Count:37']","['Elongation at Break', '1.20 - 50.0 %', '1.20 - 50.0 %', 'Average value: 19.8 % Grade Count:65']"
Overview of materials for Gold Alloy,"['Carbon, C', '0.00500 - 0.0100 %', '0.00500 - 0.0100 %', 'Average value: 0.00875 % Grade Count:4']","['Tensile Strength, Ultimate', '0.180 - 1900 MPa', '26.1 - 276000 psi', 'Average value: 422 MPa Grade Count:64']","['Tensile Strength, Yield', '80.0 - 900 MPa', '11600 - 131000 psi', 'Average value: 461 MPa Grade Count:37']","['Elongation at Break', '1.20 - 50.0 %', '1.20 - 50.0 %', 'Average value: 19.8 % Grade Count:65']"
Overview of materials for Gold Alloy,"['Copper, Cu', '0.000 - 97.0 %', '0.000 - 97.0 %', 'Average value: 20.1 % Grade Count:81']","['Tensile Strength, Ultimate', '0.180 - 1900 MPa', '26.1 - 276000 psi', 'Average value: 422 MPa Grade Count:64']","['Tensile Strength, Yield', '80.0 - 900 MPa', '11600 - 131000 psi', 'Average value: 461 MPa Grade Count:37']","['Elongation at Break', '1.20 - 50.0 %', '1.20 - 50.0 %', 'Average value: 19.8 % Grade Count:65']"
Overview of materials for Gold Alloy,"['Germanium, Ge', '12.0 %', '12.0 %', 'Average value: 12.0 % Grade Count:5']","['Tensile Strength, Ultimate', '0.180 - 1900 MPa', '26.1 - 276000 psi', 'Average value: 422 MPa Grade Count:64']","['Tensile Strength, Yield', '80.0 - 900 MPa', '11600 - 131000 psi', 'Average value: 461 MPa Grade Count:37']","['Elongation at Break', '1.20 - 50.0 %', '1.20 - 50.0 %', 'Average value: 19.8 % Grade Count:65']"
Overview of materials for Gold Alloy,"['Gold, Au', '3.00 - 100 %', '3.00 - 100 %', 'Average value: 69.5 % Grade Count:174']","['Tensile Strength, Ultimate', '0.180 - 1900 MPa', '26.1 - 276000 psi', 'Average value: 422 MPa Grade Count:64']","['Tensile Strength, Yield', '80.0 - 900 MPa', '11600 - 131000 psi', 'Average value: 461 MPa Grade Count:37']","['Elongation at Break', '1.20 - 50.0 %', '1.20 - 50.0 %', 'Average value: 19.8 % Grade Count:65']"
Overview of materials for Gold Alloy,"['Indium, In', '0.200 - 25.0 %', '0.200 - 25.0 %', 'Average value: 4.73 % Grade Count:31']","['Tensile Strength, Ultimate', '0.180 - 1900 MPa', '26.1 - 276000 psi', 'Average value: 422 MPa Grade Count:64']","['Tensile Strength, Yield', '80.0 - 900 MPa', '11600 - 131000 psi', 'Average value: 461 MPa Grade Count:37']","['Elongation at Break', '1.20 - 50.0 %', '1.20 - 50.0 %', 'Average value: 19.8 % Grade Count:65']"
Overview of materials for Gold Alloy,"['Iridium, Ir', '0.100 - 0.300 %', '0.100 - 0.300 %', 'Average value: 0.122 % Grade Count:27']","['Tensile Strength, Ultimate', '0.180 - 1900 MPa', '26.1 - 276000 psi', 'Average value: 422 MPa Grade Count:64']","['Tensile Strength, Yield', '80.0 - 900 MPa', '11600 - 131000 psi', 'Average value: 461 MPa Grade Count:37']","['Elongation at Break', '1.20 - 50.0 %', '1.20 - 50.0 %', 'Average value: 19.8 % Grade Count:65']"
Overview of materials for Gold Alloy,"['Iron, Fe', '0.200 - 1.00 %', '0.200 - 1.00 %', 'Average value: 0.400 % Grade Count:4']","['Tensile Strength, Ultimate', '0.180 - 1900 MPa', '26.1 - 276000 psi', 'Average value: 422 MPa Grade Count:64']","['Tensile Strength, Yield', '80.0 - 900 MPa', '11600 - 131000 psi', 'Average value: 461 MPa Grade Count:37']","['Elongation at Break', '1.20 - 50.0 %', '1.20 - 50.0 %', 'Average value: 19.8 % Grade Count:65']"
Overview of materials for Gold Alloy,"['Lead, Pb', '0.00200 %', '0.00200 %', 'Average value: 0.00200 % Grade Count:5']","['Tensile Strength, Ultimate', '0.180 - 1900 MPa', '26.1 - 276000 psi', 'Average value: 422 MPa Grade Count:64']","['Tensile Strength, Yield', '80.0 - 900 MPa', '11600 - 131000 psi', 'Average value: 461 MPa Grade Count:37']","['Elongation at Break', '1.20 - 50.0 %', '1.20 - 50.0 %', 'Average value: 19.8 % Grade Count:65']"
Overview of materials for Gold Alloy,"['Manganese, Mn', '6.80 - 16.0 %', '6.80 - 16.0 %', 'Average value: 10.2 % Grade Count:4']","['Tensile Strength, Ultimate', '0.180 - 1900 MPa', '26.1 - 276000 psi', 'Average value: 422 MPa Grade Count:64']","['Tensile Strength, Yield', '80.0 - 900 MPa', '11600 - 131000 psi', 'Average value: 461 MPa Grade Count:37']","['Elongation at Break', '1.20 - 50.0 %', '1.20 - 50.0 %', 'Average value: 19.8 % Grade Count:65']"
Overview of materials for Gold Alloy,"['Nickel, Ni', '1.15 - 36.0 %', '1.15 - 36.0 %', 'Average value: 18.1 % Grade Count:31']","['Tensile Strength, Ultimate', '0.180 - 1900 MPa', '26.1 - 276000 psi', 'Average value: 422 MPa Grade Count:64']","['Tensile Strength, Yield', '80.0 - 900 MPa', '11600 - 131000 psi', 'Average value: 461 MPa Grade Count:37']","['Elongation at Break', '1.20 - 50.0 %', '1.20 - 50.0 %', 'Average value: 19.8 % Grade Count:65']"
Overview of materials for Gold Alloy,"['Palladium, Pd', '1.00 - 35.0 %', '1.00 - 35.0 %', 'Average value: 11.2 % Grade Count:50']","['Tensile Strength, Ultimate', '0.180 - 1900 MPa', '26.1 - 276000 psi', 'Average value: 422 MPa Grade Count:64']","['Tensile Strength, Yield', '80.0 - 900 MPa', '11600 - 131000 psi', 'Average value: 461 MPa Grade Count:37']","['Elongation at Break', '1.20 - 50.0 %', '1.20 - 50.0 %', 'Average value: 19.8 % Grade Count:65']"
Overview of materials for Gold Alloy,"['Phosphorous, P', '0.00200 - 0.200 %', '0.00200 - 0.200 %', 'Average value: 0.0416 % Grade Count:5']","['Tensile Strength, Ultimate', '0.180 - 1900 MPa', '26.1 - 276000 psi', 'Average value: 422 MPa Grade Count:64']","['Tensile Strength, Yield', '80.0 - 900 MPa', '11600 - 131000 psi', 'Average value: 461 MPa Grade Count:37']","['Elongation at Break', '1.20 - 50.0 %', '1.20 - 50.0 %', 'Average value: 19.8 % Grade Count:65']"
Overview of materials for Gold Alloy,"['Platinum, Pt', '0.400 - 30.0 %', '0.400 - 30.0 %', 'Average value: 9.15 % Grade Count:39']","['Tensile Strength, Ultimate', '0.180 - 1900 MPa', '26.1 - 276000 psi', 'Average value: 422 MPa Grade Count:64']","['Tensile Strength, Yield', '80.0 - 900 MPa', '11600 - 131000 psi', 'Average value: 461 MPa Grade Count:37']","['Elongation at Break', '1.20 - 50.0 %', '1.20 - 50.0 %', 'Average value: 19.8 % Grade Count:65']"
Overview of materials for Gold Alloy,"['Rhenium, Re', '0.100 %', '0.100 %', 'Average value: 0.100 % Grade Count:10']","['Tensile Strength, Ultimate', '0.180 - 1900 MPa', '26.1 - 276000 psi', 'Average value: 422 MPa Grade Count:64']","['Tensile Strength, Yield', '80.0 - 900 MPa', '11600 - 131000 psi', 'Average value: 461 MPa Grade Count:37']","['Elongation at Break', '1.20 - 50.0 %', '1.20 - 50.0 %', 'Average value: 19.8 % Grade Count:65']"
Overview of materials for Gold Alloy,"['Rhodium, Rh', '0.500 - 0.700 %', '0.500 - 0.700 %', 'Average value: 0.533 % Grade Count:6']","['Tensile Strength, Ultimate', '0.180 - 1900 MPa', '26.1 - 276000 psi', 'Average value: 422 MPa Grade Count:64']","['Tensile Strength, Yield', '80.0 - 900 MPa', '11600 - 131000 psi', 'Average value: 461 MPa Grade Count:37']","['Elongation at Break', '1.20 - 50.0 %', '1.20 - 50.0 %', 'Average value: 19.8 % Grade Count:65']"
Overview of materials for Gold Alloy,"['Silicon, Si', '2.00 - 3.20 %', '2.00 - 3.20 %', 'Average value: 2.78 % Grade Count:3']","['Tensile Strength, Ultimate', '0.180 - 1900 MPa', '26.1 - 276000 psi', 'Average value: 422 MPa Grade Count:64']","['Tensile Strength, Yield', '80.0 - 900 MPa', '11600 - 131000 psi', 'Average value: 461 MPa Grade Count:37']","['Elongation at Break', '1.20 - 50.0 %', '1.20 - 50.0 %', 'Average value: 19.8 % Grade Count:65']"
Overview of materials for Gold Alloy,"['Silver, Ag', '0.500 - 59.2 %', '0.500 - 59.2 %', 'Average value: 17.5 % Grade Count:86']","['Tensile Strength, Ultimate', '0.180 - 1900 MPa', '26.1 - 276000 psi', 'Average value: 422 MPa Grade Count:64']","['Tensile Strength, Yield', '80.0 - 900 MPa', '11600 - 131000 psi', 'Average value: 461 MPa Grade Count:37']","['Elongation at Break', '1.20 - 50.0 %', '1.20 - 50.0 %', 'Average value: 19.8 % Grade Count:65']"
Overview of materials for Gold Alloy,"['Tin, Sn', '0.100 - 22.0 %', '0.100 - 22.0 %', 'Average value: 11.7 % Grade Count:9']","['Tensile Strength, Ultimate', '0.180 - 1900 MPa', '26.1 - 276000 psi', 'Average value: 422 MPa Grade Count:64']","['Tensile Strength, Yield', '80.0 - 900 MPa', '11600 - 131000 psi', 'Average value: 461 MPa Grade Count:37']","['Elongation at Break', '1.20 - 50.0 %', '1.20 - 50.0 %', 'Average value: 19.8 % Grade Count:65']"
Overview of materials for Gold Alloy,"['Zinc, Zn', '0.00100 - 14.5 %', '0.00100 - 14.5 %', 'Average value: 5.98 % Grade Count:52']","['Tensile Strength, Ultimate', '0.180 - 1900 MPa', '26.1 - 276000 psi', 'Average value: 422 MPa Grade Count:64']","['Tensile Strength, Yield', '80.0 - 900 MPa', '11600 - 131000 psi', 'Average value: 461 MPa Grade Count:37']","['Elongation at Break', '1.20 - 50.0 %', '1.20 - 50.0 %', 'Average value: 19.8 % Grade Count:65']"
Overview of materials for Palladium Alloy,"['Copper, Cu', '4.00 - 40.0 %', '4.00 - 40.0 %', 'Average value: 17.5 % Grade Count:9']","['Tensile Strength, Ultimate', '172 - 1330 MPa', '24900 - 193000 psi', 'Average value: 463 MPa Grade Count:34']","['Tensile Strength, Yield', '260 - 990 MPa', '37700 - 144000 psi', 'Average value: 572 MPa Grade Count:9']","['Elongation at Break', '2.00 - 45.0 %', '2.00 - 45.0 %', 'Average value: 15.4 % Grade Count:30']"
Overview of materials for Palladium Alloy,"['Gallium, Ga', '1.50 - 9.00 %', '1.50 - 9.00 %', 'Average value: 5.00 % Grade Count:5']","['Tensile Strength, Ultimate', '172 - 1330 MPa', '24900 - 193000 psi', 'Average value: 463 MPa Grade Count:34']","['Tensile Strength, Yield', '260 - 990 MPa', '37700 - 144000 psi', 'Average value: 572 MPa Grade Count:9']","['Elongation at Break', '2.00 - 45.0 %', '2.00 - 45.0 %', 'Average value: 15.4 % Grade Count:30']"
Overview of materials for Palladium Alloy,"['Gold, Au', '2.00 - 57.5 %', '2.00 - 57.5 %', 'Average value: 23.3 % Grade Count:10']","['Tensile Strength, Ultimate', '172 - 1330 MPa', '24900 - 193000 psi', 'Average value: 463 MPa Grade Count:34']","['Tensile Strength, Yield', '260 - 990 MPa', '37700 - 144000 psi', 'Average value: 572 MPa Grade Count:9']","['Elongation at Break', '2.00 - 45.0 %', '2.00 - 45.0 %', 'Average value: 15.4 % Grade Count:30']"
Overview of materials for Palladium Alloy,"['Indium, In', '0.900 - 9.00 %', '0.900 - 9.00 %', 'Average value: 4.98 % Grade Count:5']","['Tensile Strength, Ultimate', '172 - 1330 MPa', '24900 - 193000 psi', 'Average value: 463 MPa Grade Count:34']","['Tensile Strength, Yield', '260 - 990 MPa', '37700 - 144000 psi', 'Average value: 572 MPa Grade Count:9']","['Elongation at Break', '2.00 - 45.0 %', '2.00 - 45.0 %', 'Average value: 15.4 % Grade Count:30']"
Overview of materials for Palladium Alloy,"['Nickel, Ni', '1.00 - 50.0 %', '1.00 - 50.0 %', 'Average value: 17.6 % Grade Count:8']","['Tensile Strength, Ultimate', '172 - 1330 MPa', '24900 - 193000 psi', 'Average value: 463 MPa Grade Count:34']","['Tensile Strength, Yield', '260 - 990 MPa', '37700 - 144000 psi', 'Average value: 572 MPa Grade Count:9']","['Elongation at Break', '2.00 - 45.0 %', '2.00 - 45.0 %', 'Average value: 15.4 % Grade Count:30']"
Overview of materials for Palladium Alloy,"['Palladium, Pd', '23.0 - 100 %', '23.0 - 100 %', 'Average value: 70.7 % Grade Count:55']","['Tensile Strength, Ultimate', '172 - 1330 MPa', '24900 - 193000 psi', 'Average value: 463 MPa Grade Count:34']","['Tensile Strength, Yield', '260 - 990 MPa', '37700 - 144000 psi', 'Average value: 572 MPa Grade Count:9']","['Elongation at Break', '2.00 - 45.0 %', '2.00 - 45.0 %', 'Average value: 15.4 % Grade Count:30']"
Overview of materials for Palladium Alloy,"['Platinum, Pt', '1.00 - 40.0 %', '1.00 - 40.0 %', 'Average value: 14.8 % Grade Count:8']","['Tensile Strength, Ultimate', '172 - 1330 MPa', '24900 - 193000 psi', 'Average value: 463 MPa Grade Count:34']","['Tensile Strength, Yield', '260 - 990 MPa', '37700 - 144000 psi', 'Average value: 572 MPa Grade Count:9']","['Elongation at Break', '2.00 - 45.0 %', '2.00 - 45.0 %', 'Average value: 15.4 % Grade Count:30']"
Overview of materials for Palladium Alloy,"['Ruthenium, Ru', '0.100 - 11.0 %', '0.100 - 11.0 %', 'Average value: 3.92 % Grade Count:12']","['Tensile Strength, Ultimate', '172 - 1330 MPa', '24900 - 193000 psi', 'Average value: 463 MPa Grade Count:34']","['Tensile Strength, Yield', '260 - 990 MPa', '37700 - 144000 psi', 'Average value: 572 MPa Grade Count:9']","['Elongation at Break', '2.00 - 45.0 %', '2.00 - 45.0 %', 'Average value: 15.4 % Grade Count:30']"
Overview of materials for Palladium Alloy,"['Silver, Ag', '2.00 - 63.5 %', '2.00 - 63.5 %', 'Average value: 30.8 % Grade Count:27']","['Tensile Strength, Ultimate', '172 - 1330 MPa', '24900 - 193000 psi', 'Average value: 463 MPa Grade Count:34']","['Tensile Strength, Yield', '260 - 990 MPa', '37700 - 144000 psi', 'Average value: 572 MPa Grade Count:9']","['Elongation at Break', '2.00 - 45.0 %', '2.00 - 45.0 %', 'Average value: 15.4 % Grade Count:30']"
Overview of materials for Palladium Alloy,"['Tin, Sn', '2.70 - 9.00 %', '2.70 - 9.00 %', 'Average value: 4.80 % Grade Count:4']","['Tensile Strength, Ultimate', '172 - 1330 MPa', '24900 - 193000 psi', 'Average value: 463 MPa Grade Count:34']","['Tensile Strength, Yield', '260 - 990 MPa', '37700 - 144000 psi', 'Average value: 572 MPa Grade Count:9']","['Elongation at Break', '2.00 - 45.0 %', '2.00 - 45.0 %', 'Average value: 15.4 % Grade Count:30']"
Overview of materials for Palladium Alloy,"['Zinc, Zn', '1.00 - 2.50 %', '1.00 - 2.50 %', 'Average value: 1.83 % Grade Count:3']","['Tensile Strength, Ultimate', '172 - 1330 MPa', '24900 - 193000 psi', 'Average value: 463 MPa Grade Count:34']","['Tensile Strength, Yield', '260 - 990 MPa', '37700 - 144000 psi', 'Average value: 572 MPa Grade Count:9']","['Elongation at Break', '2.00 - 45.0 %', '2.00 - 45.0 %', 'Average value: 15.4 % Grade Count:30']"
Overview of materials for Platinum Alloy,"['Cobalt, Co', '5.00 - 23.3 %', '5.00 - 23.3 %', 'Average value: 11.1 % Grade Count:3']","['Tensile Strength, Ultimate', '125 - 2070 MPa', '18100 - 300000 psi', 'Average value: 741 MPa Grade Count:81']","['Tensile Strength, Yield', '190 - 1520 MPa', '27600 - 220000 psi', 'Average value: 651 MPa Grade Count:8']","['Elongation at Break', '0.500 - 35.0 %', '0.500 - 35.0 %', 'Average value: 15.8 % Grade Count:63']"
Overview of materials for Platinum Alloy,"['Copper, Cu', '0.400 - 5.00 %', '0.400 - 5.00 %', 'Average value: 3.10 % Grade Count:4']","['Tensile Strength, Ultimate', '125 - 2070 MPa', '18100 - 300000 psi', 'Average value: 741 MPa Grade Count:81']","['Tensile Strength, Yield', '190 - 1520 MPa', '27600 - 220000 psi', 'Average value: 651 MPa Grade Count:8']","['Elongation at Break', '0.500 - 35.0 %', '0.500 - 35.0 %', 'Average value: 15.8 % Grade Count:63']"
Overview of materials for Platinum Alloy,"['Gold, Au', '5.00 - 85.5 %', '5.00 - 85.5 %', 'Average value: 68.6 % Grade Count:6']","['Tensile Strength, Ultimate', '125 - 2070 MPa', '18100 - 300000 psi', 'Average value: 741 MPa Grade Count:81']","['Tensile Strength, Yield', '190 - 1520 MPa', '27600 - 220000 psi', 'Average value: 651 MPa Grade Count:8']","['Elongation at Break', '0.500 - 35.0 %', '0.500 - 35.0 %', 'Average value: 15.8 % Grade Count:63']"
Overview of materials for Platinum Alloy,"['Indium, In', '0.300 - 4.00 %', '0.300 - 4.00 %', 'Average value: 1.77 % Grade Count:3']","['Tensile Strength, Ultimate', '125 - 2070 MPa', '18100 - 300000 psi', 'Average value: 741 MPa Grade Count:81']","['Tensile Strength, Yield', '190 - 1520 MPa', '27600 - 220000 psi', 'Average value: 651 MPa Grade Count:8']","['Elongation at Break', '0.500 - 35.0 %', '0.500 - 35.0 %', 'Average value: 15.8 % Grade Count:63']"
Overview of materials for Platinum Alloy,"['Iridium, Ir', '0.100 - 35.0 %', '0.100 - 35.0 %', 'Average value: 16.0 % Grade Count:26']","['Tensile Strength, Ultimate', '125 - 2070 MPa', '18100 - 300000 psi', 'Average value: 741 MPa Grade Count:81']","['Tensile Strength, Yield', '190 - 1520 MPa', '27600 - 220000 psi', 'Average value: 651 MPa Grade Count:8']","['Elongation at Break', '0.500 - 35.0 %', '0.500 - 35.0 %', 'Average value: 15.8 % Grade Count:63']"
Overview of materials for Platinum Alloy,"['Iron, Fe', '0.200 %', '0.200 %', 'Average value: 0.200 % Grade Count:3']","['Tensile Strength, Ultimate', '125 - 2070 MPa', '18100 - 300000 psi', 'Average value: 741 MPa Grade Count:81']","['Tensile Strength, Yield', '190 - 1520 MPa', '27600 - 220000 psi', 'Average value: 651 MPa Grade Count:8']","['Elongation at Break', '0.500 - 35.0 %', '0.500 - 35.0 %', 'Average value: 15.8 % Grade Count:63']"
Overview of materials for Platinum Alloy,"['Nickel, Ni', '5.00 - 20.0 %', '5.00 - 20.0 %', 'Average value: 10.0 % Grade Count:8']","['Tensile Strength, Ultimate', '125 - 2070 MPa', '18100 - 300000 psi', 'Average value: 741 MPa Grade Count:81']","['Tensile Strength, Yield', '190 - 1520 MPa', '27600 - 220000 psi', 'Average value: 651 MPa Grade Count:8']","['Elongation at Break', '0.500 - 35.0 %', '0.500 - 35.0 %', 'Average value: 15.8 % Grade Count:63']"
Overview of materials for Platinum Alloy,"['Palladium, Pd', '4.50 - 40.0 %', '4.50 - 40.0 %', 'Average value: 15.5 % Grade Count:9']","['Tensile Strength, Ultimate', '125 - 2070 MPa', '18100 - 300000 psi', 'Average value: 741 MPa Grade Count:81']","['Tensile Strength, Yield', '190 - 1520 MPa', '27600 - 220000 psi', 'Average value: 651 MPa Grade Count:8']","['Elongation at Break', '0.500 - 35.0 %', '0.500 - 35.0 %', 'Average value: 15.8 % Grade Count:63']"
Overview of materials for Platinum Alloy,"['Platinum, Pt', '8.30 - 100 %', '8.30 - 100 %', 'Average value: 84.3 % Grade Count:107']","['Tensile Strength, Ultimate', '125 - 2070 MPa', '18100 - 300000 psi', 'Average value: 741 MPa Grade Count:81']","['Tensile Strength, Yield', '190 - 1520 MPa', '27600 - 220000 psi', 'Average value: 651 MPa Grade Count:8']","['Elongation at Break', '0.500 - 35.0 %', '0.500 - 35.0 %', 'Average value: 15.8 % Grade Count:63']"
Overview of materials for Platinum Alloy,"['Rhodium, Rh', '0.500 - 40.0 %', '0.500 - 40.0 %', 'Average value: 15.6 % Grade Count:22']","['Tensile Strength, Ultimate', '125 - 2070 MPa', '18100 - 300000 psi', 'Average value: 741 MPa Grade Count:81']","['Tensile Strength, Yield', '190 - 1520 MPa', '27600 - 220000 psi', 'Average value: 651 MPa Grade Count:8']","['Elongation at Break', '0.500 - 35.0 %', '0.500 - 35.0 %', 'Average value: 15.8 % Grade Count:63']"
Overview of materials for Platinum Alloy,"['Ruthenium, Ru', '5.00 - 14.0 %', '5.00 - 14.0 %', 'Average value: 7.73 % Grade Count:17']","['Tensile Strength, Ultimate', '125 - 2070 MPa', '18100 - 300000 psi', 'Average value: 741 MPa Grade Count:81']","['Tensile Strength, Yield', '190 - 1520 MPa', '27600 - 220000 psi', 'Average value: 651 MPa Grade Count:8']","['Elongation at Break', '0.500 - 35.0 %', '0.500 - 35.0 %', 'Average value: 15.8 % Grade Count:63']"
Overview of materials for Platinum Alloy,"['Tungsten, W', '0.500 - 8.00 %', '0.500 - 8.00 %', 'Average value: 5.13 % Grade Count:12']","['Tensile Strength, Ultimate', '125 - 2070 MPa', '18100 - 300000 psi', 'Average value: 741 MPa Grade Count:81']","['Tensile Strength, Yield', '190 - 1520 MPa', '27600 - 220000 psi', 'Average value: 651 MPa Grade Count:8']","['Elongation at Break', '0.500 - 35.0 %', '0.500 - 35.0 %', 'Average value: 15.8 % Grade Count:63']"
Overview of materials for Platinum Alloy,"['Zinc, Zn', '1.50 - 1.80 %', '1.50 - 1.80 %', 'Average value: 1.70 % Grade Count:3']","['Tensile Strength, Ultimate', '125 - 2070 MPa', '18100 - 300000 psi', 'Average value: 741 MPa Grade Count:81']","['Tensile Strength, Yield', '190 - 1520 MPa', '27600 - 220000 psi', 'Average value: 651 MPa Grade Count:8']","['Elongation at Break', '0.500 - 35.0 %', '0.500 - 35.0 %', 'Average value: 15.8 % Grade Count:63']"
Overview of materials for Silver Alloy,"['Aluminum, Al', '0.00200 - 5.00 %', '0.00200 - 5.00 %', 'Average value: 2.75 % Grade Count:4']","['Tensile Strength, Ultimate', '83.0 - 896 MPa', '12000 - 130000 psi', 'Average value: 320 MPa Grade Count:130']","['Tensile Strength, Yield', '54.0 - 730 MPa', '7830 - 106000 psi', 'Average value: 397 MPa Grade Count:18']","['Elongation at Break', '0.000 - 55.0 %', '0.000 - 55.0 %', 'Average value: 14.8 % Grade Count:85']"
Overview of materials for Silver Alloy,"['Cadmium, Cd', '0.00100 - 25.0 %', '0.00100 - 25.0 %', 'Average value: 13.6 % Grade Count:46']","['Tensile Strength, Ultimate', '83.0 - 896 MPa', '12000 - 130000 psi', 'Average value: 320 MPa Grade Count:130']","['Tensile Strength, Yield', '54.0 - 730 MPa', '7830 - 106000 psi', 'Average value: 397 MPa Grade Count:18']","['Elongation at Break', '0.000 - 55.0 %', '0.000 - 55.0 %', 'Average value: 14.8 % Grade Count:85']"
Overview of materials for Silver Alloy,"['Carbon, C', '0.00500 - 10.0 %', '0.00500 - 10.0 %', 'Average value: 1.59 % Grade Count:22']","['Tensile Strength, Ultimate', '83.0 - 896 MPa', '12000 - 130000 psi', 'Average value: 320 MPa Grade Count:130']","['Tensile Strength, Yield', '54.0 - 730 MPa', '7830 - 106000 psi', 'Average value: 397 MPa Grade Count:18']","['Elongation at Break', '0.000 - 55.0 %', '0.000 - 55.0 %', 'Average value: 14.8 % Grade Count:85']"
Overview of materials for Silver Alloy,"['CdO', '10.0 - 20.0 %', '10.0 - 20.0 %', 'Average value: 13.5 % Grade Count:18']","['Tensile Strength, Ultimate', '83.0 - 896 MPa', '12000 - 130000 psi', 'Average value: 320 MPa Grade Count:130']","['Tensile Strength, Yield', '54.0 - 730 MPa', '7830 - 106000 psi', 'Average value: 397 MPa Grade Count:18']","['Elongation at Break', '0.000 - 55.0 %', '0.000 - 55.0 %', 'Average value: 14.8 % Grade Count:85']"
Overview of materials for Silver Alloy,"['Copper, Cu', '0.0800 - 76.0 %', '0.0800 - 76.0 %', 'Average value: 24.9 % Grade Count:225']","['Tensile Strength, Ultimate', '83.0 - 896 MPa', '12000 - 130000 psi', 'Average value: 320 MPa Grade Count:130']","['Tensile Strength, Yield', '54.0 - 730 MPa', '7830 - 106000 psi', 'Average value: 397 MPa Grade Count:18']","['Elongation at Break', '0.000 - 55.0 %', '0.000 - 55.0 %', 'Average value: 14.8 % Grade Count:85']"
Overview of materials for Silver Alloy,"['Gold, Au', '2.00 - 75.0 %', '2.00 - 75.0 %', 'Average value: 47.2 % Grade Count:18']","['Tensile Strength, Ultimate', '83.0 - 896 MPa', '12000 - 130000 psi', 'Average value: 320 MPa Grade Count:130']","['Tensile Strength, Yield', '54.0 - 730 MPa', '7830 - 106000 psi', 'Average value: 397 MPa Grade Count:18']","['Elongation at Break', '0.000 - 55.0 %', '0.000 - 55.0 %', 'Average value: 14.8 % Grade Count:85']"
Overview of materials for Silver Alloy,"['Indium, In', '0.600 - 15.0 %', '0.600 - 15.0 %', 'Average value: 10.3 % Grade Count:16']","['Tensile Strength, Ultimate', '83.0 - 896 MPa', '12000 - 130000 psi', 'Average value: 320 MPa Grade Count:130']","['Tensile Strength, Yield', '54.0 - 730 MPa', '7830 - 106000 psi', 'Average value: 397 MPa Grade Count:18']","['Elongation at Break', '0.000 - 55.0 %', '0.000 - 55.0 %', 'Average value: 14.8 % Grade Count:85']"
Overview of materials for Silver Alloy,"['Iridium, Ir', '0.100 - 0.300 %', '0.100 - 0.300 %', 'Average value: 0.150 % Grade Count:4']","['Tensile Strength, Ultimate', '83.0 - 896 MPa', '12000 - 130000 psi', 'Average value: 320 MPa Grade Count:130']","['Tensile Strength, Yield', '54.0 - 730 MPa', '7830 - 106000 psi', 'Average value: 397 MPa Grade Count:18']","['Elongation at Break', '0.000 - 55.0 %', '0.000 - 55.0 %', 'Average value: 14.8 % Grade Count:85']"
Overview of materials for Silver Alloy,"['Iron, Fe', '0.00500 - 10.0 %', '0.00500 - 10.0 %', 'Average value: 6.67 % Grade Count:3']","['Tensile Strength, Ultimate', '83.0 - 896 MPa', '12000 - 130000 psi', 'Average value: 320 MPa Grade Count:130']","['Tensile Strength, Yield', '54.0 - 730 MPa', '7830 - 106000 psi', 'Average value: 397 MPa Grade Count:18']","['Elongation at Break', '0.000 - 55.0 %', '0.000 - 55.0 %', 'Average value: 14.8 % Grade Count:85']"
Overview of materials for Silver Alloy,"['Lead, Pb', '0.00200 - 60.0 %', '0.00200 - 60.0 %', 'Average value: 5.00 % Grade Count:12']","['Tensile Strength, Ultimate', '83.0 - 896 MPa', '12000 - 130000 psi', 'Average value: 320 MPa Grade Count:130']","['Tensile Strength, Yield', '54.0 - 730 MPa', '7830 - 106000 psi', 'Average value: 397 MPa Grade Count:18']","['Elongation at Break', '0.000 - 55.0 %', '0.000 - 55.0 %', 'Average value: 14.8 % Grade Count:85']"
Overview of materials for Silver Alloy,"['Lithium, Li', '0.150 - 0.500 %', '0.150 - 0.500 %', 'Average value: 0.273 % Grade Count:3']","['Tensile Strength, Ultimate', '83.0 - 896 MPa', '12000 - 130000 psi', 'Average value: 320 MPa Grade Count:130']","['Tensile Strength, Yield', '54.0 - 730 MPa', '7830 - 106000 psi', 'Average value: 397 MPa Grade Count:18']","['Elongation at Break', '0.000 - 55.0 %', '0.000 - 55.0 %', 'Average value: 14.8 % Grade Count:85']"
Overview of materials for Silver Alloy,"['Magnesium, Mg', '0.200 - 0.250 %', '0.200 - 0.250 %', 'Average value: 0.236 % Grade Count:7']","['Tensile Strength, Ultimate', '83.0 - 896 MPa', '12000 - 130000 psi', 'Average value: 320 MPa Grade Count:130']","['Tensile Strength, Yield', '54.0 - 730 MPa', '7830 - 106000 psi', 'Average value: 397 MPa Grade Count:18']","['Elongation at Break', '0.000 - 55.0 %', '0.000 - 55.0 %', 'Average value: 14.8 % Grade Count:85']"
Overview of materials for Silver Alloy,"['Manganese, Mn', '2.00 - 15.0 %', '2.00 - 15.0 %', 'Average value: 6.56 % Grade Count:15']","['Tensile Strength, Ultimate', '83.0 - 896 MPa', '12000 - 130000 psi', 'Average value: 320 MPa Grade Count:130']","['Tensile Strength, Yield', '54.0 - 730 MPa', '7830 - 106000 psi', 'Average value: 397 MPa Grade Count:18']","['Elongation at Break', '0.000 - 55.0 %', '0.000 - 55.0 %', 'Average value: 14.8 % Grade Count:85']"
Overview of materials for Silver Alloy,"['Molybdenum, Mo', '50.0 - 65.0 %', '50.0 - 65.0 %', 'Average value: 60.0 % Grade Count:8']","['Tensile Strength, Ultimate', '83.0 - 896 MPa', '12000 - 130000 psi', 'Average value: 320 MPa Grade Count:130']","['Tensile Strength, Yield', '54.0 - 730 MPa', '7830 - 106000 psi', 'Average value: 397 MPa Grade Count:18']","['Elongation at Break', '0.000 - 55.0 %', '0.000 - 55.0 %', 'Average value: 14.8 % Grade Count:85']"
Overview of materials for Silver Alloy,"['Nickel, Ni', '0.00200 - 30.0 %', '0.00200 - 30.0 %', 'Average value: 3.63 % Grade Count:72']","['Tensile Strength, Ultimate', '83.0 - 896 MPa', '12000 - 130000 psi', 'Average value: 320 MPa Grade Count:130']","['Tensile Strength, Yield', '54.0 - 730 MPa', '7830 - 106000 psi', 'Average value: 397 MPa Grade Count:18']","['Elongation at Break', '0.000 - 55.0 %', '0.000 - 55.0 %', 'Average value: 14.8 % Grade Count:85']"
Overview of materials for Silver Alloy,"['Palladium, Pd', '1.00 - 50.0 %', '1.00 - 50.0 %', 'Average value: 16.4 % Grade Count:45']","['Tensile Strength, Ultimate', '83.0 - 896 MPa', '12000 - 130000 psi', 'Average value: 320 MPa Grade Count:130']","['Tensile Strength, Yield', '54.0 - 730 MPa', '7830 - 106000 psi', 'Average value: 397 MPa Grade Count:18']","['Elongation at Break', '0.000 - 55.0 %', '0.000 - 55.0 %', 'Average value: 14.8 % Grade Count:85']"
Overview of materials for Silver Alloy,"['Phosphorous, P', '0.00200 - 0.0200 %', '0.00200 - 0.0200 %', 'Average value: 0.00920 % Grade Count:10']","['Tensile Strength, Ultimate', '83.0 - 896 MPa', '12000 - 130000 psi', 'Average value: 320 MPa Grade Count:130']","['Tensile Strength, Yield', '54.0 - 730 MPa', '7830 - 106000 psi', 'Average value: 397 MPa Grade Count:18']","['Elongation at Break', '0.000 - 55.0 %', '0.000 - 55.0 %', 'Average value: 14.8 % Grade Count:85']"
Overview of materials for Silver Alloy,"['Platinum, Pt', '0.400 - 12.0 %', '0.400 - 12.0 %', 'Average value: 4.10 % Grade Count:9']","['Tensile Strength, Ultimate', '83.0 - 896 MPa', '12000 - 130000 psi', 'Average value: 320 MPa Grade Count:130']","['Tensile Strength, Yield', '54.0 - 730 MPa', '7830 - 106000 psi', 'Average value: 397 MPa Grade Count:18']","['Elongation at Break', '0.000 - 55.0 %', '0.000 - 55.0 %', 'Average value: 14.8 % Grade Count:85']"
Overview of materials for Silver Alloy,"['Silicon, Si', '0.200 %', '0.200 %', 'Average value: 0.200 % Grade Count:3']","['Tensile Strength, Ultimate', '83.0 - 896 MPa', '12000 - 130000 psi', 'Average value: 320 MPa Grade Count:130']","['Tensile Strength, Yield', '54.0 - 730 MPa', '7830 - 106000 psi', 'Average value: 397 MPa Grade Count:18']","['Elongation at Break', '0.000 - 55.0 %', '0.000 - 55.0 %', 'Average value: 14.8 % Grade Count:85']"
Overview of materials for Silver Alloy,"['Silver, Ag', '19.0 - 100 %', '19.0 - 100 %', 'Average value: 61.2 % Grade Count:382']","['Tensile Strength, Ultimate', '83.0 - 896 MPa', '12000 - 130000 psi', 'Average value: 320 MPa Grade Count:130']","['Tensile Strength, Yield', '54.0 - 730 MPa', '7830 - 106000 psi', 'Average value: 397 MPa Grade Count:18']","['Elongation at Break', '0.000 - 55.0 %', '0.000 - 55.0 %', 'Average value: 14.8 % Grade Count:85']"
Overview of materials for Silver Alloy,"['Tin, Sn', '1.50 - 10.5 %', '1.50 - 10.5 %', 'Average value: 4.64 % Grade Count:46']","['Tensile Strength, Ultimate', '83.0 - 896 MPa', '12000 - 130000 psi', 'Average value: 320 MPa Grade Count:130']","['Tensile Strength, Yield', '54.0 - 730 MPa', '7830 - 106000 psi', 'Average value: 397 MPa Grade Count:18']","['Elongation at Break', '0.000 - 55.0 %', '0.000 - 55.0 %', 'Average value: 14.8 % Grade Count:85']"
Overview of materials for Silver Alloy,"['Titanium, Ti', '1.25 - 10.0 %', '1.25 - 10.0 %', 'Average value: 4.39 % Grade Count:11']","['Tensile Strength, Ultimate', '83.0 - 896 MPa', '12000 - 130000 psi', 'Average value: 320 MPa Grade Count:130']","['Tensile Strength, Yield', '54.0 - 730 MPa', '7830 - 106000 psi', 'Average value: 397 MPa Grade Count:18']","['Elongation at Break', '0.000 - 55.0 %', '0.000 - 55.0 %', 'Average value: 14.8 % Grade Count:85']"
Overview of materials for Silver Alloy,"['Tungsten, W', '10.0 - 78.0 %', '10.0 - 78.0 %', 'Average value: 58.4 % Grade Count:35']","['Tensile Strength, Ultimate', '83.0 - 896 MPa', '12000 - 130000 psi', 'Average value: 320 MPa Grade Count:130']","['Tensile Strength, Yield', '54.0 - 730 MPa', '7830 - 106000 psi', 'Average value: 397 MPa Grade Count:18']","['Elongation at Break', '0.000 - 55.0 %', '0.000 - 55.0 %', 'Average value: 14.8 % Grade Count:85']"
Overview of materials for Silver Alloy,"['WC', '42.0 - 60.0 %', '42.0 - 60.0 %', 'Average value: 52.1 % Grade Count:10']","['Tensile Strength, Ultimate', '83.0 - 896 MPa', '12000 - 130000 psi', 'Average value: 320 MPa Grade Count:130']","['Tensile Strength, Yield', '54.0 - 730 MPa', '7830 - 106000 psi', 'Average value: 397 MPa Grade Count:18']","['Elongation at Break', '0.000 - 55.0 %', '0.000 - 55.0 %', 'Average value: 14.8 % Grade Count:85']"
Overview of materials for Silver Alloy,"['Zinc, Zn', '0.00100 - 37.0 %', '0.00100 - 37.0 %', 'Average value: 18.6 % Grade Count:135']","['Tensile Strength, Ultimate', '83.0 - 896 MPa', '12000 - 130000 psi', 'Average value: 320 MPa Grade Count:130']","['Tensile Strength, Yield', '54.0 - 730 MPa', '7830 - 106000 psi', 'Average value: 397 MPa Grade Count:18']","['Elongation at Break', '0.000 - 55.0 %', '0.000 - 55.0 %', 'Average value: 14.8 % Grade Count:85']"
Platnium-13 Rhodium Type R Thermocouple Alloy,"['Platinum, Pt', '87 %', '87 %', '']","['Tensile Strength, Ultimate', '331 MPa', '48000 psi', 'annealed']","['Tensile Strength, Yield', '190 MPa@Strain 0.200 %', '27600 psi@Strain 0.200 %', 'annealed']","['Elongation at Break', '32 %', '32 %', '']"
Platnium-13 Rhodium Type R Thermocouple Alloy,['Descriptive Properties'],"['Tensile Strength, Ultimate', '331 MPa', '48000 psi', 'annealed']","['Tensile Strength, Yield', '190 MPa@Strain 0.200 %', '27600 psi@Strain 0.200 %', 'annealed']","['Elongation at Break', '32 %', '32 %', '']"
HGC-1 Precious dental alloy,"['Copper, Cu', '0.00 - 9.0 %', '0.00 - 9.0 %', '']","['Tensile Strength, Ultimate', '170 MPa', '24700 psi', '']","['Tensile Strength, Yield', '80.0 MPa@Strain 0.200 %', '11600 psi@Strain 0.200 %', '']","['Elongation at Break', '45 %', '45 %', '']"
HGC-1 Precious dental alloy,"['Gold, Au', '50 - 73 %', '50 - 73 %', '']","['Tensile Strength, Ultimate', '170 MPa', '24700 psi', '']","['Tensile Strength, Yield', '80.0 MPa@Strain 0.200 %', '11600 psi@Strain 0.200 %', '']","['Elongation at Break', '45 %', '45 %', '']"
HGC-1 Precious dental alloy,"['Indium, In', '<= 2.0 %', '<= 2.0 %', '']","['Tensile Strength, Ultimate', '170 MPa', '24700 psi', '']","['Tensile Strength, Yield', '80.0 MPa@Strain 0.200 %', '11600 psi@Strain 0.200 %', '']","['Elongation at Break', '45 %', '45 %', '']"
HGC-1 Precious dental alloy,"['Iridium, Ir', '<= 0.10 %', '<= 0.10 %', '']","['Tensile Strength, Ultimate', '170 MPa', '24700 psi', '']","['Tensile Strength, Yield', '80.0 MPa@Strain 0.200 %', '11600 psi@Strain 0.200 %', '']","['Elongation at Break', '45 %', '45 %', '']"
HGC-1 Precious dental alloy,"['Palladium, Pd', '<= 1.0 %', '<= 1.0 %', '']","['Tensile Strength, Ultimate', '170 MPa', '24700 psi', '']","['Tensile Strength, Yield', '80.0 MPa@Strain 0.200 %', '11600 psi@Strain 0.200 %', '']","['Elongation at Break', '45 %', '45 %', '']"
HGC-1 Precious dental alloy,"['Platinum, Pt', '<= 19 %', '<= 19 %', '']","['Tensile Strength, Ultimate', '170 MPa', '24700 psi', '']","['Tensile Strength, Yield', '80.0 MPa@Strain 0.200 %', '11600 psi@Strain 0.200 %', '']","['Elongation at Break', '45 %', '45 %', '']"
HGC-1 Precious dental alloy,"['Rhenium, Re', '<= 0.10 %', '<= 0.10 %', '']","['Tensile Strength, Ultimate', '170 MPa', '24700 psi', '']","['Tensile Strength, Yield', '80.0 MPa@Strain 0.200 %', '11600 psi@Strain 0.200 %', '']","['Elongation at Break', '45 %', '45 %', '']"
HGC-1 Precious dental alloy,"['Silver, Ag', '8.0 - 28 %', '8.0 - 28 %', '']","['Tensile Strength, Ultimate', '170 MPa', '24700 psi', '']","['Tensile Strength, Yield', '80.0 MPa@Strain 0.200 %', '11600 psi@Strain 0.200 %', '']","['Elongation at Break', '45 %', '45 %', '']"
HGC-1 Precious dental alloy,"['Zinc, Zn', '6.0 - 14 %', '6.0 - 14 %', '']","['Tensile Strength, Ultimate', '170 MPa', '24700 psi', '']","['Tensile Strength, Yield', '80.0 MPa@Strain 0.200 %', '11600 psi@Strain 0.200 %', '']","['Elongation at Break', '45 %', '45 %', '']"
HGC-2 Precious dental alloy,"['Copper, Cu', '0.00 - 9.0 %', '0.00 - 9.0 %', '']","['Tensile Strength, Ultimate', '370 - 390 MPa', '53700 - 56600 psi', '']","['Tensile Strength, Yield', '180 - 240 MPa@Strain 0.200 %', '26100 - 34800 psi@Strain 0.200 %', '']","['Elongation at Break', '35 - 45 %', '35 - 45 %', '']"
HGC-2 Precious dental alloy,"['Gold, Au', '50 - 73 %', '50 - 73 %', '']","['Tensile Strength, Ultimate', '370 - 390 MPa', '53700 - 56600 psi', '']","['Tensile Strength, Yield', '180 - 240 MPa@Strain 0.200 %', '26100 - 34800 psi@Strain 0.200 %', '']","['Elongation at Break', '35 - 45 %', '35 - 45 %', '']"
HGC-2 Precious dental alloy,"['Indium, In', '<= 2.0 %', '<= 2.0 %', '']","['Tensile Strength, Ultimate', '370 - 390 MPa', '53700 - 56600 psi', '']","['Tensile Strength, Yield', '180 - 240 MPa@Strain 0.200 %', '26100 - 34800 psi@Strain 0.200 %', '']","['Elongation at Break', '35 - 45 %', '35 - 45 %', '']"
HGC-2 Precious dental alloy,"['Iridium, Ir', '<= 0.10 %', '<= 0.10 %', '']","['Tensile Strength, Ultimate', '370 - 390 MPa', '53700 - 56600 psi', '']","['Tensile Strength, Yield', '180 - 240 MPa@Strain 0.200 %', '26100 - 34800 psi@Strain 0.200 %', '']","['Elongation at Break', '35 - 45 %', '35 - 45 %', '']"
HGC-2 Precious dental alloy,"['Palladium, Pd', '<= 1.0 %', '<= 1.0 %', '']","['Tensile Strength, Ultimate', '370 - 390 MPa', '53700 - 56600 psi', '']","['Tensile Strength, Yield', '180 - 240 MPa@Strain 0.200 %', '26100 - 34800 psi@Strain 0.200 %', '']","['Elongation at Break', '35 - 45 %', '35 - 45 %', '']"
HGC-2 Precious dental alloy,"['Platinum, Pt', '<= 19 %', '<= 19 %', '']","['Tensile Strength, Ultimate', '370 - 390 MPa', '53700 - 56600 psi', '']","['Tensile Strength, Yield', '180 - 240 MPa@Strain 0.200 %', '26100 - 34800 psi@Strain 0.200 %', '']","['Elongation at Break', '35 - 45 %', '35 - 45 %', '']"
HGC-2 Precious dental alloy,"['Rhenium, Re', '<= 0.10 %', '<= 0.10 %', '']","['Tensile Strength, Ultimate', '370 - 390 MPa', '53700 - 56600 psi', '']","['Tensile Strength, Yield', '180 - 240 MPa@Strain 0.200 %', '26100 - 34800 psi@Strain 0.200 %', '']","['Elongation at Break', '35 - 45 %', '35 - 45 %', '']"
HGC-2 Precious dental alloy,"['Silver, Ag', '8.0 - 28 %', '8.0 - 28 %', '']","['Tensile Strength, Ultimate', '370 - 390 MPa', '53700 - 56600 psi', '']","['Tensile Strength, Yield', '180 - 240 MPa@Strain 0.200 %', '26100 - 34800 psi@Strain 0.200 %', '']","['Elongation at Break', '35 - 45 %', '35 - 45 %', '']"
HGC-2 Precious dental alloy,"['Zinc, Zn', '6.0 - 14 %', '6.0 - 14 %', '']","['Tensile Strength, Ultimate', '370 - 390 MPa', '53700 - 56600 psi', '']","['Tensile Strength, Yield', '180 - 240 MPa@Strain 0.200 %', '26100 - 34800 psi@Strain 0.200 %', '']","['Elongation at Break', '35 - 45 %', '35 - 45 %', '']"
HGC-3 Precious dental alloy,"['Copper, Cu', '0.00 - 9.0 %', '0.00 - 9.0 %', '']","['Tensile Strength, Ultimate', '460 MPa', '66700 psi', 'soft']","['Tensile Strength, Yield', '550 - 590 MPa', '79800 - 85600 psi', 'hardened']","['Elongation at Break', '20 - 23 %', '20 - 23 %', 'hardened']"
HGC-3 Precious dental alloy,"['Gold, Au', '50 - 73 %', '50 - 73 %', '']","['Tensile Strength, Ultimate', '460 MPa', '66700 psi', 'soft']","['Tensile Strength, Yield', '550 - 590 MPa', '79800 - 85600 psi', 'hardened']","['Elongation at Break', '20 - 23 %', '20 - 23 %', 'hardened']"
HGC-3 Precious dental alloy,"['Indium, In', '<= 2.0 %', '<= 2.0 %', '']","['Tensile Strength, Ultimate', '460 MPa', '66700 psi', 'soft']","['Tensile Strength, Yield', '550 - 590 MPa', '79800 - 85600 psi', 'hardened']","['Elongation at Break', '20 - 23 %', '20 - 23 %', 'hardened']"
HGC-3 Precious dental alloy,"['Iridium, Ir', '<= 0.10 %', '<= 0.10 %', '']","['Tensile Strength, Ultimate', '460 MPa', '66700 psi', 'soft']","['Tensile Strength, Yield', '550 - 590 MPa', '79800 - 85600 psi', 'hardened']","['Elongation at Break', '20 - 23 %', '20 - 23 %', 'hardened']"
HGC-3 Precious dental alloy,"['Palladium, Pd', '<= 1.0 %', '<= 1.0 %', '']","['Tensile Strength, Ultimate', '460 MPa', '66700 psi', 'soft']","['Tensile Strength, Yield', '550 - 590 MPa', '79800 - 85600 psi', 'hardened']","['Elongation at Break', '20 - 23 %', '20 - 23 %', 'hardened']"
HGC-3 Precious dental alloy,"['Platinum, Pt', '<= 19 %', '<= 19 %', '']","['Tensile Strength, Ultimate', '460 MPa', '66700 psi', 'soft']","['Tensile Strength, Yield', '550 - 590 MPa', '79800 - 85600 psi', 'hardened']","['Elongation at Break', '20 - 23 %', '20 - 23 %', 'hardened']"
HGC-3 Precious dental alloy,"['Rhenium, Re', '<= 0.10 %', '<= 0.10 %', '']","['Tensile Strength, Ultimate', '460 MPa', '66700 psi', 'soft']","['Tensile Strength, Yield', '550 - 590 MPa', '79800 - 85600 psi', 'hardened']","['Elongation at Break', '20 - 23 %', '20 - 23 %', 'hardened']"
HGC-3 Precious dental alloy,"['Silver, Ag', '8.0 - 28 %', '8.0 - 28 %', '']","['Tensile Strength, Ultimate', '460 MPa', '66700 psi', 'soft']","['Tensile Strength, Yield', '550 - 590 MPa', '79800 - 85600 psi', 'hardened']","['Elongation at Break', '20 - 23 %', '20 - 23 %', 'hardened']"
HGC-3 Precious dental alloy,"['Zinc, Zn', '6.0 - 14 %', '6.0 - 14 %', '']","['Tensile Strength, Ultimate', '460 MPa', '66700 psi', 'soft']","['Tensile Strength, Yield', '550 - 590 MPa', '79800 - 85600 psi', 'hardened']","['Elongation at Break', '20 - 23 %', '20 - 23 %', 'hardened']"
HGC-4 Precious dental alloy,"['Copper, Cu', '0.00 - 9.0 %', '0.00 - 9.0 %', '']","['Tensile Strength, Ultimate', '500 - 580 MPa', '72500 - 84100 psi', 'soft']","['Tensile Strength, Yield', '710 - 780 MPa', '103000 - 113000 psi', 'hardened']","['Elongation at Break', '5.0 - 18 %', '5.0 - 18 %', 'hardened']"
HGC-4 Precious dental alloy,"['Gold, Au', '50 - 73 %', '50 - 73 %', '']","['Tensile Strength, Ultimate', '500 - 580 MPa', '72500 - 84100 psi', 'soft']","['Tensile Strength, Yield', '710 - 780 MPa', '103000 - 113000 psi', 'hardened']","['Elongation at Break', '5.0 - 18 %', '5.0 - 18 %', 'hardened']"
HGC-4 Precious dental alloy,"['Indium, In', '<= 2.0 %', '<= 2.0 %', '']","['Tensile Strength, Ultimate', '500 - 580 MPa', '72500 - 84100 psi', 'soft']","['Tensile Strength, Yield', '710 - 780 MPa', '103000 - 113000 psi', 'hardened']","['Elongation at Break', '5.0 - 18 %', '5.0 - 18 %', 'hardened']"
HGC-4 Precious dental alloy,"['Iridium, Ir', '<= 0.10 %', '<= 0.10 %', '']","['Tensile Strength, Ultimate', '500 - 580 MPa', '72500 - 84100 psi', 'soft']","['Tensile Strength, Yield', '710 - 780 MPa', '103000 - 113000 psi', 'hardened']","['Elongation at Break', '5.0 - 18 %', '5.0 - 18 %', 'hardened']"
HGC-4 Precious dental alloy,"['Palladium, Pd', '<= 1.0 %', '<= 1.0 %', '']","['Tensile Strength, Ultimate', '500 - 580 MPa', '72500 - 84100 psi', 'soft']","['Tensile Strength, Yield', '710 - 780 MPa', '103000 - 113000 psi', 'hardened']","['Elongation at Break', '5.0 - 18 %', '5.0 - 18 %', 'hardened']"
HGC-4 Precious dental alloy,"['Platinum, Pt', '<= 19 %', '<= 19 %', '']","['Tensile Strength, Ultimate', '500 - 580 MPa', '72500 - 84100 psi', 'soft']","['Tensile Strength, Yield', '710 - 780 MPa', '103000 - 113000 psi', 'hardened']","['Elongation at Break', '5.0 - 18 %', '5.0 - 18 %', 'hardened']"
HGC-4 Precious dental alloy,"['Rhenium, Re', '<= 0.10 %', '<= 0.10 %', '']","['Tensile Strength, Ultimate', '500 - 580 MPa', '72500 - 84100 psi', 'soft']","['Tensile Strength, Yield', '710 - 780 MPa', '103000 - 113000 psi', 'hardened']","['Elongation at Break', '5.0 - 18 %', '5.0 - 18 %', 'hardened']"
HGC-4 Precious dental alloy,"['Silver, Ag', '8.0 - 28 %', '8.0 - 28 %', '']","['Tensile Strength, Ultimate', '500 - 580 MPa', '72500 - 84100 psi', 'soft']","['Tensile Strength, Yield', '710 - 780 MPa', '103000 - 113000 psi', 'hardened']","['Elongation at Break', '5.0 - 18 %', '5.0 - 18 %', 'hardened']"
HGC-4 Precious dental alloy,"['Zinc, Zn', '6.0 - 14 %', '6.0 - 14 %', '']","['Tensile Strength, Ultimate', '500 - 580 MPa', '72500 - 84100 psi', 'soft']","['Tensile Strength, Yield', '710 - 780 MPa', '103000 - 113000 psi', 'hardened']","['Elongation at Break', '5.0 - 18 %', '5.0 - 18 %', 'hardened']"
HGC-1-C Precious dental alloy,"['Copper, Cu', '0.00 - 5.0 %', '0.00 - 5.0 %', '']","['Tensile Strength, Ultimate', '220 - 280 MPa', '31900 - 40600 psi', 'soft']","['Tensile Strength, Yield', '230 - 300 MPa', '33400 - 43500 psi', 'hardened']","['Elongation at Break', '27 - 38 %', '27 - 38 %', 'hardened']"
HGC-1-C Precious dental alloy,"['Gold, Au', '50 - 73 %', '50 - 73 %', '']","['Tensile Strength, Ultimate', '220 - 280 MPa', '31900 - 40600 psi', 'soft']","['Tensile Strength, Yield', '230 - 300 MPa', '33400 - 43500 psi', 'hardened']","['Elongation at Break', '27 - 38 %', '27 - 38 %', 'hardened']"
HGC-1-C Precious dental alloy,"['Indium, In', '<= 2.0 %', '<= 2.0 %', '']","['Tensile Strength, Ultimate', '220 - 280 MPa', '31900 - 40600 psi', 'soft']","['Tensile Strength, Yield', '230 - 300 MPa', '33400 - 43500 psi', 'hardened']","['Elongation at Break', '27 - 38 %', '27 - 38 %', 'hardened']"
HGC-1-C Precious dental alloy,"['Iridium, Ir', '<= 0.10 %', '<= 0.10 %', '']","['Tensile Strength, Ultimate', '220 - 280 MPa', '31900 - 40600 psi', 'soft']","['Tensile Strength, Yield', '230 - 300 MPa', '33400 - 43500 psi', 'hardened']","['Elongation at Break', '27 - 38 %', '27 - 38 %', 'hardened']"
HGC-1-C Precious dental alloy,"['Palladium, Pd', '<= 1.0 %', '<= 1.0 %', '']","['Tensile Strength, Ultimate', '220 - 280 MPa', '31900 - 40600 psi', 'soft']","['Tensile Strength, Yield', '230 - 300 MPa', '33400 - 43500 psi', 'hardened']","['Elongation at Break', '27 - 38 %', '27 - 38 %', 'hardened']"
HGC-1-C Precious dental alloy,"['Platinum, Pt', '<= 1.9 %', '<= 1.9 %', '']","['Tensile Strength, Ultimate', '220 - 280 MPa', '31900 - 40600 psi', 'soft']","['Tensile Strength, Yield', '230 - 300 MPa', '33400 - 43500 psi', 'hardened']","['Elongation at Break', '27 - 38 %', '27 - 38 %', 'hardened']"
HGC-1-C Precious dental alloy,"['Rhenium, Re', '<= 0.10 %', '<= 0.10 %', '']","['Tensile Strength, Ultimate', '220 - 280 MPa', '31900 - 40600 psi', 'soft']","['Tensile Strength, Yield', '230 - 300 MPa', '33400 - 43500 psi', 'hardened']","['Elongation at Break', '27 - 38 %', '27 - 38 %', 'hardened']"
HGC-1-C Precious dental alloy,"['Silver, Ag', '10 - 28 %', '10 - 28 %', '']","['Tensile Strength, Ultimate', '220 - 280 MPa', '31900 - 40600 psi', 'soft']","['Tensile Strength, Yield', '230 - 300 MPa', '33400 - 43500 psi', 'hardened']","['Elongation at Break', '27 - 38 %', '27 - 38 %', 'hardened']"
HGC-1-C Precious dental alloy,"['Zinc, Zn', '12 - 14 %', '12 - 14 %', '']","['Tensile Strength, Ultimate', '220 - 280 MPa', '31900 - 40600 psi', 'soft']","['Tensile Strength, Yield', '230 - 300 MPa', '33400 - 43500 psi', 'hardened']","['Elongation at Break', '27 - 38 %', '27 - 38 %', 'hardened']"
HGC-2-C Precious dental alloy,"['Copper, Cu', '0.00 - 5.0 %', '0.00 - 5.0 %', '']","['Tensile Strength, Ultimate', '400 MPa', '58000 psi', 'soft']","['Tensile Strength, Yield', '410 MPa', '59500 psi', 'hardened']","['Elongation at Break', '18 %', '18 %', 'hardened']"
HGC-2-C Precious dental alloy,"['Gold, Au', '50 - 73 %', '50 - 73 %', '']","['Tensile Strength, Ultimate', '400 MPa', '58000 psi', 'soft']","['Tensile Strength, Yield', '410 MPa', '59500 psi', 'hardened']","['Elongation at Break', '18 %', '18 %', 'hardened']"
HGC-2-C Precious dental alloy,"['Indium, In', '<= 2.0 %', '<= 2.0 %', '']","['Tensile Strength, Ultimate', '400 MPa', '58000 psi', 'soft']","['Tensile Strength, Yield', '410 MPa', '59500 psi', 'hardened']","['Elongation at Break', '18 %', '18 %', 'hardened']"
HGC-2-C Precious dental alloy,"['Iridium, Ir', '<= 0.10 %', '<= 0.10 %', '']","['Tensile Strength, Ultimate', '400 MPa', '58000 psi', 'soft']","['Tensile Strength, Yield', '410 MPa', '59500 psi', 'hardened']","['Elongation at Break', '18 %', '18 %', 'hardened']"
HGC-2-C Precious dental alloy,"['Palladium, Pd', '<= 1.0 %', '<= 1.0 %', '']","['Tensile Strength, Ultimate', '400 MPa', '58000 psi', 'soft']","['Tensile Strength, Yield', '410 MPa', '59500 psi', 'hardened']","['Elongation at Break', '18 %', '18 %', 'hardened']"
HGC-2-C Precious dental alloy,"['Platinum, Pt', '<= 1.9 %', '<= 1.9 %', '']","['Tensile Strength, Ultimate', '400 MPa', '58000 psi', 'soft']","['Tensile Strength, Yield', '410 MPa', '59500 psi', 'hardened']","['Elongation at Break', '18 %', '18 %', 'hardened']"
HGC-2-C Precious dental alloy,"['Rhenium, Re', '<= 0.10 %', '<= 0.10 %', '']","['Tensile Strength, Ultimate', '400 MPa', '58000 psi', 'soft']","['Tensile Strength, Yield', '410 MPa', '59500 psi', 'hardened']","['Elongation at Break', '18 %', '18 %', 'hardened']"
HGC-2-C Precious dental alloy,"['Silver, Ag', '10 - 28 %', '10 - 28 %', '']","['Tensile Strength, Ultimate', '400 MPa', '58000 psi', 'soft']","['Tensile Strength, Yield', '410 MPa', '59500 psi', 'hardened']","['Elongation at Break', '18 %', '18 %', 'hardened']"
HGC-2-C Precious dental alloy,"['Zinc, Zn', '12 - 14 %', '12 - 14 %', '']","['Tensile Strength, Ultimate', '400 MPa', '58000 psi', 'soft']","['Tensile Strength, Yield', '410 MPa', '59500 psi', 'hardened']","['Elongation at Break', '18 %', '18 %', 'hardened']"
HGC-3-C Precious dental alloy,"['Copper, Cu', '0.00 - 5.0 %', '0.00 - 5.0 %', '']","['Tensile Strength, Ultimate', '460 - 515 MPa', '66700 - 74700 psi', 'soft']","['Tensile Strength, Yield', '530 - 590 MPa', '76900 - 85600 psi', 'hardened']","['Elongation at Break', '6.0 - 9.0 %', '6.0 - 9.0 %', 'hardened']"
HGC-3-C Precious dental alloy,"['Gold, Au', '50 - 73 %', '50 - 73 %', '']","['Tensile Strength, Ultimate', '460 - 515 MPa', '66700 - 74700 psi', 'soft']","['Tensile Strength, Yield', '530 - 590 MPa', '76900 - 85600 psi', 'hardened']","['Elongation at Break', '6.0 - 9.0 %', '6.0 - 9.0 %', 'hardened']"
HGC-3-C Precious dental alloy,"['Indium, In', '<= 2.0 %', '<= 2.0 %', '']","['Tensile Strength, Ultimate', '460 - 515 MPa', '66700 - 74700 psi', 'soft']","['Tensile Strength, Yield', '530 - 590 MPa', '76900 - 85600 psi', 'hardened']","['Elongation at Break', '6.0 - 9.0 %', '6.0 - 9.0 %', 'hardened']"
HGC-3-C Precious dental alloy,"['Iridium, Ir', '<= 0.10 %', '<= 0.10 %', '']","['Tensile Strength, Ultimate', '460 - 515 MPa', '66700 - 74700 psi', 'soft']","['Tensile Strength, Yield', '530 - 590 MPa', '76900 - 85600 psi', 'hardened']","['Elongation at Break', '6.0 - 9.0 %', '6.0 - 9.0 %', 'hardened']"
HGC-3-C Precious dental alloy,"['Palladium, Pd', '<= 1.0 %', '<= 1.0 %', '']","['Tensile Strength, Ultimate', '460 - 515 MPa', '66700 - 74700 psi', 'soft']","['Tensile Strength, Yield', '530 - 590 MPa', '76900 - 85600 psi', 'hardened']","['Elongation at Break', '6.0 - 9.0 %', '6.0 - 9.0 %', 'hardened']"
HGC-3-C Precious dental alloy,"['Platinum, Pt', '<= 1.9 %', '<= 1.9 %', '']","['Tensile Strength, Ultimate', '460 - 515 MPa', '66700 - 74700 psi', 'soft']","['Tensile Strength, Yield', '530 - 590 MPa', '76900 - 85600 psi', 'hardened']","['Elongation at Break', '6.0 - 9.0 %', '6.0 - 9.0 %', 'hardened']"
HGC-3-C Precious dental alloy,"['Rhenium, Re', '<= 0.10 %', '<= 0.10 %', '']","['Tensile Strength, Ultimate', '460 - 515 MPa', '66700 - 74700 psi', 'soft']","['Tensile Strength, Yield', '530 - 590 MPa', '76900 - 85600 psi', 'hardened']","['Elongation at Break', '6.0 - 9.0 %', '6.0 - 9.0 %', 'hardened']"
HGC-3-C Precious dental alloy,"['Silver, Ag', '10 - 28 %', '10 - 28 %', '']","['Tensile Strength, Ultimate', '460 - 515 MPa', '66700 - 74700 psi', 'soft']","['Tensile Strength, Yield', '530 - 590 MPa', '76900 - 85600 psi', 'hardened']","['Elongation at Break', '6.0 - 9.0 %', '6.0 - 9.0 %', 'hardened']"
HGC-3-C Precious dental alloy,"['Zinc, Zn', '12 - 14 %', '12 - 14 %', '']","['Tensile Strength, Ultimate', '460 - 515 MPa', '66700 - 74700 psi', 'soft']","['Tensile Strength, Yield', '530 - 590 MPa', '76900 - 85600 psi', 'hardened']","['Elongation at Break', '6.0 - 9.0 %', '6.0 - 9.0 %', 'hardened']"
HGC-4-C Precious dental alloy,"['Copper, Cu', '0.00 - 5.0 %', '0.00 - 5.0 %', '']","['Tensile Strength, Ultimate', '530 - 580 MPa', '76900 - 84100 psi', 'soft']","['Tensile Strength, Yield', '550 - 650 MPa', '79800 - 94300 psi', 'hardened']","['Elongation at Break', '3.0 - 6.0 %', '3.0 - 6.0 %', 'hardened']"
HGC-4-C Precious dental alloy,"['Gold, Au', '50 - 73 %', '50 - 73 %', '']","['Tensile Strength, Ultimate', '530 - 580 MPa', '76900 - 84100 psi', 'soft']","['Tensile Strength, Yield', '550 - 650 MPa', '79800 - 94300 psi', 'hardened']","['Elongation at Break', '3.0 - 6.0 %', '3.0 - 6.0 %', 'hardened']"
HGC-4-C Precious dental alloy,"['Indium, In', '<= 2.0 %', '<= 2.0 %', '']","['Tensile Strength, Ultimate', '530 - 580 MPa', '76900 - 84100 psi', 'soft']","['Tensile Strength, Yield', '550 - 650 MPa', '79800 - 94300 psi', 'hardened']","['Elongation at Break', '3.0 - 6.0 %', '3.0 - 6.0 %', 'hardened']"
HGC-4-C Precious dental alloy,"['Iridium, Ir', '<= 0.10 %', '<= 0.10 %', '']","['Tensile Strength, Ultimate', '530 - 580 MPa', '76900 - 84100 psi', 'soft']","['Tensile Strength, Yield', '550 - 650 MPa', '79800 - 94300 psi', 'hardened']","['Elongation at Break', '3.0 - 6.0 %', '3.0 - 6.0 %', 'hardened']"
HGC-4-C Precious dental alloy,"['Palladium, Pd', '<= 1.0 %', '<= 1.0 %', '']","['Tensile Strength, Ultimate', '530 - 580 MPa', '76900 - 84100 psi', 'soft']","['Tensile Strength, Yield', '550 - 650 MPa', '79800 - 94300 psi', 'hardened']","['Elongation at Break', '3.0 - 6.0 %', '3.0 - 6.0 %', 'hardened']"
HGC-4-C Precious dental alloy,"['Platinum, Pt', '<= 1.9 %', '<= 1.9 %', '']","['Tensile Strength, Ultimate', '530 - 580 MPa', '76900 - 84100 psi', 'soft']","['Tensile Strength, Yield', '550 - 650 MPa', '79800 - 94300 psi', 'hardened']","['Elongation at Break', '3.0 - 6.0 %', '3.0 - 6.0 %', 'hardened']"
HGC-4-C Precious dental alloy,"['Rhenium, Re', '<= 0.10 %', '<= 0.10 %', '']","['Tensile Strength, Ultimate', '530 - 580 MPa', '76900 - 84100 psi', 'soft']","['Tensile Strength, Yield', '550 - 650 MPa', '79800 - 94300 psi', 'hardened']","['Elongation at Break', '3.0 - 6.0 %', '3.0 - 6.0 %', 'hardened']"
HGC-4-C Precious dental alloy,"['Silver, Ag', '10 - 28 %', '10 - 28 %', '']","['Tensile Strength, Ultimate', '530 - 580 MPa', '76900 - 84100 psi', 'soft']","['Tensile Strength, Yield', '550 - 650 MPa', '79800 - 94300 psi', 'hardened']","['Elongation at Break', '3.0 - 6.0 %', '3.0 - 6.0 %', 'hardened']"
HGC-4-C Precious dental alloy,"['Zinc, Zn', '12 - 14 %', '12 - 14 %', '']","['Tensile Strength, Ultimate', '530 - 580 MPa', '76900 - 84100 psi', 'soft']","['Tensile Strength, Yield', '550 - 650 MPa', '79800 - 94300 psi', 'hardened']","['Elongation at Break', '3.0 - 6.0 %', '3.0 - 6.0 %', 'hardened']"
LGC-4 Precious dental alloy,"['Copper, Cu', '0.00 - 9.0 %', '0.00 - 9.0 %', '']","['Tensile Strength, Ultimate', '480 - 510 MPa', '69600 - 74000 psi', 'soft']","['Tensile Strength, Yield', '640 - 890 MPa', '92800 - 129000 psi', 'hardened']","['Elongation at Break', '3.0 - 13 %', '3.0 - 13 %', 'hardened']"
LGC-4 Precious dental alloy,"['Gold, Au', '50 - 73 %', '50 - 73 %', '']","['Tensile Strength, Ultimate', '480 - 510 MPa', '69600 - 74000 psi', 'soft']","['Tensile Strength, Yield', '640 - 890 MPa', '92800 - 129000 psi', 'hardened']","['Elongation at Break', '3.0 - 13 %', '3.0 - 13 %', 'hardened']"
LGC-4 Precious dental alloy,"['Indium, In', '<= 2.0 %', '<= 2.0 %', '']","['Tensile Strength, Ultimate', '480 - 510 MPa', '69600 - 74000 psi', 'soft']","['Tensile Strength, Yield', '640 - 890 MPa', '92800 - 129000 psi', 'hardened']","['Elongation at Break', '3.0 - 13 %', '3.0 - 13 %', 'hardened']"
LGC-4 Precious dental alloy,"['Iridium, Ir', '<= 0.10 %', '<= 0.10 %', '']","['Tensile Strength, Ultimate', '480 - 510 MPa', '69600 - 74000 psi', 'soft']","['Tensile Strength, Yield', '640 - 890 MPa', '92800 - 129000 psi', 'hardened']","['Elongation at Break', '3.0 - 13 %', '3.0 - 13 %', 'hardened']"
LGC-4 Precious dental alloy,"['Palladium, Pd', '<= 1.0 %', '<= 1.0 %', '']","['Tensile Strength, Ultimate', '480 - 510 MPa', '69600 - 74000 psi', 'soft']","['Tensile Strength, Yield', '640 - 890 MPa', '92800 - 129000 psi', 'hardened']","['Elongation at Break', '3.0 - 13 %', '3.0 - 13 %', 'hardened']"
LGC-4 Precious dental alloy,"['Platinum, Pt', '<= 19 %', '<= 19 %', '']","['Tensile Strength, Ultimate', '480 - 510 MPa', '69600 - 74000 psi', 'soft']","['Tensile Strength, Yield', '640 - 890 MPa', '92800 - 129000 psi', 'hardened']","['Elongation at Break', '3.0 - 13 %', '3.0 - 13 %', 'hardened']"
LGC-4 Precious dental alloy,"['Rhenium, Re', '<= 0.10 %', '<= 0.10 %', '']","['Tensile Strength, Ultimate', '480 - 510 MPa', '69600 - 74000 psi', 'soft']","['Tensile Strength, Yield', '640 - 890 MPa', '92800 - 129000 psi', 'hardened']","['Elongation at Break', '3.0 - 13 %', '3.0 - 13 %', 'hardened']"
LGC-4 Precious dental alloy,"['Silver, Ag', '8.0 - 28 %', '8.0 - 28 %', '']","['Tensile Strength, Ultimate', '480 - 510 MPa', '69600 - 74000 psi', 'soft']","['Tensile Strength, Yield', '640 - 890 MPa', '92800 - 129000 psi', 'hardened']","['Elongation at Break', '3.0 - 13 %', '3.0 - 13 %', 'hardened']"
LGC-4 Precious dental alloy,"['Zinc, Zn', '6.0 - 14 %', '6.0 - 14 %', '']","['Tensile Strength, Ultimate', '480 - 510 MPa', '69600 - 74000 psi', 'soft']","['Tensile Strength, Yield', '640 - 890 MPa', '92800 - 129000 psi', 'hardened']","['Elongation at Break', '3.0 - 13 %', '3.0 - 13 %', 'hardened']"
LGC-4-C Precious dental alloy,"['Copper, Cu', '0.00 - 5.0 %', '0.00 - 5.0 %', '']","['Tensile Strength, Ultimate', '570 - 790 MPa', '82700 - 115000 psi', 'soft']","['Tensile Strength, Yield', '710 - 900 MPa', '103000 - 131000 psi', 'hardened']","['Elongation at Break', '6.0 - 18 %', '6.0 - 18 %', 'hardened']"
LGC-4-C Precious dental alloy,"['Gold, Au', '50 - 73 %', '50 - 73 %', '']","['Tensile Strength, Ultimate', '570 - 790 MPa', '82700 - 115000 psi', 'soft']","['Tensile Strength, Yield', '710 - 900 MPa', '103000 - 131000 psi', 'hardened']","['Elongation at Break', '6.0 - 18 %', '6.0 - 18 %', 'hardened']"
LGC-4-C Precious dental alloy,"['Indium, In', '<= 2.0 %', '<= 2.0 %', '']","['Tensile Strength, Ultimate', '570 - 790 MPa', '82700 - 115000 psi', 'soft']","['Tensile Strength, Yield', '710 - 900 MPa', '103000 - 131000 psi', 'hardened']","['Elongation at Break', '6.0 - 18 %', '6.0 - 18 %', 'hardened']"
LGC-4-C Precious dental alloy,"['Iridium, Ir', '<= 0.10 %', '<= 0.10 %', '']","['Tensile Strength, Ultimate', '570 - 790 MPa', '82700 - 115000 psi', 'soft']","['Tensile Strength, Yield', '710 - 900 MPa', '103000 - 131000 psi', 'hardened']","['Elongation at Break', '6.0 - 18 %', '6.0 - 18 %', 'hardened']"
LGC-4-C Precious dental alloy,"['Palladium, Pd', '<= 1.0 %', '<= 1.0 %', '']","['Tensile Strength, Ultimate', '570 - 790 MPa', '82700 - 115000 psi', 'soft']","['Tensile Strength, Yield', '710 - 900 MPa', '103000 - 131000 psi', 'hardened']","['Elongation at Break', '6.0 - 18 %', '6.0 - 18 %', 'hardened']"
LGC-4-C Precious dental alloy,"['Platinum, Pt', '<= 1.9 %', '<= 1.9 %', '']","['Tensile Strength, Ultimate', '570 - 790 MPa', '82700 - 115000 psi', 'soft']","['Tensile Strength, Yield', '710 - 900 MPa', '103000 - 131000 psi', 'hardened']","['Elongation at Break', '6.0 - 18 %', '6.0 - 18 %', 'hardened']"
LGC-4-C Precious dental alloy,"['Rhenium, Re', '<= 0.10 %', '<= 0.10 %', '']","['Tensile Strength, Ultimate', '570 - 790 MPa', '82700 - 115000 psi', 'soft']","['Tensile Strength, Yield', '710 - 900 MPa', '103000 - 131000 psi', 'hardened']","['Elongation at Break', '6.0 - 18 %', '6.0 - 18 %', 'hardened']"
LGC-4-C Precious dental alloy,"['Silver, Ag', '10 - 28 %', '10 - 28 %', '']","['Tensile Strength, Ultimate', '570 - 790 MPa', '82700 - 115000 psi', 'soft']","['Tensile Strength, Yield', '710 - 900 MPa', '103000 - 131000 psi', 'hardened']","['Elongation at Break', '6.0 - 18 %', '6.0 - 18 %', 'hardened']"
LGC-4-C Precious dental alloy,"['Zinc, Zn', '12 - 14 %', '12 - 14 %', '']","['Tensile Strength, Ultimate', '570 - 790 MPa', '82700 - 115000 psi', 'soft']","['Tensile Strength, Yield', '710 - 900 MPa', '103000 - 131000 psi', 'hardened']","['Elongation at Break', '6.0 - 18 %', '6.0 - 18 %', 'hardened']"
AgPd-1 Precious dental alloy,"['Gold, Au', '73 %', '73 %', '']","['Tensile Strength, Ultimate', '230 MPa', '33400 psi', '']","['Tensile Strength, Yield', '80.0 MPa@Strain 0.200 %', '11600 psi@Strain 0.200 %', '']","['Elongation at Break', '33 %', '33 %', '']"
AgPd-1 Precious dental alloy,"['Iridium, Ir', '0.10 %', '0.10 %', '']","['Tensile Strength, Ultimate', '230 MPa', '33400 psi', '']","['Tensile Strength, Yield', '80.0 MPa@Strain 0.200 %', '11600 psi@Strain 0.200 %', '']","['Elongation at Break', '33 %', '33 %', '']"
AgPd-1 Precious dental alloy,"['Palladium, Pd', '1.0 %', '1.0 %', '']","['Tensile Strength, Ultimate', '230 MPa', '33400 psi', '']","['Tensile Strength, Yield', '80.0 MPa@Strain 0.200 %', '11600 psi@Strain 0.200 %', '']","['Elongation at Break', '33 %', '33 %', '']"
AgPd-1 Precious dental alloy,"['Platinum, Pt', '0.90 %', '0.90 %', '']","['Tensile Strength, Ultimate', '230 MPa', '33400 psi', '']","['Tensile Strength, Yield', '80.0 MPa@Strain 0.200 %', '11600 psi@Strain 0.200 %', '']","['Elongation at Break', '33 %', '33 %', '']"
AgPd-1 Precious dental alloy,"['Silver, Ag', '13 %', '13 %', '']","['Tensile Strength, Ultimate', '230 MPa', '33400 psi', '']","['Tensile Strength, Yield', '80.0 MPa@Strain 0.200 %', '11600 psi@Strain 0.200 %', '']","['Elongation at Break', '33 %', '33 %', '']"
AgPd-1 Precious dental alloy,"['Zinc, Zn', '12 %', '12 %', '']","['Tensile Strength, Ultimate', '230 MPa', '33400 psi', '']","['Tensile Strength, Yield', '80.0 MPa@Strain 0.200 %', '11600 psi@Strain 0.200 %', '']","['Elongation at Break', '33 %', '33 %', '']"
AgPd-4 Precious dental alloy,"['Gold, Au', '73 %', '73 %', '']","['Tensile Strength, Ultimate', '510 - 950 MPa', '74000 - 138000 psi', '']","['Tensile Strength, Yield', '285 - 595 MPa@Strain 0.200 %', '41300 - 86300 psi@Strain 0.200 %', '']","['Elongation at Break', '3.0 - 31 %', '3.0 - 31 %', '']"
AgPd-4 Precious dental alloy,"['Iridium, Ir', '0.10 %', '0.10 %', '']","['Tensile Strength, Ultimate', '510 - 950 MPa', '74000 - 138000 psi', '']","['Tensile Strength, Yield', '285 - 595 MPa@Strain 0.200 %', '41300 - 86300 psi@Strain 0.200 %', '']","['Elongation at Break', '3.0 - 31 %', '3.0 - 31 %', '']"
AgPd-4 Precious dental alloy,"['Palladium, Pd', '1.0 %', '1.0 %', '']","['Tensile Strength, Ultimate', '510 - 950 MPa', '74000 - 138000 psi', '']","['Tensile Strength, Yield', '285 - 595 MPa@Strain 0.200 %', '41300 - 86300 psi@Strain 0.200 %', '']","['Elongation at Break', '3.0 - 31 %', '3.0 - 31 %', '']"
AgPd-4 Precious dental alloy,"['Platinum, Pt', '0.90 %', '0.90 %', '']","['Tensile Strength, Ultimate', '510 - 950 MPa', '74000 - 138000 psi', '']","['Tensile Strength, Yield', '285 - 595 MPa@Strain 0.200 %', '41300 - 86300 psi@Strain 0.200 %', '']","['Elongation at Break', '3.0 - 31 %', '3.0 - 31 %', '']"
AgPd-4 Precious dental alloy,"['Silver, Ag', '13 %', '13 %', '']","['Tensile Strength, Ultimate', '510 - 950 MPa', '74000 - 138000 psi', '']","['Tensile Strength, Yield', '285 - 595 MPa@Strain 0.200 %', '41300 - 86300 psi@Strain 0.200 %', '']","['Elongation at Break', '3.0 - 31 %', '3.0 - 31 %', '']"
AgPd-4 Precious dental alloy,"['Zinc, Zn', '12 %', '12 %', '']","['Tensile Strength, Ultimate', '510 - 950 MPa', '74000 - 138000 psi', '']","['Tensile Strength, Yield', '285 - 595 MPa@Strain 0.200 %', '41300 - 86300 psi@Strain 0.200 %', '']","['Elongation at Break', '3.0 - 31 %', '3.0 - 31 %', '']"
Pd-4-C Precious dental alloy,"['Copper, Cu', '3.0 - 5.0 %', '3.0 - 5.0 %', '']","['Tensile Strength, Ultimate', '630 - 900 MPa', '91400 - 131000 psi', '']","['Tensile Strength, Yield', '340 - 630 MPa@Strain 0.200 %', '49300 - 91400 psi@Strain 0.200 %', '']","['Elongation at Break', '8.0 - 30 %', '8.0 - 30 %', '']"
Pd-4-C Precious dental alloy,"['Gold, Au', '50 - 73 %', '50 - 73 %', '']","['Tensile Strength, Ultimate', '630 - 900 MPa', '91400 - 131000 psi', '']","['Tensile Strength, Yield', '340 - 630 MPa@Strain 0.200 %', '49300 - 91400 psi@Strain 0.200 %', '']","['Elongation at Break', '8.0 - 30 %', '8.0 - 30 %', '']"
Pd-4-C Precious dental alloy,"['Indium, In', '<= 2.0 %', '<= 2.0 %', '']","['Tensile Strength, Ultimate', '630 - 900 MPa', '91400 - 131000 psi', '']","['Tensile Strength, Yield', '340 - 630 MPa@Strain 0.200 %', '49300 - 91400 psi@Strain 0.200 %', '']","['Elongation at Break', '8.0 - 30 %', '8.0 - 30 %', '']"
Pd-4-C Precious dental alloy,"['Palladium, Pd', '<= 1.0 %', '<= 1.0 %', '']","['Tensile Strength, Ultimate', '630 - 900 MPa', '91400 - 131000 psi', '']","['Tensile Strength, Yield', '340 - 630 MPa@Strain 0.200 %', '49300 - 91400 psi@Strain 0.200 %', '']","['Elongation at Break', '8.0 - 30 %', '8.0 - 30 %', '']"
Pd-4-C Precious dental alloy,"['Platinum, Pt', '<= 1.9 %', '<= 1.9 %', '']","['Tensile Strength, Ultimate', '630 - 900 MPa', '91400 - 131000 psi', '']","['Tensile Strength, Yield', '340 - 630 MPa@Strain 0.200 %', '49300 - 91400 psi@Strain 0.200 %', '']","['Elongation at Break', '8.0 - 30 %', '8.0 - 30 %', '']"
Pd-4-C Precious dental alloy,"['Silver, Ag', '10 - 28 %', '10 - 28 %', '']","['Tensile Strength, Ultimate', '630 - 900 MPa', '91400 - 131000 psi', '']","['Tensile Strength, Yield', '340 - 630 MPa@Strain 0.200 %', '49300 - 91400 psi@Strain 0.200 %', '']","['Elongation at Break', '8.0 - 30 %', '8.0 - 30 %', '']"
Pd-4-C Precious dental alloy,"['Zinc, Zn', '12 - 14 %', '12 - 14 %', '']","['Tensile Strength, Ultimate', '630 - 900 MPa', '91400 - 131000 psi', '']","['Tensile Strength, Yield', '340 - 630 MPa@Strain 0.200 %', '49300 - 91400 psi@Strain 0.200 %', '']","['Elongation at Break', '8.0 - 30 %', '8.0 - 30 %', '']"
"Silver-Magnesium-Nickel Alloy (Ag-0.25Ni-0.25Mg), Soft Temper","['Magnesium, Mg', '<= 0.25 %', '<= 0.25 %', '']","['Tensile Strength, Ultimate', '250 MPa', '36300 psi', '']","['Tensile Strength, Yield', '130 MPa', '18900 psi', '']","['Elongation at Break', '28 %', '28 %', '']"
"Silver-Magnesium-Nickel Alloy (Ag-0.25Ni-0.25Mg), Soft Temper","['Nickel, Ni', '0.25 %', '0.25 %', '']","['Tensile Strength, Ultimate', '250 MPa', '36300 psi', '']","['Tensile Strength, Yield', '130 MPa', '18900 psi', '']","['Elongation at Break', '28 %', '28 %', '']"
"Silver-Magnesium-Nickel Alloy (Ag-0.25Ni-0.25Mg), Soft Temper","['Silver, Ag', '95.5 %', '95.5 %', '']","['Tensile Strength, Ultimate', '250 MPa', '36300 psi', '']","['Tensile Strength, Yield', '130 MPa', '18900 psi', '']","['Elongation at Break', '28 %', '28 %', '']"
"Silver-Magnesium-Nickel Alloy (Ag-0.25Ni-0.25Mg), 1/2 Hard Temper","['Magnesium, Mg', '<= 0.25 %', '<= 0.25 %', '']","['Tensile Strength, Ultimate', '325 MPa', '47100 psi', '']","['Tensile Strength, Yield', '315 MPa', '45700 psi', '']","['Elongation at Break', '4.0 %', '4.0 %', '']"
"Silver-Magnesium-Nickel Alloy (Ag-0.25Ni-0.25Mg), 1/2 Hard Temper","['Nickel, Ni', '0.25 %', '0.25 %', '']","['Tensile Strength, Ultimate', '325 MPa', '47100 psi', '']","['Tensile Strength, Yield', '315 MPa', '45700 psi', '']","['Elongation at Break', '4.0 %', '4.0 %', '']"
"Silver-Magnesium-Nickel Alloy (Ag-0.25Ni-0.25Mg), 1/2 Hard Temper","['Silver, Ag', '95.5 %', '95.5 %', '']","['Tensile Strength, Ultimate', '325 MPa', '47100 psi', '']","['Tensile Strength, Yield', '315 MPa', '45700 psi', '']","['Elongation at Break', '4.0 %', '4.0 %', '']"
"Silver-Magnesium-Nickel Alloy (Ag-0.25Ni-0.25Mg), 3/4 Hard Temper","['Magnesium, Mg', '<= 0.25 %', '<= 0.25 %', '']","['Tensile Strength, Ultimate', '325 MPa', '47100 psi', '']","['Tensile Strength, Yield', '315 MPa', '45700 psi', '']","['Elongation at Break', '3.0 %', '3.0 %', '']"
"Silver-Magnesium-Nickel Alloy (Ag-0.25Ni-0.25Mg), 3/4 Hard Temper","['Nickel, Ni', '0.25 %', '0.25 %', '']","['Tensile Strength, Ultimate', '325 MPa', '47100 psi', '']","['Tensile Strength, Yield', '315 MPa', '45700 psi', '']","['Elongation at Break', '3.0 %', '3.0 %', '']"
"Silver-Magnesium-Nickel Alloy (Ag-0.25Ni-0.25Mg), 3/4 Hard Temper","['Silver, Ag', '95.5 %', '95.5 %', '']","['Tensile Strength, Ultimate', '325 MPa', '47100 psi', '']","['Tensile Strength, Yield', '315 MPa', '45700 psi', '']","['Elongation at Break', '3.0 %', '3.0 %', '']"
"Silver-Magnesium-Nickel Alloy (Ag-0.25Ni-0.25Mg), Hard Temper","['Magnesium, Mg', '<= 0.25 %', '<= 0.25 %', '']","['Tensile Strength, Ultimate', '330 MPa', '47900 psi', '']","['Tensile Strength, Yield', '285 MPa', '41300 psi', '']","['Elongation at Break', '2.0 %', '2.0 %', '']"
"Silver-Magnesium-Nickel Alloy (Ag-0.25Ni-0.25Mg), Hard Temper","['Nickel, Ni', '0.25 %', '0.25 %', '']","['Tensile Strength, Ultimate', '330 MPa', '47900 psi', '']","['Tensile Strength, Yield', '285 MPa', '41300 psi', '']","['Elongation at Break', '2.0 %', '2.0 %', '']"
"Silver-Magnesium-Nickel Alloy (Ag-0.25Ni-0.25Mg), Hard Temper","['Silver, Ag', '95.5 %', '95.5 %', '']","['Tensile Strength, Ultimate', '330 MPa', '47900 psi', '']","['Tensile Strength, Yield', '285 MPa', '41300 psi', '']","['Elongation at Break', '2.0 %', '2.0 %', '']"
"Silver-Magnesium-Nickel Alloy (Ag-0.25Ni-0.25Mg), Oxidized","['Magnesium, Mg', '<= 0.25 %', '<= 0.25 %', '']","['Tensile Strength, Ultimate', '400 MPa', '58000 psi', '']","['Tensile Strength, Yield', '340 MPa', '49300 psi', '']","['Elongation at Break', '13 %', '13 %', '']"
"Silver-Magnesium-Nickel Alloy (Ag-0.25Ni-0.25Mg), Oxidized","['Nickel, Ni', '0.25 %', '0.25 %', '']","['Tensile Strength, Ultimate', '400 MPa', '58000 psi', '']","['Tensile Strength, Yield', '340 MPa', '49300 psi', '']","['Elongation at Break', '13 %', '13 %', '']"
"Silver-Magnesium-Nickel Alloy (Ag-0.25Ni-0.25Mg), Oxidized","['Silver, Ag', '95.5 %', '95.5 %', '']","['Tensile Strength, Ultimate', '400 MPa', '58000 psi', '']","['Tensile Strength, Yield', '340 MPa', '49300 psi', '']","['Elongation at Break', '13 %', '13 %', '']"
"Silver, Ag; Commercially Pure (UNS P07020)","['Silver, Ag', '>= 99.9 %', '>= 99.9 %', '']","['Tensile Strength, Ultimate', '125 MPa', '18100 psi', '']","['Tensile Strength, Yield', '54.0 MPa@Strain 0.200 %', '7830 psi@Strain 0.200 %', '']","['Elongation at Break', '3.0 - 5.0 %', '3.0 - 5.0 %', '']"
"Silver, Ag; Refined, ASTM 413 (UNS P07015)","['Silver, Ag', '>= 99.95 %', '>= 99.95 %', '']","['Tensile Strength, Ultimate', '125 MPa', '18100 psi', '']","['Tensile Strength, Yield', '54.0 MPa@Strain 0.200 %', '7830 psi@Strain 0.200 %', '']","['Elongation at Break', '3.0 - 5.0 %', '3.0 - 5.0 %', '']"
"Silver, Ag; Refined, ASTM 413 (UNS P07010)","['Silver, Ag', '>= 99.95 %', '>= 99.95 %', '']","['Tensile Strength, Ultimate', '125 MPa', '18100 psi', '']","['Tensile Strength, Yield', '54.0 MPa@Strain 0.200 %', '7830 psi@Strain 0.200 %', '']","['Elongation at Break', '3.0 - 5.0 %', '3.0 - 5.0 %', '']"
"Silver-Palladium Alloy, 61Ag-27Pd-2Au","['Gold, Au', '2.0 %', '2.0 %', '']","['Tensile Strength, Ultimate', '586 MPa', '85000 psi', '']","['Tensile Strength, Yield', '241 MPa@Strain 0.200 %', '35000 psi@Strain 0.200 %', '']","['Elongation at Break', '10 %', '10 %', '']"
"Silver-Palladium Alloy, 61Ag-27Pd-2Au","['Palladium, Pd', '27 %', '27 %', '']","['Tensile Strength, Ultimate', '586 MPa', '85000 psi', '']","['Tensile Strength, Yield', '241 MPa@Strain 0.200 %', '35000 psi@Strain 0.200 %', '']","['Elongation at Break', '10 %', '10 %', '']"
"Silver-Palladium Alloy, 61Ag-27Pd-2Au","['Silver, Ag', '61 %', '61 %', '']","['Tensile Strength, Ultimate', '586 MPa', '85000 psi', '']","['Tensile Strength, Yield', '241 MPa@Strain 0.200 %', '35000 psi@Strain 0.200 %', '']","['Elongation at Break', '10 %', '10 %', '']"
"Silver-Palladium Alloy, 59Ag-25Pd","['Palladium, Pd', '25 %', '25 %', '']","['Tensile Strength, Ultimate', '751 MPa', '109000 psi', '']","['Tensile Strength, Yield', '660 MPa@Strain 0.200 %', '95700 psi@Strain 0.200 %', '']","['Elongation at Break', '9.0 %', '9.0 %', '']"
"Silver-Palladium Alloy, 59Ag-25Pd","['Silver, Ag', '59 %', '59 %', '']","['Tensile Strength, Ultimate', '751 MPa', '109000 psi', '']","['Tensile Strength, Yield', '660 MPa@Strain 0.200 %', '95700 psi@Strain 0.200 %', '']","['Elongation at Break', '9.0 %', '9.0 %', '']"
"Silver-Palladium Alloy, 50Ag-30Pd-3Au","['Gold, Au', '3.0 %', '3.0 %', '']","['Tensile Strength, Ultimate', '607 MPa', '88000 psi', '']","['Tensile Strength, Yield', '427 MPa@Strain 0.200 %', '61900 psi@Strain 0.200 %', '']","['Elongation at Break', '20 %', '20 %', '']"
"Silver-Palladium Alloy, 50Ag-30Pd-3Au","['Palladium, Pd', '30 %', '30 %', '']","['Tensile Strength, Ultimate', '607 MPa', '88000 psi', '']","['Tensile Strength, Yield', '427 MPa@Strain 0.200 %', '61900 psi@Strain 0.200 %', '']","['Elongation at Break', '20 %', '20 %', '']"
"Silver-Palladium Alloy, 50Ag-30Pd-3Au","['Silver, Ag', '50 %', '50 %', '']","['Tensile Strength, Ultimate', '607 MPa', '88000 psi', '']","['Tensile Strength, Yield', '427 MPa@Strain 0.200 %', '61900 psi@Strain 0.200 %', '']","['Elongation at Break', '20 %', '20 %', '']"
"Commercial Fine Gold, 60% Reduction","['Gold, Au', '>= 99.95 %', '>= 99.95 %', '']","['Tensile Strength, Ultimate', '220 MPa', '31900 psi', '']","['Tensile Strength, Yield', '205 MPa', '29700 psi', '']","['Elongation at Break', '4.0 %', '4.0 %', '']"
79Pt-15Rh-6Ru; Alloy 851,"['Platinum, Pt', '79 %', '79 %', '']","['Tensile Strength, Ultimate', '2070 MPa', '300000 psi', '']","['Tensile Strength, Yield', '1515 MPa', '219700 psi', '']","['Elongation at Break', '2.0 %', '2.0 %', 'in 25 cm']"
79Pt-15Rh-6Ru; Alloy 851,"['Rhodium, Rh', '15 %', '15 %', '']","['Tensile Strength, Ultimate', '2070 MPa', '300000 psi', '']","['Tensile Strength, Yield', '1515 MPa', '219700 psi', '']","['Elongation at Break', '2.0 %', '2.0 %', 'in 25 cm']"
79Pt-15Rh-6Ru; Alloy 851,"['Ruthenium, Ru', '6.0 %', '6.0 %', '']","['Tensile Strength, Ultimate', '2070 MPa', '300000 psi', '']","['Tensile Strength, Yield', '1515 MPa', '219700 psi', '']","['Elongation at Break', '2.0 %', '2.0 %', 'in 25 cm']"
Materion AuSn Plus Modified Gold-Tin Solder,"['Electrical Properties', 'Metric', 'English', 'Comments']","['Tensile Strength, Ultimate', '234 MPa', '34000 psi', '']","['Tensile Strength, Yield', '224 MPa', '32500 psi', '']","['Elongation at Break', '1.2 %', '1.2 %', '']"
Materion AuSn Plus Modified Gold-Tin Solder,"['Electrical Resistivity', '0.0000218 ohm-cm', '0.0000218 ohm-cm', '']","['Tensile Strength, Ultimate', '234 MPa', '34000 psi', '']","['Tensile Strength, Yield', '224 MPa', '32500 psi', '']","['Elongation at Break', '1.2 %', '1.2 %', '']"
Materion AuSn Plus Modified Gold-Tin Solder,"['Thermal Properties', 'Metric', 'English', 'Comments']","['Tensile Strength, Ultimate', '234 MPa', '34000 psi', '']","['Tensile Strength, Yield', '224 MPa', '32500 psi', '']","['Elongation at Break', '1.2 %', '1.2 %', '']"
Materion AuSn Plus Modified Gold-Tin Solder,"['Thermal Conductivity', '55.1 W/m-K', '382 BTU-in/hr-ft-F', '']","['Tensile Strength, Ultimate', '234 MPa', '34000 psi', '']","['Tensile Strength, Yield', '224 MPa', '32500 psi', '']","['Elongation at Break', '1.2 %', '1.2 %', '']"
Materion AuSn Plus Modified Gold-Tin Solder,"['Melting Point', '306 C', '583 F', '']","['Tensile Strength, Ultimate', '234 MPa', '34000 psi', '']","['Tensile Strength, Yield', '224 MPa', '32500 psi', '']","['Elongation at Break', '1.2 %', '1.2 %', '']"
Materion AuSn Plus Modified Gold-Tin Solder,"['Solidus', '306 C', '583 F', '']","['Tensile Strength, Ultimate', '234 MPa', '34000 psi', '']","['Tensile Strength, Yield', '224 MPa', '32500 psi', '']","['Elongation at Break', '1.2 %', '1.2 %', '']"
Materion AuSn Plus Modified Gold-Tin Solder,"['Liquidus', '306 C', '583 F', '']","['Tensile Strength, Ultimate', '234 MPa', '34000 psi', '']","['Tensile Strength, Yield', '224 MPa', '32500 psi', '']","['Elongation at Break', '1.2 %', '1.2 %', '']"
Materion AuSn Plus Modified Gold-Tin Solder,"['Processing Properties', 'Metric', 'English', 'Comments']","['Tensile Strength, Ultimate', '234 MPa', '34000 psi', '']","['Tensile Strength, Yield', '224 MPa', '32500 psi', '']","['Elongation at Break', '1.2 %', '1.2 %', '']"
Materion AuSn Plus Modified Gold-Tin Solder,"['Processing Temperature', '350 C', '662 F', 'Peak']","['Tensile Strength, Ultimate', '234 MPa', '34000 psi', '']","['Tensile Strength, Yield', '224 MPa', '32500 psi', '']","['Elongation at Break', '1.2 %', '1.2 %', '']"
Materion Wambraze WB280 80Au/20Sn Solder,"['Gold, Au', '80 %', '80 %', '']","['Tensile Strength, Yield', '252 MPa', '36500 psi', '']","['Elongation at Break', '2.1 %', '2.1 %', '']","['Component Elements Properties', 'Metric', 'English', 'Comments']"
Materion Wambraze WB280 80Au/20Sn Solder,"['Tin, Sn', '20 %', '20 %', '']","['Tensile Strength, Yield', '252 MPa', '36500 psi', '']","['Elongation at Break', '2.1 %', '2.1 %', '']","['Component Elements Properties', 'Metric', 'English', 'Comments']"
Materion Wambraze WB280 80Au/20Sn Solder,['Descriptive Properties'],"['Tensile Strength, Yield', '252 MPa', '36500 psi', '']","['Elongation at Break', '2.1 %', '2.1 %', '']","['Component Elements Properties', 'Metric', 'English', 'Comments']"
