Overview of materials for Tungsten Alloy,"['Aluminum, Al', '0.00200 - 0.00350 %', '0.00200 - 0.00350 %', 'Average value: 0.00237 % Grade Count:15']","['Tensile Strength, Ultimate', '350 - 4900 MPa', '50800 - 711000 psi', 'Average value: 879 MPa Grade Count:149']","['Tensile Strength, Yield', '450 - 1640 MPa', '65300 - 238000 psi', 'Average value: 678 MPa Grade Count:102']","['Elongation at Break', '0.000 - 30.0 %', '0.000 - 30.0 %', 'Average value: 8.37 % Grade Count:112']"
Overview of materials for Tungsten Alloy,"['Boron, B', '0.400 - 5.00 %', '0.400 - 5.00 %', 'Average value: 1.98 % Grade Count:10']","['Tensile Strength, Ultimate', '350 - 4900 MPa', '50800 - 711000 psi', 'Average value: 879 MPa Grade Count:149']","['Tensile Strength, Yield', '450 - 1640 MPa', '65300 - 238000 psi', 'Average value: 678 MPa Grade Count:102']","['Elongation at Break', '0.000 - 30.0 %', '0.000 - 30.0 %', 'Average value: 8.37 % Grade Count:112']"
Overview of materials for Tungsten Alloy,"['Calcium, Ca', '0.00300 %', '0.00300 %', 'Average value: 0.00300 % Grade Count:3']","['Tensile Strength, Ultimate', '350 - 4900 MPa', '50800 - 711000 psi', 'Average value: 879 MPa Grade Count:149']","['Tensile Strength, Yield', '450 - 1640 MPa', '65300 - 238000 psi', 'Average value: 678 MPa Grade Count:102']","['Elongation at Break', '0.000 - 30.0 %', '0.000 - 30.0 %', 'Average value: 8.37 % Grade Count:112']"
Overview of materials for Tungsten Alloy,"['Carbon, C', '0.00500 - 6.50 %', '0.00500 - 6.50 %', 'Average value: 2.28 % Grade Count:29']","['Tensile Strength, Ultimate', '350 - 4900 MPa', '50800 - 711000 psi', 'Average value: 879 MPa Grade Count:149']","['Tensile Strength, Yield', '450 - 1640 MPa', '65300 - 238000 psi', 'Average value: 678 MPa Grade Count:102']","['Elongation at Break', '0.000 - 30.0 %', '0.000 - 30.0 %', 'Average value: 8.37 % Grade Count:112']"
Overview of materials for Tungsten Alloy,"['Chromium, Cr', '0.00200 - 25.0 %', '0.00200 - 25.0 %', 'Average value: 4.14 % Grade Count:31']","['Tensile Strength, Ultimate', '350 - 4900 MPa', '50800 - 711000 psi', 'Average value: 879 MPa Grade Count:149']","['Tensile Strength, Yield', '450 - 1640 MPa', '65300 - 238000 psi', 'Average value: 678 MPa Grade Count:102']","['Elongation at Break', '0.000 - 30.0 %', '0.000 - 30.0 %', 'Average value: 8.37 % Grade Count:112']"
Overview of materials for Tungsten Alloy,"['Cobalt, Co', '0.100 - 36.3 %', '0.100 - 36.3 %', 'Average value: 9.90 % Grade Count:58']","['Tensile Strength, Ultimate', '350 - 4900 MPa', '50800 - 711000 psi', 'Average value: 879 MPa Grade Count:149']","['Tensile Strength, Yield', '450 - 1640 MPa', '65300 - 238000 psi', 'Average value: 678 MPa Grade Count:102']","['Elongation at Break', '0.000 - 30.0 %', '0.000 - 30.0 %', 'Average value: 8.37 % Grade Count:112']"
Overview of materials for Tungsten Alloy,"['Copper, Cu', '0.00100 - 58.0 %', '0.00100 - 58.0 %', 'Average value: 21.7 % Grade Count:122']","['Tensile Strength, Ultimate', '350 - 4900 MPa', '50800 - 711000 psi', 'Average value: 879 MPa Grade Count:149']","['Tensile Strength, Yield', '450 - 1640 MPa', '65300 - 238000 psi', 'Average value: 678 MPa Grade Count:102']","['Elongation at Break', '0.000 - 30.0 %', '0.000 - 30.0 %', 'Average value: 8.37 % Grade Count:112']"
Overview of materials for Tungsten Alloy,"['Fe + Ni', '1.50 - 10.0 %', '1.50 - 10.0 %', 'Average value: 5.30 % Grade Count:5']","['Tensile Strength, Ultimate', '350 - 4900 MPa', '50800 - 711000 psi', 'Average value: 879 MPa Grade Count:149']","['Tensile Strength, Yield', '450 - 1640 MPa', '65300 - 238000 psi', 'Average value: 678 MPa Grade Count:102']","['Elongation at Break', '0.000 - 30.0 %', '0.000 - 30.0 %', 'Average value: 8.37 % Grade Count:112']"
Overview of materials for Tungsten Alloy,"['Iron, Fe', '0.00300 - 13.5 %', '0.00300 - 13.5 %', 'Average value: 1.87 % Grade Count:74']","['Tensile Strength, Ultimate', '350 - 4900 MPa', '50800 - 711000 psi', 'Average value: 879 MPa Grade Count:149']","['Tensile Strength, Yield', '450 - 1640 MPa', '65300 - 238000 psi', 'Average value: 678 MPa Grade Count:102']","['Elongation at Break', '0.000 - 30.0 %', '0.000 - 30.0 %', 'Average value: 8.37 % Grade Count:112']"
Overview of materials for Tungsten Alloy,"['Lead, Pb', '0.00200 %', '0.00200 %', 'Average value: 0.00200 % Grade Count:3']","['Tensile Strength, Ultimate', '350 - 4900 MPa', '50800 - 711000 psi', 'Average value: 879 MPa Grade Count:149']","['Tensile Strength, Yield', '450 - 1640 MPa', '65300 - 238000 psi', 'Average value: 678 MPa Grade Count:102']","['Elongation at Break', '0.000 - 30.0 %', '0.000 - 30.0 %', 'Average value: 8.37 % Grade Count:112']"
Overview of materials for Tungsten Alloy,"['Magnesium, Mg', '0.00200 %', '0.00200 %', 'Average value: 0.00200 % Grade Count:3']","['Tensile Strength, Ultimate', '350 - 4900 MPa', '50800 - 711000 psi', 'Average value: 879 MPa Grade Count:149']","['Tensile Strength, Yield', '450 - 1640 MPa', '65300 - 238000 psi', 'Average value: 678 MPa Grade Count:102']","['Elongation at Break', '0.000 - 30.0 %', '0.000 - 30.0 %', 'Average value: 8.37 % Grade Count:112']"
Overview of materials for Tungsten Alloy,"['Manganese, Mn', '0.00200 %', '0.00200 %', 'Average value: 0.00200 % Grade Count:3']","['Tensile Strength, Ultimate', '350 - 4900 MPa', '50800 - 711000 psi', 'Average value: 879 MPa Grade Count:149']","['Tensile Strength, Yield', '450 - 1640 MPa', '65300 - 238000 psi', 'Average value: 678 MPa Grade Count:102']","['Elongation at Break', '0.000 - 30.0 %', '0.000 - 30.0 %', 'Average value: 8.37 % Grade Count:112']"
Overview of materials for Tungsten Alloy,"['Molybdenum, Mo', '0.00500 - 50.0 %', '0.00500 - 50.0 %', 'Average value: 4.44 % Grade Count:16']","['Tensile Strength, Ultimate', '350 - 4900 MPa', '50800 - 711000 psi', 'Average value: 879 MPa Grade Count:149']","['Tensile Strength, Yield', '450 - 1640 MPa', '65300 - 238000 psi', 'Average value: 678 MPa Grade Count:102']","['Elongation at Break', '0.000 - 30.0 %', '0.000 - 30.0 %', 'Average value: 8.37 % Grade Count:112']"
Overview of materials for Tungsten Alloy,"['Ni, Fe, Mo', '7.00 - 10.0 %', '7.00 - 10.0 %', 'Average value: 7.60 % Grade Count:5']","['Tensile Strength, Ultimate', '350 - 4900 MPa', '50800 - 711000 psi', 'Average value: 879 MPa Grade Count:149']","['Tensile Strength, Yield', '450 - 1640 MPa', '65300 - 238000 psi', 'Average value: 678 MPa Grade Count:102']","['Elongation at Break', '0.000 - 30.0 %', '0.000 - 30.0 %', 'Average value: 8.37 % Grade Count:112']"
Overview of materials for Tungsten Alloy,"['Nickel, Ni', '0.00300 - 56.0 %', '0.00300 - 56.0 %', 'Average value: 8.34 % Grade Count:97']","['Tensile Strength, Ultimate', '350 - 4900 MPa', '50800 - 711000 psi', 'Average value: 879 MPa Grade Count:149']","['Tensile Strength, Yield', '450 - 1640 MPa', '65300 - 238000 psi', 'Average value: 678 MPa Grade Count:102']","['Elongation at Break', '0.000 - 30.0 %', '0.000 - 30.0 %', 'Average value: 8.37 % Grade Count:112']"
Overview of materials for Tungsten Alloy,"['Oxygen, O', '0.00500 - 0.0800 %', '0.00500 - 0.0800 %', 'Average value: 0.0227 % Grade Count:11']","['Tensile Strength, Ultimate', '350 - 4900 MPa', '50800 - 711000 psi', 'Average value: 879 MPa Grade Count:149']","['Tensile Strength, Yield', '450 - 1640 MPa', '65300 - 238000 psi', 'Average value: 678 MPa Grade Count:102']","['Elongation at Break', '0.000 - 30.0 %', '0.000 - 30.0 %', 'Average value: 8.37 % Grade Count:112']"
Overview of materials for Tungsten Alloy,"['Potassium, K', '0.000500 - 0.0100 %', '0.000500 - 0.0100 %', 'Average value: 0.00579 % Grade Count:20']","['Tensile Strength, Ultimate', '350 - 4900 MPa', '50800 - 711000 psi', 'Average value: 879 MPa Grade Count:149']","['Tensile Strength, Yield', '450 - 1640 MPa', '65300 - 238000 psi', 'Average value: 678 MPa Grade Count:102']","['Elongation at Break', '0.000 - 30.0 %', '0.000 - 30.0 %', 'Average value: 8.37 % Grade Count:112']"
Overview of materials for Tungsten Alloy,"['Rhenium, Re', '1.50 - 26.0 %', '1.50 - 26.0 %', 'Average value: 15.4 % Grade Count:13']","['Tensile Strength, Ultimate', '350 - 4900 MPa', '50800 - 711000 psi', 'Average value: 879 MPa Grade Count:149']","['Tensile Strength, Yield', '450 - 1640 MPa', '65300 - 238000 psi', 'Average value: 678 MPa Grade Count:102']","['Elongation at Break', '0.000 - 30.0 %', '0.000 - 30.0 %', 'Average value: 8.37 % Grade Count:112']"
Overview of materials for Tungsten Alloy,"['Silicon, Si', '0.00200 - 3.10 %', '0.00200 - 3.10 %', 'Average value: 0.770 % Grade Count:27']","['Tensile Strength, Ultimate', '350 - 4900 MPa', '50800 - 711000 psi', 'Average value: 879 MPa Grade Count:149']","['Tensile Strength, Yield', '450 - 1640 MPa', '65300 - 238000 psi', 'Average value: 678 MPa Grade Count:102']","['Elongation at Break', '0.000 - 30.0 %', '0.000 - 30.0 %', 'Average value: 8.37 % Grade Count:112']"
Overview of materials for Tungsten Alloy,"['Silver, Ag', '10.0 - 58.0 %', '10.0 - 58.0 %', 'Average value: 37.7 % Grade Count:48']","['Tensile Strength, Ultimate', '350 - 4900 MPa', '50800 - 711000 psi', 'Average value: 879 MPa Grade Count:149']","['Tensile Strength, Yield', '450 - 1640 MPa', '65300 - 238000 psi', 'Average value: 678 MPa Grade Count:102']","['Elongation at Break', '0.000 - 30.0 %', '0.000 - 30.0 %', 'Average value: 8.37 % Grade Count:112']"
Overview of materials for Tungsten Alloy,"['Sodium, Na', '0.00200 %', '0.00200 %', 'Average value: 0.00200 % Grade Count:11']","['Tensile Strength, Ultimate', '350 - 4900 MPa', '50800 - 711000 psi', 'Average value: 879 MPa Grade Count:149']","['Tensile Strength, Yield', '450 - 1640 MPa', '65300 - 238000 psi', 'Average value: 678 MPa Grade Count:102']","['Elongation at Break', '0.000 - 30.0 %', '0.000 - 30.0 %', 'Average value: 8.37 % Grade Count:112']"
Overview of materials for Tungsten Alloy,"['Thorium, Th', '1.00 - 4.00 %', '1.00 - 4.00 %', 'Average value: 2.06 % Grade Count:8']","['Tensile Strength, Ultimate', '350 - 4900 MPa', '50800 - 711000 psi', 'Average value: 879 MPa Grade Count:149']","['Tensile Strength, Yield', '450 - 1640 MPa', '65300 - 238000 psi', 'Average value: 678 MPa Grade Count:102']","['Elongation at Break', '0.000 - 30.0 %', '0.000 - 30.0 %', 'Average value: 8.37 % Grade Count:112']"
Overview of materials for Tungsten Alloy,"['Tin, Sn', '0.00200 %', '0.00200 %', 'Average value: 0.00200 % Grade Count:3']","['Tensile Strength, Ultimate', '350 - 4900 MPa', '50800 - 711000 psi', 'Average value: 879 MPa Grade Count:149']","['Tensile Strength, Yield', '450 - 1640 MPa', '65300 - 238000 psi', 'Average value: 678 MPa Grade Count:102']","['Elongation at Break', '0.000 - 30.0 %', '0.000 - 30.0 %', 'Average value: 8.37 % Grade Count:112']"
Overview of materials for Tungsten Alloy,"['Titanium, Ti', '0.00200 - 5.00 %', '0.00200 - 5.00 %', 'Average value: 1.25 % Grade Count:4']","['Tensile Strength, Ultimate', '350 - 4900 MPa', '50800 - 711000 psi', 'Average value: 879 MPa Grade Count:149']","['Tensile Strength, Yield', '450 - 1640 MPa', '65300 - 238000 psi', 'Average value: 678 MPa Grade Count:102']","['Elongation at Break', '0.000 - 30.0 %', '0.000 - 30.0 %', 'Average value: 8.37 % Grade Count:112']"
Overview of materials for Tungsten Alloy,"['Tungsten, W', '29.5 - 100 %', '29.5 - 100 %', 'Average value: 83.0 % Grade Count:300']","['Tensile Strength, Ultimate', '350 - 4900 MPa', '50800 - 711000 psi', 'Average value: 879 MPa Grade Count:149']","['Tensile Strength, Yield', '450 - 1640 MPa', '65300 - 238000 psi', 'Average value: 678 MPa Grade Count:102']","['Elongation at Break', '0.000 - 30.0 %', '0.000 - 30.0 %', 'Average value: 8.37 % Grade Count:112']"
Overview of materials for Tungsten Alloy,"['WC', '42.0 - 97.0 %', '42.0 - 97.0 %', 'Average value: 75.8 % Grade Count:70']","['Tensile Strength, Ultimate', '350 - 4900 MPa', '50800 - 711000 psi', 'Average value: 879 MPa Grade Count:149']","['Tensile Strength, Yield', '450 - 1640 MPa', '65300 - 238000 psi', 'Average value: 678 MPa Grade Count:102']","['Elongation at Break', '0.000 - 30.0 %', '0.000 - 30.0 %', 'Average value: 8.37 % Grade Count:112']"
"Tungsten, W; Soft Unalloyed","['Tungsten, W', '99.95 %', '99.95 %', '']","['Tensile Strength, Ultimate', '620 MPa', '89900 psi', '']","['Tensile Strength, Yield', '550 MPa@Strain 0.200 %', '79800 psi@Strain 0.200 %', '']","['Elongation at Break', '2.0 %', '2.0 %', '']"
"Tungsten, W; Hard Unalloyed","['Tungsten, W', '99.95 %', '99.95 %', '']","['Tensile Strength, Ultimate', '1862 MPa', '270100 psi', '']","['Tensile Strength, Yield', '760 MPa@Strain 0.200 %', '110000 psi@Strain 0.200 %', '']","['Elongation at Break', '0.00 %', '0.00 %', '']"
WNiCu Class 1 Tungsten Alloy,"['Copper, Cu', '4.0 %', '4.0 %', '']","['Tensile Strength, Ultimate', '755 MPa', '110000 psi', '']","['Tensile Strength, Yield', '605 MPa@Strain 0.200 %', '87700 psi@Strain 0.200 %', '']","['Elongation at Break', '6.0 %', '6.0 %', '']"
WNiCu Class 1 Tungsten Alloy,"['Nickel, Ni', '6.0 %', '6.0 %', '']","['Tensile Strength, Ultimate', '755 MPa', '110000 psi', '']","['Tensile Strength, Yield', '605 MPa@Strain 0.200 %', '87700 psi@Strain 0.200 %', '']","['Elongation at Break', '6.0 %', '6.0 %', '']"
WNiCu Class 1 Tungsten Alloy,"['Tungsten, W', '90 %', '90 %', 'As balance']","['Tensile Strength, Ultimate', '755 MPa', '110000 psi', '']","['Tensile Strength, Yield', '605 MPa@Strain 0.200 %', '87700 psi@Strain 0.200 %', '']","['Elongation at Break', '6.0 %', '6.0 %', '']"
WNiFe Class 1 Tungsten Alloy,"['Iron, Fe', '3.0 %', '3.0 %', '']","['Tensile Strength, Ultimate', '895 MPa', '130000 psi', '']","['Tensile Strength, Yield', '615 MPa@Strain 0.200 %', '89200 psi@Strain 0.200 %', '']","['Elongation at Break', '10 %', '10 %', '']"
WNiFe Class 1 Tungsten Alloy,"['Nickel, Ni', '7.0 %', '7.0 %', '']","['Tensile Strength, Ultimate', '895 MPa', '130000 psi', '']","['Tensile Strength, Yield', '615 MPa@Strain 0.200 %', '89200 psi@Strain 0.200 %', '']","['Elongation at Break', '10 %', '10 %', '']"
WNiFe Class 1 Tungsten Alloy,"['Tungsten, W', '90 %', '90 %', 'As balance']","['Tensile Strength, Ultimate', '895 MPa', '130000 psi', '']","['Tensile Strength, Yield', '615 MPa@Strain 0.200 %', '89200 psi@Strain 0.200 %', '']","['Elongation at Break', '10 %', '10 %', '']"
WNiFe Class 2 Tungsten Alloy,"['Iron, Fe', '2.25 %', '2.25 %', '']","['Tensile Strength, Ultimate', '786 MPa', '114000 psi', '']","['Tensile Strength, Yield', '579 MPa@Strain 0.200 %', '84000 psi@Strain 0.200 %', '']","['Elongation at Break', '7.0 %', '7.0 %', '']"
WNiFe Class 2 Tungsten Alloy,"['Nickel, Ni', '5.25 %', '5.25 %', '']","['Tensile Strength, Ultimate', '786 MPa', '114000 psi', '']","['Tensile Strength, Yield', '579 MPa@Strain 0.200 %', '84000 psi@Strain 0.200 %', '']","['Elongation at Break', '7.0 %', '7.0 %', '']"
WNiFe Class 2 Tungsten Alloy,"['Tungsten, W', '92.5 %', '92.5 %', 'As balance']","['Tensile Strength, Ultimate', '786 MPa', '114000 psi', '']","['Tensile Strength, Yield', '579 MPa@Strain 0.200 %', '84000 psi@Strain 0.200 %', '']","['Elongation at Break', '7.0 %', '7.0 %', '']"
WNiCu Class 3 Tungsten Alloy,"['Copper, Cu', '1.5 %', '1.5 %', '']","['Tensile Strength, Ultimate', '758 MPa', '110000 psi', '']","['Tensile Strength, Yield', '586 MPa@Strain 0.200 %', '85000 psi@Strain 0.200 %', '']","['Elongation at Break', '7.0 %', '7.0 %', '']"
WNiCu Class 3 Tungsten Alloy,"['Nickel, Ni', '3.5 %', '3.5 %', '']","['Tensile Strength, Ultimate', '758 MPa', '110000 psi', '']","['Tensile Strength, Yield', '586 MPa@Strain 0.200 %', '85000 psi@Strain 0.200 %', '']","['Elongation at Break', '7.0 %', '7.0 %', '']"
WNiCu Class 3 Tungsten Alloy,"['Tungsten, W', '95 %', '95 %', 'As balance']","['Tensile Strength, Ultimate', '758 MPa', '110000 psi', '']","['Tensile Strength, Yield', '586 MPa@Strain 0.200 %', '85000 psi@Strain 0.200 %', '']","['Elongation at Break', '7.0 %', '7.0 %', '']"
WNiFe Class 3 Tungsten Alloy,"['Iron, Fe', '1.5 %', '1.5 %', '']","['Tensile Strength, Ultimate', '827 MPa', '120000 psi', '']","['Tensile Strength, Yield', '621 MPa@Strain 0.200 %', '90100 psi@Strain 0.200 %', '']","['Elongation at Break', '7.0 %', '7.0 %', '']"
WNiFe Class 3 Tungsten Alloy,"['Nickel, Ni', '3.5 %', '3.5 %', '']","['Tensile Strength, Ultimate', '827 MPa', '120000 psi', '']","['Tensile Strength, Yield', '621 MPa@Strain 0.200 %', '90100 psi@Strain 0.200 %', '']","['Elongation at Break', '7.0 %', '7.0 %', '']"
WNiFe Class 3 Tungsten Alloy,"['Tungsten, W', '95 %', '95 %', 'As balance']","['Tensile Strength, Ultimate', '827 MPa', '120000 psi', '']","['Tensile Strength, Yield', '621 MPa@Strain 0.200 %', '90100 psi@Strain 0.200 %', '']","['Elongation at Break', '7.0 %', '7.0 %', '']"
WNiCu Class 4 Tungsten Alloy,"['Copper, Cu', '0.90 %', '0.90 %', '']","['Tensile Strength, Ultimate', '848 MPa', '123000 psi', '']","['Tensile Strength, Yield', '586 MPa@Strain 0.200 %', '85000 psi@Strain 0.200 %', '']","['Elongation at Break', '5.0 %', '5.0 %', '']"
WNiCu Class 4 Tungsten Alloy,"['Nickel, Ni', '2.1 %', '2.1 %', '']","['Tensile Strength, Ultimate', '848 MPa', '123000 psi', '']","['Tensile Strength, Yield', '586 MPa@Strain 0.200 %', '85000 psi@Strain 0.200 %', '']","['Elongation at Break', '5.0 %', '5.0 %', '']"
WNiCu Class 4 Tungsten Alloy,"['Tungsten, W', '97 %', '97 %', 'As balance']","['Tensile Strength, Ultimate', '848 MPa', '123000 psi', '']","['Tensile Strength, Yield', '586 MPa@Strain 0.200 %', '85000 psi@Strain 0.200 %', '']","['Elongation at Break', '5.0 %', '5.0 %', '']"
W2Mo Tungsten Alloy,"['Molybdenum, Mo', '2.0 %', '2.0 %', '']","['Tensile Strength, Ultimate', '965 MPa', '140000 psi', '']","['Tensile Strength, Yield', '750 MPa@Strain 0.200 %', '109000 psi@Strain 0.200 %', '']","['Elongation at Break', '3.0 %', '3.0 %', '']"
W2Mo Tungsten Alloy,"['Tungsten, W', '98 %', '98 %', 'As balance']","['Tensile Strength, Ultimate', '965 MPa', '140000 psi', '']","['Tensile Strength, Yield', '750 MPa@Strain 0.200 %', '109000 psi@Strain 0.200 %', '']","['Elongation at Break', '3.0 %', '3.0 %', '']"
W15Mo Tungsten Alloy,"['Molybdenum, Mo', '15 %', '15 %', '']","['Tensile Strength, Ultimate', '980 MPa', '142000 psi', '']","['Tensile Strength, Yield', '740 MPa@Strain 0.200 %', '107000 psi@Strain 0.200 %', '']","['Elongation at Break', '7.0 %', '7.0 %', '']"
W15Mo Tungsten Alloy,"['Tungsten, W', '85 %', '85 %', 'As balance']","['Tensile Strength, Ultimate', '980 MPa', '142000 psi', '']","['Tensile Strength, Yield', '740 MPa@Strain 0.200 %', '107000 psi@Strain 0.200 %', '']","['Elongation at Break', '7.0 %', '7.0 %', '']"
Tungsten Alloy A90,"['Iron, Fe', '5.0 %', '5.0 %', 'from NiFe binder']","['Tensile Strength, Ultimate', '981 MPa', '142000 psi', '']","['Tensile Strength, Yield', '784 MPa', '114000 psi', '']","['Elongation at Break', '30 %', '30 %', 'in 25 mm']"
Tungsten Alloy A90,"['Nickel, Ni', '5.0 %', '5.0 %', 'from NiFe binder']","['Tensile Strength, Ultimate', '981 MPa', '142000 psi', '']","['Tensile Strength, Yield', '784 MPa', '114000 psi', '']","['Elongation at Break', '30 %', '30 %', 'in 25 mm']"
Tungsten Alloy A90,"['Tungsten, W', '90 %', '90 %', '']","['Tensile Strength, Ultimate', '981 MPa', '142000 psi', '']","['Tensile Strength, Yield', '784 MPa', '114000 psi', '']","['Elongation at Break', '30 %', '30 %', 'in 25 mm']"
Tungsten Alloy A90S,"['Iron, Fe', '5.0 %', '5.0 %', 'from NiFe binder']","['Tensile Strength, Ultimate', '1324 MPa', '192000 psi', '']","['Tensile Strength, Yield', '1226 MPa', '177800 psi', '']","['Elongation at Break', '10 %', '10 %', 'in 25 mm']"
Tungsten Alloy A90S,"['Nickel, Ni', '5.0 %', '5.0 %', 'from NiFe binder']","['Tensile Strength, Ultimate', '1324 MPa', '192000 psi', '']","['Tensile Strength, Yield', '1226 MPa', '177800 psi', '']","['Elongation at Break', '10 %', '10 %', 'in 25 mm']"
Tungsten Alloy A90S,"['Tungsten, W', '90 %', '90 %', '']","['Tensile Strength, Ultimate', '1324 MPa', '192000 psi', '']","['Tensile Strength, Yield', '1226 MPa', '177800 psi', '']","['Elongation at Break', '10 %', '10 %', 'in 25 mm']"
Tungsten Alloy A93,"['Iron, Fe', '3.5 %', '3.5 %', 'from NiFe binder']","['Tensile Strength, Ultimate', '932 MPa', '135000 psi', '']","['Tensile Strength, Yield', '784 MPa', '114000 psi', '']","['Elongation at Break', '20 %', '20 %', 'in 25 mm']"
Tungsten Alloy A93,"['Nickel, Ni', '3.5 %', '3.5 %', 'from NiFe binder']","['Tensile Strength, Ultimate', '932 MPa', '135000 psi', '']","['Tensile Strength, Yield', '784 MPa', '114000 psi', '']","['Elongation at Break', '20 %', '20 %', 'in 25 mm']"
Tungsten Alloy A93,"['Tungsten, W', '93 %', '93 %', '']","['Tensile Strength, Ultimate', '932 MPa', '135000 psi', '']","['Tensile Strength, Yield', '784 MPa', '114000 psi', '']","['Elongation at Break', '20 %', '20 %', 'in 25 mm']"
Tungsten Alloy A93S,"['Iron, Fe', '3.5 %', '3.5 %', 'from NiFe binder']","['Tensile Strength, Ultimate', '1275 MPa', '184900 psi', '']","['Tensile Strength, Yield', '1177 MPa', '170700 psi', '']","['Elongation at Break', '8.0 %', '8.0 %', 'in 25 mm']"
Tungsten Alloy A93S,"['Nickel, Ni', '3.5 %', '3.5 %', 'from NiFe binder']","['Tensile Strength, Ultimate', '1275 MPa', '184900 psi', '']","['Tensile Strength, Yield', '1177 MPa', '170700 psi', '']","['Elongation at Break', '8.0 %', '8.0 %', 'in 25 mm']"
Tungsten Alloy A93S,"['Tungsten, W', '93 %', '93 %', '']","['Tensile Strength, Ultimate', '1275 MPa', '184900 psi', '']","['Tensile Strength, Yield', '1177 MPa', '170700 psi', '']","['Elongation at Break', '8.0 %', '8.0 %', 'in 25 mm']"
Tungsten Alloy A95,"['Iron, Fe', '2.5 %', '2.5 %', 'from NiFe binder']","['Tensile Strength, Ultimate', '912 MPa', '132000 psi', '']","['Tensile Strength, Yield', '755 MPa', '110000 psi', '']","['Elongation at Break', '15 %', '15 %', 'in 25 mm']"
Tungsten Alloy A95,"['Nickel, Ni', '2.5 %', '2.5 %', 'from NiFe binder']","['Tensile Strength, Ultimate', '912 MPa', '132000 psi', '']","['Tensile Strength, Yield', '755 MPa', '110000 psi', '']","['Elongation at Break', '15 %', '15 %', 'in 25 mm']"
Tungsten Alloy A95,"['Tungsten, W', '95 %', '95 %', '']","['Tensile Strength, Ultimate', '912 MPa', '132000 psi', '']","['Tensile Strength, Yield', '755 MPa', '110000 psi', '']","['Elongation at Break', '15 %', '15 %', 'in 25 mm']"
Tungsten Alloy A95S,"['Iron, Fe', '2.5 %', '2.5 %', 'from NiFe binder']","['Tensile Strength, Ultimate', '1275 MPa', '184900 psi', '']","['Tensile Strength, Yield', '1236 MPa', '179300 psi', '']","['Elongation at Break', '5.0 %', '5.0 %', 'in 25 mm']"
Tungsten Alloy A95S,"['Nickel, Ni', '2.5 %', '2.5 %', 'from NiFe binder']","['Tensile Strength, Ultimate', '1275 MPa', '184900 psi', '']","['Tensile Strength, Yield', '1236 MPa', '179300 psi', '']","['Elongation at Break', '5.0 %', '5.0 %', 'in 25 mm']"
Tungsten Alloy A95S,"['Tungsten, W', '95 %', '95 %', '']","['Tensile Strength, Ultimate', '1275 MPa', '184900 psi', '']","['Tensile Strength, Yield', '1236 MPa', '179300 psi', '']","['Elongation at Break', '5.0 %', '5.0 %', 'in 25 mm']"
Tungsten Alloy A97,"['Iron, Fe', '1.5 %', '1.5 %', 'from NiFe binder']","['Tensile Strength, Ultimate', '882 MPa', '128000 psi', '']","['Tensile Strength, Yield', '735 MPa', '107000 psi', '']","['Elongation at Break', '5.0 %', '5.0 %', 'in 25 mm']"
Tungsten Alloy A97,"['Nickel, Ni', '1.5 %', '1.5 %', 'from NiFe binder']","['Tensile Strength, Ultimate', '882 MPa', '128000 psi', '']","['Tensile Strength, Yield', '735 MPa', '107000 psi', '']","['Elongation at Break', '5.0 %', '5.0 %', 'in 25 mm']"
Tungsten Alloy A97,"['Tungsten, W', '97 %', '97 %', '']","['Tensile Strength, Ultimate', '882 MPa', '128000 psi', '']","['Tensile Strength, Yield', '735 MPa', '107000 psi', '']","['Elongation at Break', '5.0 %', '5.0 %', 'in 25 mm']"
"MarkeTech 91-6-3 Tungsten Alloy, AMS-T-21014 Class 1
      
       (discontinued **)","['Iron, Fe', '3 %', '3 %', '']","['Tensile Strength, Ultimate', '900 - 1000 MPa', '131000 - 145000 psi', 'Sintered Only']","['Tensile Strength, Yield', '900 - 1100 MPa', '131000 - 160000 psi', 'Swaged after Sintering']","['Elongation at Break', '8.0 - 18 %', '8.0 - 18 %', 'Swaged after Sintering']"
"MarkeTech 91-6-3 Tungsten Alloy, AMS-T-21014 Class 1
      
       (discontinued **)","['Nickel, Ni', '6 %', '6 %', '']","['Tensile Strength, Ultimate', '900 - 1000 MPa', '131000 - 145000 psi', 'Sintered Only']","['Tensile Strength, Yield', '900 - 1100 MPa', '131000 - 160000 psi', 'Swaged after Sintering']","['Elongation at Break', '8.0 - 18 %', '8.0 - 18 %', 'Swaged after Sintering']"
"MarkeTech 91-6-3 Tungsten Alloy, AMS-T-21014 Class 1
      
       (discontinued **)","['Tungsten, W', '91 %', '91 %', '']","['Tensile Strength, Ultimate', '900 - 1000 MPa', '131000 - 145000 psi', 'Sintered Only']","['Tensile Strength, Yield', '900 - 1100 MPa', '131000 - 160000 psi', 'Swaged after Sintering']","['Elongation at Break', '8.0 - 18 %', '8.0 - 18 %', 'Swaged after Sintering']"
"MarkeTech 92-5-3 Tungsten Alloy, AMS-T-21014 Class 2
      
       (discontinued **)","['Iron, Fe', '3 %', '3 %', '']","['Tensile Strength, Ultimate', '900 - 1100 MPa', '131000 - 160000 psi', 'Sintered Only']","['Tensile Strength, Yield', '900 - 1100 MPa', '131000 - 160000 psi', 'Swaged after Sintering']","['Elongation at Break', '8.0 - 18 %', '8.0 - 18 %', 'Swaged after Sintering']"
"MarkeTech 92-5-3 Tungsten Alloy, AMS-T-21014 Class 2
      
       (discontinued **)","['Nickel, Ni', '5 %', '5 %', '']","['Tensile Strength, Ultimate', '900 - 1100 MPa', '131000 - 160000 psi', 'Sintered Only']","['Tensile Strength, Yield', '900 - 1100 MPa', '131000 - 160000 psi', 'Swaged after Sintering']","['Elongation at Break', '8.0 - 18 %', '8.0 - 18 %', 'Swaged after Sintering']"
"MarkeTech 92-5-3 Tungsten Alloy, AMS-T-21014 Class 2
      
       (discontinued **)","['Tungsten, W', '92 %', '92 %', '']","['Tensile Strength, Ultimate', '900 - 1100 MPa', '131000 - 160000 psi', 'Sintered Only']","['Tensile Strength, Yield', '900 - 1100 MPa', '131000 - 160000 psi', 'Swaged after Sintering']","['Elongation at Break', '8.0 - 18 %', '8.0 - 18 %', 'Swaged after Sintering']"
"MarkeTech 93-4-3 Tungsten Alloy, AMS-T-21014 Class 2
      
       (discontinued **)","['Iron, Fe', '3 %', '3 %', '']","['Tensile Strength, Ultimate', '900 - 1100 MPa', '131000 - 160000 psi', 'Sintered Only']","['Tensile Strength, Yield', '900 - 1100 MPa', '131000 - 160000 psi', 'Swaged after Sintering']","['Elongation at Break', '7.0 - 18 %', '7.0 - 18 %', 'Swaged after Sintering']"
"MarkeTech 93-4-3 Tungsten Alloy, AMS-T-21014 Class 2
      
       (discontinued **)","['Nickel, Ni', '4 %', '4 %', '']","['Tensile Strength, Ultimate', '900 - 1100 MPa', '131000 - 160000 psi', 'Sintered Only']","['Tensile Strength, Yield', '900 - 1100 MPa', '131000 - 160000 psi', 'Swaged after Sintering']","['Elongation at Break', '7.0 - 18 %', '7.0 - 18 %', 'Swaged after Sintering']"
"MarkeTech 93-4-3 Tungsten Alloy, AMS-T-21014 Class 2
      
       (discontinued **)","['Tungsten, W', '93 %', '93 %', '']","['Tensile Strength, Ultimate', '900 - 1100 MPa', '131000 - 160000 psi', 'Sintered Only']","['Tensile Strength, Yield', '900 - 1100 MPa', '131000 - 160000 psi', 'Swaged after Sintering']","['Elongation at Break', '7.0 - 18 %', '7.0 - 18 %', 'Swaged after Sintering']"
"MarkeTech 95-3-2 Tungsten Alloy, AMS-T-21014 Class 3
      
       (discontinued **)","['Iron, Fe', '2 %', '2 %', '']","['Tensile Strength, Ultimate', '920 - 1100 MPa', '133000 - 160000 psi', 'Sintered Only']","['Tensile Strength, Yield', '850 - 1050 MPa', '123000 - 152000 psi', 'Swaged after Sintering']","['Elongation at Break', '6.0 - 12 %', '6.0 - 12 %', 'Swaged after Sintering']"
"MarkeTech 95-3-2 Tungsten Alloy, AMS-T-21014 Class 3
      
       (discontinued **)","['Nickel, Ni', '3 %', '3 %', '']","['Tensile Strength, Ultimate', '920 - 1100 MPa', '133000 - 160000 psi', 'Sintered Only']","['Tensile Strength, Yield', '850 - 1050 MPa', '123000 - 152000 psi', 'Swaged after Sintering']","['Elongation at Break', '6.0 - 12 %', '6.0 - 12 %', 'Swaged after Sintering']"
"MarkeTech 95-3-2 Tungsten Alloy, AMS-T-21014 Class 3
      
       (discontinued **)","['Tungsten, W', '95 %', '95 %', '']","['Tensile Strength, Ultimate', '920 - 1100 MPa', '133000 - 160000 psi', 'Sintered Only']","['Tensile Strength, Yield', '850 - 1050 MPa', '123000 - 152000 psi', 'Swaged after Sintering']","['Elongation at Break', '6.0 - 12 %', '6.0 - 12 %', 'Swaged after Sintering']"
"MarkeTech 96-3-1 Tungsten Alloy, AMS-T-21014 Class 3
      
       (discontinued **)","['Iron, Fe', '1 %', '1 %', '']","['Tensile Strength, Ultimate', '920 - 1100 MPa', '133000 - 160000 psi', 'Sintered Only']","['Tensile Strength, Yield', '800 - 1050 MPa', '116000 - 152000 psi', 'Swaged after Sintering']","['Elongation at Break', '3 - 8 %', '3 - 8 %', 'Swaged after Sintering']"
"MarkeTech 96-3-1 Tungsten Alloy, AMS-T-21014 Class 3
      
       (discontinued **)","['Nickel, Ni', '3 %', '3 %', '']","['Tensile Strength, Ultimate', '920 - 1100 MPa', '133000 - 160000 psi', 'Sintered Only']","['Tensile Strength, Yield', '800 - 1050 MPa', '116000 - 152000 psi', 'Swaged after Sintering']","['Elongation at Break', '3 - 8 %', '3 - 8 %', 'Swaged after Sintering']"
"MarkeTech 96-3-1 Tungsten Alloy, AMS-T-21014 Class 3
      
       (discontinued **)","['Tungsten, W', '96 %', '96 %', '']","['Tensile Strength, Ultimate', '920 - 1100 MPa', '133000 - 160000 psi', 'Sintered Only']","['Tensile Strength, Yield', '800 - 1050 MPa', '116000 - 152000 psi', 'Swaged after Sintering']","['Elongation at Break', '3 - 8 %', '3 - 8 %', 'Swaged after Sintering']"
"MarkeTech 97-2-1 Tungsten Alloy, AMS-T-21014 Class 4
      
       (discontinued **)","['Iron, Fe', '1 %', '1 %', '']","['Tensile Strength, Ultimate', '920 - 1100 MPa', '133000 - 160000 psi', 'Sintered Only']","['Tensile Strength, Yield', '750 - 1050 MPa', '109000 - 152000 psi', 'Swaged after Sintering']","['Elongation at Break', '2 - 7 %', '2 - 7 %', 'Swaged after Sintering']"
"MarkeTech 97-2-1 Tungsten Alloy, AMS-T-21014 Class 4
      
       (discontinued **)","['Nickel, Ni', '2 %', '2 %', '']","['Tensile Strength, Ultimate', '920 - 1100 MPa', '133000 - 160000 psi', 'Sintered Only']","['Tensile Strength, Yield', '750 - 1050 MPa', '109000 - 152000 psi', 'Swaged after Sintering']","['Elongation at Break', '2 - 7 %', '2 - 7 %', 'Swaged after Sintering']"
"MarkeTech 97-2-1 Tungsten Alloy, AMS-T-21014 Class 4
      
       (discontinued **)","['Tungsten, W', '97 %', '97 %', '']","['Tensile Strength, Ultimate', '920 - 1100 MPa', '133000 - 160000 psi', 'Sintered Only']","['Tensile Strength, Yield', '750 - 1050 MPa', '109000 - 152000 psi', 'Swaged after Sintering']","['Elongation at Break', '2 - 7 %', '2 - 7 %', 'Swaged after Sintering']"
NAECO® NAECOMET® 1000 AMS-T-21014 AMS-7725 ASTM B777 High Density Machinable Tungsten,"['Copper, Cu', '4.0 %', '4.0 %', '']","['Tensile Strength, Ultimate', '772 MPa', '112000 psi', '']","['Tensile Strength, Yield', '517 MPa', '75000 psi', '']","['Elongation at Break', '6.0 %', '6.0 %', '']"
NAECO® NAECOMET® 1000 AMS-T-21014 AMS-7725 ASTM B777 High Density Machinable Tungsten,"['Nickel, Ni', '6.0 %', '6.0 %', '']","['Tensile Strength, Ultimate', '772 MPa', '112000 psi', '']","['Tensile Strength, Yield', '517 MPa', '75000 psi', '']","['Elongation at Break', '6.0 %', '6.0 %', '']"
NAECO® NAECOMET® 1000 AMS-T-21014 AMS-7725 ASTM B777 High Density Machinable Tungsten,"['Tungsten, W', '90 %', '90 %', '']","['Tensile Strength, Ultimate', '772 MPa', '112000 psi', '']","['Tensile Strength, Yield', '517 MPa', '75000 psi', '']","['Elongation at Break', '6.0 %', '6.0 %', '']"
NAECO® NAECOMET® 2000 AMS-T-21014 ASTM B777 High Density Machinable Tungsten,"['Copper, Cu', '1.5 %', '1.5 %', '']","['Tensile Strength, Ultimate', '758 MPa', '110000 psi', '']","['Tensile Strength, Yield', '586 MPa', '85000 psi', '']","['Elongation at Break', '5.0 %', '5.0 %', '']"
NAECO® NAECOMET® 2000 AMS-T-21014 ASTM B777 High Density Machinable Tungsten,"['Nickel, Ni', '3.5 %', '3.5 %', '']","['Tensile Strength, Ultimate', '758 MPa', '110000 psi', '']","['Tensile Strength, Yield', '586 MPa', '85000 psi', '']","['Elongation at Break', '5.0 %', '5.0 %', '']"
NAECO® NAECOMET® 2000 AMS-T-21014 ASTM B777 High Density Machinable Tungsten,"['Tungsten, W', '95 %', '95 %', '']","['Tensile Strength, Ultimate', '758 MPa', '110000 psi', '']","['Tensile Strength, Yield', '586 MPa', '85000 psi', '']","['Elongation at Break', '5.0 %', '5.0 %', '']"
NAECO® NAECOMET® 3000 AMS-T-21014 AMS-7725 High Density Machinable Tungsten,"['Copper, Cu', '3.0 %', '3.0 %', '']","['Tensile Strength, Ultimate', '862 MPa', '125000 psi', '']","['Tensile Strength, Yield', '607 MPa', '88000 psi', '']","['Elongation at Break', '18 %', '18 %', '']"
NAECO® NAECOMET® 3000 AMS-T-21014 AMS-7725 High Density Machinable Tungsten,"['Nickel, Ni', '7.0 %', '7.0 %', '']","['Tensile Strength, Ultimate', '862 MPa', '125000 psi', '']","['Tensile Strength, Yield', '607 MPa', '88000 psi', '']","['Elongation at Break', '18 %', '18 %', '']"
NAECO® NAECOMET® 3000 AMS-T-21014 AMS-7725 High Density Machinable Tungsten,"['Tungsten, W', '90 %', '90 %', '']","['Tensile Strength, Ultimate', '862 MPa', '125000 psi', '']","['Tensile Strength, Yield', '607 MPa', '88000 psi', '']","['Elongation at Break', '18 %', '18 %', '']"
NAECO® NAECOMET® 3950 AMS-T-21014 ASTM B777 High Density Machinable Tungsten,"['Iron, Fe', '1.5 %', '1.5 %', '']","['Tensile Strength, Ultimate', '896 MPa', '130000 psi', '']","['Tensile Strength, Yield', '621 MPa', '90100 psi', '']","['Elongation at Break', '15 %', '15 %', '']"
NAECO® NAECOMET® 3950 AMS-T-21014 ASTM B777 High Density Machinable Tungsten,"['Nickel, Ni', '3.5 %', '3.5 %', '']","['Tensile Strength, Ultimate', '896 MPa', '130000 psi', '']","['Tensile Strength, Yield', '621 MPa', '90100 psi', '']","['Elongation at Break', '15 %', '15 %', '']"
NAECO® NAECOMET® 3950 AMS-T-21014 ASTM B777 High Density Machinable Tungsten,"['Tungsten, W', '95 %', '95 %', '']","['Tensile Strength, Ultimate', '896 MPa', '130000 psi', '']","['Tensile Strength, Yield', '621 MPa', '90100 psi', '']","['Elongation at Break', '15 %', '15 %', '']"
NAECO® NAECOMET® 3970 AMS-T-21014 ASTM B777 High Density Machinable Tungsten,"['Iron, Fe', '0.90 %', '0.90 %', '']","['Tensile Strength, Ultimate', '862 MPa', '125000 psi', '']","['Tensile Strength, Yield', '486 MPa', '70500 psi', '']","['Elongation at Break', '8.0 %', '8.0 %', '']"
NAECO® NAECOMET® 3970 AMS-T-21014 ASTM B777 High Density Machinable Tungsten,"['Nickel, Ni', '2.1 %', '2.1 %', '']","['Tensile Strength, Ultimate', '862 MPa', '125000 psi', '']","['Tensile Strength, Yield', '486 MPa', '70500 psi', '']","['Elongation at Break', '8.0 %', '8.0 %', '']"
NAECO® NAECOMET® 3970 AMS-T-21014 ASTM B777 High Density Machinable Tungsten,"['Tungsten, W', '97 %', '97 %', '']","['Tensile Strength, Ultimate', '862 MPa', '125000 psi', '']","['Tensile Strength, Yield', '486 MPa', '70500 psi', '']","['Elongation at Break', '8.0 %', '8.0 %', '']"
Astaras ANVILOY® 1150 Tungsten Based High Temp Alloy,"['Iron, Fe', '2.0 %', '2.0 %', '']","['Tensile Strength, Ultimate', '517 MPa@Temperature 816 °C', '75000 psi@Temperature 1500 °F', '']","['Tensile Strength, Yield', '650 MPa', '94300 psi', '']","['Elongation at Break', '>= 10 %', '>= 10 %', 'in 2 in (51 mm)']"
Astaras ANVILOY® 1150 Tungsten Based High Temp Alloy,"['Molybdenum, Mo', '4.0 %', '4.0 %', '']","['Tensile Strength, Ultimate', '517 MPa@Temperature 816 °C', '75000 psi@Temperature 1500 °F', '']","['Tensile Strength, Yield', '650 MPa', '94300 psi', '']","['Elongation at Break', '>= 10 %', '>= 10 %', 'in 2 in (51 mm)']"
Astaras ANVILOY® 1150 Tungsten Based High Temp Alloy,"['Nickel, Ni', '4.0 %', '4.0 %', '']","['Tensile Strength, Ultimate', '517 MPa@Temperature 816 °C', '75000 psi@Temperature 1500 °F', '']","['Tensile Strength, Yield', '650 MPa', '94300 psi', '']","['Elongation at Break', '>= 10 %', '>= 10 %', 'in 2 in (51 mm)']"
Astaras ANVILOY® 1150 Tungsten Based High Temp Alloy,"['Tungsten, W', '90 %', '90 %', '']","['Tensile Strength, Ultimate', '517 MPa@Temperature 816 °C', '75000 psi@Temperature 1500 °F', '']","['Tensile Strength, Yield', '650 MPa', '94300 psi', '']","['Elongation at Break', '>= 10 %', '>= 10 %', 'in 2 in (51 mm)']"
"CMW® 1000 AMS-T-21014 AMS-7725 ASTM B777 High Density Machinable Tungsten
      
       (discontinued **)","['Copper, Cu', '4.0 %', '4.0 %', '']","['Tensile Strength, Ultimate', '772 MPa', '112000 psi', '']","['Tensile Strength, Yield', '517 MPa', '75000 psi', '']","['Elongation at Break', '6.0 %', '6.0 %', '']"
"CMW® 1000 AMS-T-21014 AMS-7725 ASTM B777 High Density Machinable Tungsten
      
       (discontinued **)","['Nickel, Ni', '6.0 %', '6.0 %', '']","['Tensile Strength, Ultimate', '772 MPa', '112000 psi', '']","['Tensile Strength, Yield', '517 MPa', '75000 psi', '']","['Elongation at Break', '6.0 %', '6.0 %', '']"
"CMW® 1000 AMS-T-21014 AMS-7725 ASTM B777 High Density Machinable Tungsten
      
       (discontinued **)","['Tungsten, W', '90 %', '90 %', '']","['Tensile Strength, Ultimate', '772 MPa', '112000 psi', '']","['Tensile Strength, Yield', '517 MPa', '75000 psi', '']","['Elongation at Break', '6.0 %', '6.0 %', '']"
"CMW® 2000 AMS-T-21014 ASTM B777 High Density Machinable Tungsten
      
       (discontinued **)","['Copper, Cu', '1.5 %', '1.5 %', '']","['Tensile Strength, Ultimate', '758 MPa', '110000 psi', '']","['Tensile Strength, Yield', '586 MPa', '85000 psi', '']","['Elongation at Break', '5.0 %', '5.0 %', '']"
"CMW® 2000 AMS-T-21014 ASTM B777 High Density Machinable Tungsten
      
       (discontinued **)","['Nickel, Ni', '3.5 %', '3.5 %', '']","['Tensile Strength, Ultimate', '758 MPa', '110000 psi', '']","['Tensile Strength, Yield', '586 MPa', '85000 psi', '']","['Elongation at Break', '5.0 %', '5.0 %', '']"
"CMW® 2000 AMS-T-21014 ASTM B777 High Density Machinable Tungsten
      
       (discontinued **)","['Tungsten, W', '95 %', '95 %', '']","['Tensile Strength, Ultimate', '758 MPa', '110000 psi', '']","['Tensile Strength, Yield', '586 MPa', '85000 psi', '']","['Elongation at Break', '5.0 %', '5.0 %', '']"
"CMW® 3000 AMS-T-21014 AMS-7725 High Density Machinable Tungsten
      
       (discontinued **)","['Copper, Cu', '3.0 %', '3.0 %', '']","['Tensile Strength, Ultimate', '862 MPa', '125000 psi', '']","['Tensile Strength, Yield', '607 MPa', '88000 psi', '']","['Elongation at Break', '18 %', '18 %', '']"
"CMW® 3000 AMS-T-21014 AMS-7725 High Density Machinable Tungsten
      
       (discontinued **)","['Nickel, Ni', '7.0 %', '7.0 %', '']","['Tensile Strength, Ultimate', '862 MPa', '125000 psi', '']","['Tensile Strength, Yield', '607 MPa', '88000 psi', '']","['Elongation at Break', '18 %', '18 %', '']"
"CMW® 3000 AMS-T-21014 AMS-7725 High Density Machinable Tungsten
      
       (discontinued **)","['Tungsten, W', '90 %', '90 %', '']","['Tensile Strength, Ultimate', '862 MPa', '125000 psi', '']","['Tensile Strength, Yield', '607 MPa', '88000 psi', '']","['Elongation at Break', '18 %', '18 %', '']"
"CMW® 3950 AMS-T-21014 ASTM B777 High Density Machinable Tungsten
      
       (discontinued **)","['Iron, Fe', '1.5 %', '1.5 %', '']","['Tensile Strength, Ultimate', '896 MPa', '130000 psi', '']","['Tensile Strength, Yield', '621 MPa', '90100 psi', '']","['Elongation at Break', '15 %', '15 %', '']"
"CMW® 3950 AMS-T-21014 ASTM B777 High Density Machinable Tungsten
      
       (discontinued **)","['Nickel, Ni', '3.5 %', '3.5 %', '']","['Tensile Strength, Ultimate', '896 MPa', '130000 psi', '']","['Tensile Strength, Yield', '621 MPa', '90100 psi', '']","['Elongation at Break', '15 %', '15 %', '']"
"CMW® 3950 AMS-T-21014 ASTM B777 High Density Machinable Tungsten
      
       (discontinued **)","['Tungsten, W', '95 %', '95 %', '']","['Tensile Strength, Ultimate', '896 MPa', '130000 psi', '']","['Tensile Strength, Yield', '621 MPa', '90100 psi', '']","['Elongation at Break', '15 %', '15 %', '']"
"CMW® 3970 AMS-T-21014 ASTM B777 High Density Machinable Tungsten
      
       (discontinued **)","['Iron, Fe', '0.90 %', '0.90 %', '']","['Tensile Strength, Ultimate', '862 MPa', '125000 psi', '']","['Tensile Strength, Yield', '486 MPa', '70500 psi', '']","['Elongation at Break', '8.0 %', '8.0 %', '']"
"CMW® 3970 AMS-T-21014 ASTM B777 High Density Machinable Tungsten
      
       (discontinued **)","['Nickel, Ni', '2.1 %', '2.1 %', '']","['Tensile Strength, Ultimate', '862 MPa', '125000 psi', '']","['Tensile Strength, Yield', '486 MPa', '70500 psi', '']","['Elongation at Break', '8.0 %', '8.0 %', '']"
"CMW® 3970 AMS-T-21014 ASTM B777 High Density Machinable Tungsten
      
       (discontinued **)","['Tungsten, W', '97 %', '97 %', '']","['Tensile Strength, Ultimate', '862 MPa', '125000 psi', '']","['Tensile Strength, Yield', '486 MPa', '70500 psi', '']","['Elongation at Break', '8.0 %', '8.0 %', '']"
Elmet Technologies ET90NM Tungsten Heavy Alloy,"['Iron, Fe', '3.0 %', '3.0 %', '']","['Tensile Strength, Ultimate', '>= 758 MPa', '>= 110000 psi', '']","['Tensile Strength, Yield', '>= 648 MPa', '>= 94000 psi', '']","['Elongation at Break', '>= 2.0 %', '>= 2.0 %', '']"
Elmet Technologies ET90NM Tungsten Heavy Alloy,"['Nickel, Ni', '7.0 %', '7.0 %', '']","['Tensile Strength, Ultimate', '>= 758 MPa', '>= 110000 psi', '']","['Tensile Strength, Yield', '>= 648 MPa', '>= 94000 psi', '']","['Elongation at Break', '>= 2.0 %', '>= 2.0 %', '']"
Elmet Technologies ET90NM Tungsten Heavy Alloy,"['Tungsten, W', '90 %', '90 %', '']","['Tensile Strength, Ultimate', '>= 758 MPa', '>= 110000 psi', '']","['Tensile Strength, Yield', '>= 648 MPa', '>= 94000 psi', '']","['Elongation at Break', '>= 2.0 %', '>= 2.0 %', '']"
Elmet Technologies ET90NM Tungsten Heavy Alloy,['Descriptive Properties'],"['Tensile Strength, Ultimate', '>= 758 MPa', '>= 110000 psi', '']","['Tensile Strength, Yield', '>= 648 MPa', '>= 94000 psi', '']","['Elongation at Break', '>= 2.0 %', '>= 2.0 %', '']"
Elmet Technologies ET90NM Tungsten Heavy Alloy,"['Iron, Fe', '1.1 %', '1.1 %', '']","['Tensile Strength, Ultimate', '>= 758 MPa', '>= 110000 psi', '']","['Tensile Strength, Yield', '>= 648 MPa', '>= 94000 psi', '']","['Elongation at Break', '>= 2.0 %', '>= 2.0 %', '']"
Elmet Technologies ET90NM Tungsten Heavy Alloy,"['Nickel, Ni', '8.9 %', '8.9 %', '']","['Tensile Strength, Ultimate', '>= 758 MPa', '>= 110000 psi', '']","['Tensile Strength, Yield', '>= 648 MPa', '>= 94000 psi', '']","['Elongation at Break', '>= 2.0 %', '>= 2.0 %', '']"
Elmet Technologies ET90NM Tungsten Heavy Alloy,"['Tungsten, W', '90 %', '90 %', '']","['Tensile Strength, Ultimate', '>= 758 MPa', '>= 110000 psi', '']","['Tensile Strength, Yield', '>= 648 MPa', '>= 94000 psi', '']","['Elongation at Break', '>= 2.0 %', '>= 2.0 %', '']"
Elmet Technologies ET90NM Tungsten Heavy Alloy,['Descriptive Properties'],"['Tensile Strength, Ultimate', '>= 758 MPa', '>= 110000 psi', '']","['Tensile Strength, Yield', '>= 648 MPa', '>= 94000 psi', '']","['Elongation at Break', '>= 2.0 %', '>= 2.0 %', '']"
Elmet Technologies ET92.5 Tungsten Heavy Alloy,"['Iron, Fe', '2.2 %', '2.2 %', '']","['Tensile Strength, Ultimate', '>= 758 MPa', '>= 110000 psi', '']","['Tensile Strength, Yield', '>= 648 MPa', '>= 94000 psi', '']","['Elongation at Break', '>= 2.0 %', '>= 2.0 %', '']"
Elmet Technologies ET92.5 Tungsten Heavy Alloy,"['Nickel, Ni', '5.3 %', '5.3 %', '']","['Tensile Strength, Ultimate', '>= 758 MPa', '>= 110000 psi', '']","['Tensile Strength, Yield', '>= 648 MPa', '>= 94000 psi', '']","['Elongation at Break', '>= 2.0 %', '>= 2.0 %', '']"
Elmet Technologies ET92.5 Tungsten Heavy Alloy,"['Tungsten, W', '92.5 %', '92.5 %', '']","['Tensile Strength, Ultimate', '>= 758 MPa', '>= 110000 psi', '']","['Tensile Strength, Yield', '>= 648 MPa', '>= 94000 psi', '']","['Elongation at Break', '>= 2.0 %', '>= 2.0 %', '']"
Elmet Technologies ET92.5 Tungsten Heavy Alloy,['Descriptive Properties'],"['Tensile Strength, Ultimate', '>= 758 MPa', '>= 110000 psi', '']","['Tensile Strength, Yield', '>= 648 MPa', '>= 94000 psi', '']","['Elongation at Break', '>= 2.0 %', '>= 2.0 %', '']"
Elmet Technologies ET92.5NM Tungsten Heavy Alloy,"['Iron, Fe', '0.80 %', '0.80 %', '']","['Tensile Strength, Ultimate', '>= 758 MPa', '>= 110000 psi', '']","['Tensile Strength, Yield', '>= 648 MPa', '>= 94000 psi', '']","['Elongation at Break', '>= 2.0 %', '>= 2.0 %', '']"
Elmet Technologies ET92.5NM Tungsten Heavy Alloy,"['Nickel, Ni', '6.7 %', '6.7 %', '']","['Tensile Strength, Ultimate', '>= 758 MPa', '>= 110000 psi', '']","['Tensile Strength, Yield', '>= 648 MPa', '>= 94000 psi', '']","['Elongation at Break', '>= 2.0 %', '>= 2.0 %', '']"
Elmet Technologies ET92.5NM Tungsten Heavy Alloy,"['Tungsten, W', '92.5 %', '92.5 %', '']","['Tensile Strength, Ultimate', '>= 758 MPa', '>= 110000 psi', '']","['Tensile Strength, Yield', '>= 648 MPa', '>= 94000 psi', '']","['Elongation at Break', '>= 2.0 %', '>= 2.0 %', '']"
Elmet Technologies ET92.5NM Tungsten Heavy Alloy,['Descriptive Properties'],"['Tensile Strength, Ultimate', '>= 758 MPa', '>= 110000 psi', '']","['Tensile Strength, Yield', '>= 648 MPa', '>= 94000 psi', '']","['Elongation at Break', '>= 2.0 %', '>= 2.0 %', '']"
Elmet Technologies ET93 Tungsten Heavy Alloy,"['Iron, Fe', '1.4 %', '1.4 %', '']","['Tensile Strength, Ultimate', '>= 758 MPa', '>= 110000 psi', '']","['Tensile Strength, Yield', '>= 648 MPa', '>= 94000 psi', '']","['Elongation at Break', '>= 2.0 %', '>= 2.0 %', '']"
Elmet Technologies ET93 Tungsten Heavy Alloy,"['Nickel, Ni', '5.6 %', '5.6 %', '']","['Tensile Strength, Ultimate', '>= 758 MPa', '>= 110000 psi', '']","['Tensile Strength, Yield', '>= 648 MPa', '>= 94000 psi', '']","['Elongation at Break', '>= 2.0 %', '>= 2.0 %', '']"
Elmet Technologies ET93 Tungsten Heavy Alloy,"['Tungsten, W', '93 %', '93 %', '']","['Tensile Strength, Ultimate', '>= 758 MPa', '>= 110000 psi', '']","['Tensile Strength, Yield', '>= 648 MPa', '>= 94000 psi', '']","['Elongation at Break', '>= 2.0 %', '>= 2.0 %', '']"
Elmet Technologies ET93 Tungsten Heavy Alloy,['Descriptive Properties'],"['Tensile Strength, Ultimate', '>= 758 MPa', '>= 110000 psi', '']","['Tensile Strength, Yield', '>= 648 MPa', '>= 94000 psi', '']","['Elongation at Break', '>= 2.0 %', '>= 2.0 %', '']"
Elmet Technologies ET95 Tungsten Heavy Alloy,"['Iron, Fe', '1.5 %', '1.5 %', '']","['Tensile Strength, Ultimate', '>= 724 MPa', '>= 105000 psi', '']","['Tensile Strength, Yield', '>= 648 MPa', '>= 94000 psi', '']","['Elongation at Break', '>= 3.0 %', '>= 3.0 %', '']"
Elmet Technologies ET95 Tungsten Heavy Alloy,"['Nickel, Ni', '3.5 %', '3.5 %', '']","['Tensile Strength, Ultimate', '>= 724 MPa', '>= 105000 psi', '']","['Tensile Strength, Yield', '>= 648 MPa', '>= 94000 psi', '']","['Elongation at Break', '>= 3.0 %', '>= 3.0 %', '']"
Elmet Technologies ET95 Tungsten Heavy Alloy,"['Tungsten, W', '95 %', '95 %', '']","['Tensile Strength, Ultimate', '>= 724 MPa', '>= 105000 psi', '']","['Tensile Strength, Yield', '>= 648 MPa', '>= 94000 psi', '']","['Elongation at Break', '>= 3.0 %', '>= 3.0 %', '']"
Elmet Technologies ET95 Tungsten Heavy Alloy,['Descriptive Properties'],"['Tensile Strength, Ultimate', '>= 724 MPa', '>= 105000 psi', '']","['Tensile Strength, Yield', '>= 648 MPa', '>= 94000 psi', '']","['Elongation at Break', '>= 3.0 %', '>= 3.0 %', '']"
Elmet Technologies ET95NM Tungsten Heavy Alloy,"['Iron, Fe', '0.60 %', '0.60 %', '']","['Tensile Strength, Ultimate', '>= 724 MPa', '>= 105000 psi', '']","['Tensile Strength, Yield', '>= 648 MPa', '>= 94000 psi', '']","['Elongation at Break', '>= 3.0 %', '>= 3.0 %', '']"
Elmet Technologies ET95NM Tungsten Heavy Alloy,"['Nickel, Ni', '4.4 %', '4.4 %', '']","['Tensile Strength, Ultimate', '>= 724 MPa', '>= 105000 psi', '']","['Tensile Strength, Yield', '>= 648 MPa', '>= 94000 psi', '']","['Elongation at Break', '>= 3.0 %', '>= 3.0 %', '']"
Elmet Technologies ET95NM Tungsten Heavy Alloy,"['Tungsten, W', '95 %', '95 %', '']","['Tensile Strength, Ultimate', '>= 724 MPa', '>= 105000 psi', '']","['Tensile Strength, Yield', '>= 648 MPa', '>= 94000 psi', '']","['Elongation at Break', '>= 3.0 %', '>= 3.0 %', '']"
Elmet Technologies ET95NM Tungsten Heavy Alloy,['Descriptive Properties'],"['Tensile Strength, Ultimate', '>= 724 MPa', '>= 105000 psi', '']","['Tensile Strength, Yield', '>= 648 MPa', '>= 94000 psi', '']","['Elongation at Break', '>= 3.0 %', '>= 3.0 %', '']"
Elmet Technologies ET97 Tungsten Heavy Alloy,"['Iron, Fe', '0.90 %', '0.90 %', '']","['Tensile Strength, Ultimate', '>= 689 MPa', '>= 99900 psi', '']","['Tensile Strength, Yield', '>= 648 MPa', '>= 94000 psi', '']","['Elongation at Break', '>= 2.0 %', '>= 2.0 %', '']"
Elmet Technologies ET97 Tungsten Heavy Alloy,"['Nickel, Ni', '2.1 %', '2.1 %', '']","['Tensile Strength, Ultimate', '>= 689 MPa', '>= 99900 psi', '']","['Tensile Strength, Yield', '>= 648 MPa', '>= 94000 psi', '']","['Elongation at Break', '>= 2.0 %', '>= 2.0 %', '']"
Elmet Technologies ET97 Tungsten Heavy Alloy,"['Tungsten, W', '97 %', '97 %', '']","['Tensile Strength, Ultimate', '>= 689 MPa', '>= 99900 psi', '']","['Tensile Strength, Yield', '>= 648 MPa', '>= 94000 psi', '']","['Elongation at Break', '>= 2.0 %', '>= 2.0 %', '']"
Elmet Technologies ET97 Tungsten Heavy Alloy,['Descriptive Properties'],"['Tensile Strength, Ultimate', '>= 689 MPa', '>= 99900 psi', '']","['Tensile Strength, Yield', '>= 648 MPa', '>= 94000 psi', '']","['Elongation at Break', '>= 2.0 %', '>= 2.0 %', '']"
H.C. Starck HPM 1700 Tungsten High Density Composite,"['Tungsten, W', '90 %', '90 %', 'Balance - Ni, Fe']","['Tensile Strength, Yield', '>= 520 MPa', '>= 75400 psi', '']","['Elongation at Break', '12 %', '12 %', '']","['Component Elements Properties', 'Metric', 'English', 'Comments']"
H.C. Starck HPM 1710 Tungsten High Density Composite,"['Tungsten, W', '90 %', '90 %', 'Balance - Ni, Fe']","['Tensile Strength, Yield', '>= 520 MPa', '>= 75400 psi', '']","['Elongation at Break', '12 %', '12 %', '']","['Component Elements Properties', 'Metric', 'English', 'Comments']"
H.C. Starck HPM 1701 Tungsten High Density Composite,"['Tungsten, W', '90 %', '90 %', 'Balance - Ni, Cu']","['Tensile Strength, Yield', '>= 520 MPa', '>= 75400 psi', '']","['Elongation at Break', '3.0 %', '3.0 %', '']","['Component Elements Properties', 'Metric', 'English', 'Comments']"
H.C. Starck HPM 1705 Tungsten High Density Composite,"['Tungsten, W', '90 %', '90 %', 'Balance - Ni, Fe, Mo']","['Tensile Strength, Yield', '>= 520 MPa', '>= 75400 psi', '']","['Elongation at Break', '8.0 %', '8.0 %', '']","['Component Elements Properties', 'Metric', 'English', 'Comments']"
H.C. Starck HPM 1750 Tungsten High Density Composite,"['Tungsten, W', '92.5 %', '92.5 %', 'Balance - Ni, Fe']","['Tensile Strength, Yield', '>= 520 MPa', '>= 75400 psi', '']","['Elongation at Break', '14 %', '14 %', '']","['Component Elements Properties', 'Metric', 'English', 'Comments']"
H.C. Starck HPM 1750 Tungsten High Density Composite Sheet,"['Tungsten, W', '92.5 %', '92.5 %', 'Balance - Ni, Fe']","['Tensile Strength, Yield', '>= 520 MPa', '>= 75400 psi', '']","['Elongation at Break', '16 %', '16 %', '']","['Component Elements Properties', 'Metric', 'English', 'Comments']"
H.C. Starck HPM 1751 Tungsten High Density Composite,"['Tungsten, W', '92.5 %', '92.5 %', 'Balance - Ni, Cu']","['Tensile Strength, Yield', '>= 520 MPa', '>= 75400 psi', '']","['Elongation at Break', '3.0 %', '3.0 %', '']","['Component Elements Properties', 'Metric', 'English', 'Comments']"
